,fluxes,reduced_costs
12DGR180ti,0.002257728742744677,0.0
1P4H2CBXLAH,0.0,-0.0
23DHMPO,0.0,-1.3877787807814457e-17
23PDE2,0.0,0.0
23PDE4,0.0,0.0
23PDE7,0.0,0.0
23PDE9,0.0,0.0
26DAPt2r,0.0005644321856861693,0.0
2AHBUTI,0.0,-0.0
2DHPL,0.0,-0.0
2HBO,0.0,-0.0
2HMCOXT,0.0,-0.0
2MBCOATA,0.02598419397496703,-1.734723475976807e-18
2MEBCOADH,1.8448192256228853,0.0
34DHOXPEGOX,0.0,-0.0
34DHPHAt2r,0.0,-0.0
34DHPHEt2,0.0,-0.0011659563096222056
3CARLPDH,0.0,0.0
3HAD10M12,0.02598419397496703,0.0
3HAD11M12,0.02598419397496703,0.0
3HAD12M14,0.02598419397496703,0.0
3HAD13M14,0.02598419397496703,0.0
3HAD14M16,0.02598419397496703,0.0
3HAD15M16,0.02598419397496703,0.0
3HAD4M6,0.02598419397496703,0.0
3HAD5M6,0.02598419397496703,0.0
3HAD6M8,0.02598419397496703,0.0
3HAD7M8,0.02598419397496703,0.0
3HAD8M10,0.02598419397496703,0.0
3HAD9M10,0.02598419397496703,0.0
3HLYTCL,0.0,0.0
3MEBCOADH,-1.8448192256228853,-0.0
3MOBDC2,0.0,0.0
3MOBS,-0.08383308112543712,-0.0
3MOPDC2,0.0,0.0
3MOPt2r,1.0,0.0
3OAR100,0.0,-0.0
3OAR10M11,0.0,-0.0
3OAR10M12,0.02598419397496703,0.0
3OAR11M12,0.02598419397496703,0.0
3OAR120,0.0,-0.0
3OAR12M13,0.0,-0.0
3OAR12M14,0.02598419397496703,0.0
3OAR13M14,0.02598419397496703,0.0
3OAR140,0.0,-0.0
3OAR14M15,0.0,-0.0
3OAR14M16,0.02598419397496703,-6.938893903907228e-18
3OAR15M16,0.02598419397496703,-6.938893903907228e-18
3OAR160,0.0,-0.0
3OAR180,0.0,-0.0
3OAR40,0.0,-0.0
3OAR4M5,0.0,-0.0
3OAR4M6,0.02598419397496703,0.0
3OAR5M6,0.02598419397496703,6.938893903907228e-18
3OAR60,0.0,-0.0
3OAR6M7,0.0,-0.0
3OAR6M8,0.02598419397496703,0.0
3OAR7M8,0.02598419397496703,0.0
3OAR80,0.0,-0.0
3OAR8M10,0.02598419397496703,0.0
3OAR8M9,0.0,-0.0
3OAR9M10,0.02598419397496703,0.0
3OAS100,0.0,-0.01846874794441551
3OAS10M11,0.0,0.0
3OAS10M12,0.02598419397496703,6.938893903907228e-18
3OAS11M12,0.02598419397496703,6.938893903907228e-18
3OAS120,0.0,0.0
3OAS121,0.0,0.0
3OAS12M13,0.0,-0.025371209297378843
3OAS12M14,0.02598419397496703,6.938893903907228e-18
3OAS13M14,0.02598419397496703,6.938893903907228e-18
3OAS140,0.0,0.0
3OAS141,0.0,0.0
3OAS160,0.0,0.0
3OAS161,0.0,0.0
3OAS180,0.0,-0.02537120929737885
3OAS181,0.0,0.0
3OAS2M3,0.0,6.938893903907228e-18
3OAS3M4,0.02598419397496703,6.938893903907228e-18
3OAS4M3O6,0.02598419397496703,6.938893903907228e-18
3OAS4M5,0.0,-0.01846874794441551
3OAS4M6,0.02598419397496703,3.469446951953614e-17
3OAS5M6,0.02598419397496703,6.938893903907228e-18
3OAS60,0.0,-0.02537120929737885
3OAS6M7,0.0,-0.01846874794441551
3OAS6M8,0.02598419397496703,6.938893903907228e-18
3OAS7M8,0.02598419397496703,6.938893903907228e-18
3OAS80,0.0,0.0
3OAS8M10,0.02598419397496703,-6.938893903907228e-18
3OAS8M9,0.0,-0.01846874794441551
3OAS9M10,0.02598419397496703,-6.938893903907228e-18
4ABZt2,0.007443810793465164,0.0
4C2HM6SADH,0.0,0.0
4HBZCL,-0.002481270264488388,-3.469446951953614e-18
4HTHRS,0.0,0.0
4MOPDC2,0.0,-0.03087452307879556
4NTPPH2,0.0,0.0
5AIZCDC,0.0,0.0
5GLUP5T1,0.0,-0.0
5GLUP5T2,0.0,0.0
5HLTDL,0.0,0.0
5HTRPt2,0.0,-0.0011659563096222056
5HXKYNDCL,0.0,0.0
5MTHCYST,0.0,0.0
AACGLYDH,0.0,-0.0
AACOAT,0.0,-0.001865530095395522
AACPS7,0.0,-0.003731060190791037
ABTOXy,0.0,-0.0
ABUTD,0.0,0.0
ABUTR,0.0,-0.0
ACACCTr,-1.9440818732304084,-0.0
ACACT1r,-1.9440818732304084,-0.0
ACACT2r,0.0,-0.0
ACACT3r,0.0,-0.0
ACACT4r,0.0,-0.0
ACACT5r,0.0,-0.0
ACACT6r,0.0,-0.0
ACACT7r,0.0,-0.0
ACACt2,0.0,0.0
ACALDt,0.0,0.0
ACBIPGT,0.002481270264488388,0.0
ACCOACL,0.0,0.0
ACCOAL,0.0,0.0
ACCOALYS2,0.0,0.0
ACCOAT,0.0,-0.0
ACGAMK,0.0,-0.00046638252384886836
ACGAMPM,0.062087540425478614,0.0
ACGAMT,0.0016932965570585078,2.7755575615628914e-17
ACGAMtr2,0.0,-0.0
ACGApts,1.0,0.0
ACGK,0.06540281776263224,0.0
ACGS,0.0,-0.001865530095395522
ACHBPL,0.8053166779861536,0.0
ACKr,-18.116967538734112,-0.0
ACLS_a,0.0,0.0
ACLS_b,0.0,-0.0
ACOAAGPAT140,0.0,0.0
ACOAAGPAT160,0.0,0.0
ACOAAGPAT180,0.010734368244738838,0.0
ACOAAGPATAI15,0.0,0.0
ACOAAGPATAI17,0.012992096987483515,0.0
ACOAAGPATI14,0.0,3.469446951953614e-18
ACOAAGPATI15,0.0,0.0
ACOAAGPATI16,0.0,0.0
ACOAAGPATI17,0.012992096987483515,0.0
ACOAD1,0.0,-0.0
ACOAD1fi,0.0,-0.0016323388334710948
ACOAD20,0.0,-0.030548055312101252
ACOAD8,1.9440818732304084,0.0
ACOADH2,0.0,0.0
ACOATA,0.0,-1.734723475976807e-18
ACOCT,0.0,0.0
ACODAr,0.0,-0.0
ACONT,0.0,-0.0
ACONTa,0.0,0.0
ACONTb,0.0,-0.0
ACOTA,-0.06540281776263224,-0.0
ACPS1,0.002481270264488388,0.0
ACS,0.0,-0.001865530095395522
ACtr,-20.998961871539045,-0.0
ADCL,0.0,-0.036611028122136846
ADCOBASr,0.0,-0.0
ADCPS1,0.0,-0.001865530095395522
ADCPS2,0.0,-0.0263039743450766
ADCS,0.0,0.0
ADCYRS,0.0,-0.02425189124014155
ADD,0.0,-0.0037310601907910024
ADK1,9.222565656904143,0.0
ADK10,-0.005051169601486935,-0.0
ADK11,0.0,0.0
ADK2,0.002481270264488388,0.0
ADK3,0.0,0.0
ADK5,0.0,0.0
ADK7,0.0,0.0
ADK8,-0.003347966339214845,-0.0
ADK9,0.0,0.0
ADMDCr,0.002481270264488388,0.0
ADNCNT3tc,1.0,0.0
ADNCYC,0.0,0.0
ADNK1,0.6445360976215848,3.469446951953614e-18
ADNUC,0.0,-0.001865530095395515
ADOCBIK,0.0,0.0
ADOCBIK2,0.002481270264488388,0.0
ADOCBLS,0.002481270264488388,0.0
ADOCBLabc,0.0,-0.010773436300908955
ADPRDP,0.0,-1.734723475976807e-18
ADPT,0.0,-0.0018655300953954804
ADSELK,0.0,0.0
ADSK,0.0,0.0
ADSL1r,0.9709941359291463,0.0
ADSL2r,0.0,-0.0
ADSS,0.9709941359291463,0.0
AGDC,0.9379124595745214,0.0
AGMT,0.0,0.0
AGPAT120,0.0,0.0
AGPAT140,0.0,0.0
AGPAT141,0.0,0.0
AGPAT160,0.0,0.0
AGPAT161,0.0,0.0
AGPAT180,0.0,0.0
AGPAT181,0.0,0.0
AGPR,-0.06540281776263224,-0.0
AHCYSNS_r,0.009925081057953552,0.0
AHEXASE3,0.0,0.0
AHMMPS,0.0,0.0
AHSERL2,0.0,-0.001865530095395515
AHSERL3,-0.009925081057953552,3.469446951953614e-18
AICART,0.0,-0.0
AIHDUDPMG,0.002257728742744677,-2.0816681711721685e-17
AIHDUPDG,0.002257728742744677,6.938893903907228e-18
AIHPDCOATA,0.02598419397496703,3.469446951953614e-18
AIPDCOATA,0.0,3.469446951953614e-18
AIRC4,0.0,-0.001865530095395522
AKGS,0.0,-0.00876799144835888
AKP1,0.007443810793465164,0.0
ALAALA,0.0005644321856861693,0.0
ALAASP1c,0.0,-0.0
ALAASPabc,0.0,0.0
ALACI,0.0,0.0
ALAD_R,0.0,0.0
ALAGLN1c,0.0,0.0
ALAGLNabc,0.0,0.0
ALAGLU1c,0.0,-0.0
ALAGLUabc,0.0,0.0
ALAGLY1c,0.0,-0.0
ALAGLYabc,0.0,0.0
ALAHIS1c,0.0,-0.0
ALAHISabc,0.0,0.0
ALALEU1c,0.0,0.0
ALALEUabc,0.0,0.0
ALAPGPL,0.0005644321856861693,-2.220446049250313e-16
ALAR,0.915819225639356,0.0
ALATA_D,0.8486517955427018,0.0
ALATHR1c,0.0,0.0
ALATHRabc,0.0,0.0
ALAt2r,1.0,0.0
ALCD19,-1.8077056361835542,-0.0
ALCD2x,0.0,-0.0
ALCD4,0.0,-0.0
ALDD2x,0.0,-0.0015857005810862301
ALKP,0.0,0.0
ALPHNH,0.0,0.0
AMANAPEr,0.0,-0.0
AMAOTr,0.0,-0.0
AMMQT7rev,0.004962540528976776,0.0
AMMQT8r,0.002481270264488388,0.0
AMPMS2,0.0,-0.010703478922331672
AMPTASECG,0.9975187297355116,0.0
AMPTASEGC,0.0,0.0
AMY1e,0.25733909,1.3877787807814457e-17
ANPRT,0.017030782565280705,0.0
ANS,0.0,0.0
ANS2,0.017030782565280705,0.0
AOXSr,0.0,-0.0
AOXSr2,0.0,-0.0
APAT,0.0,-0.0
APRAUR,0.004962540528976776,0.0
APSRmq,0.0,-0.021966616873282108
ARAI,0.0,-0.0
ARBTpts,0.0,0.0
ARBabc,0.0,-0.001865530095395522
ARGDC,0.0,0.0
ARGN,0.0,0.0
ARGSL,1.0604402772336554,0.0
ARGSSr,1.0604402772336554,6.938893903907228e-18
ARGt2,0.0,-0.005643228538571264
ARSENBabc,0.0,-0.0013991475715466398
ARSENBt2,0.0,-0.0
ASAD,0.0,0.0
ASNS1,0.0,-0.003731060190791044
ASNt2r,0.225,0.0
ASO3t,0.0,-0.0
ASO4t,0.0,-0.0
ASP1DC,0.0,0.0
ASPCT,0.0,-0.05148863063291596
ASPKi,0.0,-0.0007928502905431983
ASPO1,0.0,-0.0016323388334710809
ASPO5,0.0,0.0
ASPO6,0.0,0.0
ASPO7,0.0,0.0
ASPT,8.164720582140028,0.0
ASPTA,-9.83886550535524,-0.0
ASPt2r,0.225,0.0
ATPPRT,0.0,0.0
ATPS4,2.8584028186171233,-3.469446951953614e-18
BAMPPALDOX,0.0,0.0
BHBtp,0.0,-0.0
BPNT,0.002481270264488388,0.0
BTNCLi,0.0,1.3877787807814457e-17
BTND1,0.0,0.0
BTNabc,0.0,-0.001865530095395522
BTS4,0.0,0.0
BUTCTr,0.0,0.0
BUTt2,0.0,0.0
CAt4i,0.002481270264488388,0.0
CBIAT,0.002481270264488388,0.0
CBL1abc,0.0,0.0
CBL2abc,0.0,0.0
CBPS,1.0604402772336554,-3.469446951953614e-18
CCOuq,0.0,-0.007205609993465034
CD2abc1,0.0,0.0
CDPEAS,0.0,-0.0
CDPGHL,0.0,0.0
CDPGLYCGPT,0.0016932965570585078,-1.1102230246251565e-16
CDPMEK,0.031021456687431743,1.0408340855860843e-17
CGLYabc,1.0,0.0
CHCOAL,0.0,-0.06277508771005869
CHLt2r,0.0,-0.0
CHOLD,0.0,0.0
CHOLSH,0.0,0.0
CHORM,0.0,-0.06795193372478125
CHORS,0.017030782565280705,0.0
CIT_Mgt,0.0,0.0
CLPNS140,0.0,-0.0
CLPNS160,0.0,-0.0
CLPNS180,0.0026835920611847095,0.0
CLPNSAI15,0.0,-0.0
CLPNSAI17,0.0026835920611847095,0.0
CLPNSI14,0.0,-0.0
CLPNSI15,0.0,-0.0
CLPNSI16,0.0,-0.0
CLPNSI17,0.0026835920611847095,0.0
CO2t,0.0,-0.0
COBALTt5,-0.002481270264488388,-0.0
CPC3MT,0.0,0.0
CPC5MT1,0.0,0.0
CPPPGO,0.0,-0.09157420855772716
CTBTabc,0.0,0.0
CTPS1,0.008164125141944248,0.0
CTPS2,0.0,0.0
CYO1b,0.0,-0.010703478922331679
CYOO3,0.0,-0.00883794882693615
CYOR3,0.0,-0.0
CYOmq,0.0,-0.007205609993465069
CYRDAAT,0.0,0.0
CYRDAR,0.0,0.0
CYRDAS,0.0,0.0
CYSDS,1.9846823274022047,0.0
CYSS,0.0,-0.001865530095395522
CYSS3r,0.009925081057953552,0.0
CYSTL,0.0,-0.001865530095395515
CYSt2r,1.0,0.0
CYTBD,0.0,-0.008138375041162826
CYTBD2,0.0,-0.008138375041162833
CYTD,0.0,-0.001865530095395522
CYTDK1,0.0,0.0
CYTDK2,0.0,0.0
CYTDK3,0.0,0.0
CYTDK4,0.0,0.0
CYTDt2r,0.0,0.0
CYTK1,0.30197937596689783,0.0
CYTK2,0.003347966339214845,0.0
Cuabc,0.002481270264488388,0.0
Cut1,0.0,-0.003731060190791044
DAAD,0.0,-0.0016323388334710948
DADNK,0.0,-0.001865530095395522
DADNt2r,-1.9403048507550016,-0.0
DAPDA,0.0,-0.0
DAPDC,0.0,-0.00209872135731997
DAPE,0.0,-0.0
DASYN120,0.0,0.0
DASYN140,0.0,0.0
DASYN141,0.0,0.0
DASYN160,0.0,0.0
DASYN161,0.0,0.0
DASYN180,0.010734368244738838,0.0
DASYN181,0.0,0.0
DASYNAI15,0.0,-6.938893903907228e-18
DASYNAI17,0.010734368244738838,6.938893903907228e-18
DASYNI14,0.0,0.0
DASYNI15,0.0,-6.938893903907228e-18
DASYNI16,0.0,0.0
DASYNI17,0.010734368244738838,6.938893903907228e-18
DB4PS,0.009925081057953552,0.0
DBTS,0.0,0.0
DCMPDA,-0.9830151570456466,-0.0
DCTPAH,0.0,-0.003731060190791044
DCTPD,0.0,0.0
DCTPD2,0.0,-0.001865530095395522
DCYTD,0.0,0.0
DCYTt2r,-0.9796671907064317,-0.0
DDGLK,0.0,0.0
DDPA,0.017030782565280705,0.0
DDPGALA,0.0,-0.0
DEXTRINASE,0.0,0.0
DGK1,0.003347966339214845,0.0
DGSNt2,1.0,0.0
DHAD1,0.0,-0.00536339902426209
DHAD2,0.8053166779861536,0.0
DHFOR2,0.0,-0.0
DHFR,0.007443810793465164,0.0
DHFS,0.007443810793465164,-3.469446951953614e-18
DHLCOALT,0.0,-0.0
DHNAOT4,0.004962540528976776,6.938893903907228e-18
DHNAOT7,0.004962540528976776,-1.3877787807814457e-17
DHNPA,0.007443810793465164,0.0
DHNPA2,0.0,0.0
DHORD2,0.0,0.0
DHORD5,0.0,0.0
DHORTS,0.0,-0.0
DHPDO,0.0,0.0
DHPM1,0.0,0.0
DHPM2,0.0,0.0
DHPPDA,0.0,0.0
DHPPDA2,0.004962540528976776,0.0
DHPR,0.0,0.0
DHPS,0.007443810793465164,0.0
DHPS2,0.0,0.0
DHQS,0.017030782565280705,0.0
DHQTi,0.017030782565280705,0.0
DINSt2,0.0,0.0
DKMPPD2,0.0,0.0
DKMPPD3,0.0,0.0
DMATT,0.003045702450174557,0.0
DMLARGAH,0.0,-0.0
DMPPS,0.0,0.0
DMPPS2r,0.031021456687431743,0.0
DMQMT,0.002481270264488388,-2.7755575615628914e-17
DM_5MTR,0.002481270264488388,0.0
DM_atp_c_,0.0,-0.001865530095395522
DM_dhptd(c),0.009925081057953552,0.0
DM_hcys_L[c],0.0,-0.018142280177721196
DOPAt2,0.0,0.0
DPCOAK,0.004962540528976828,0.0
DPGM,0.0,0.0
DPRr,0.0,-0.0
DRBK,0.0,0.0
DRIBI,0.17878295,0.0
DRPAr,0.628781779959928,0.0
DTMPK,0.005051169601486935,0.0
DURAD,0.0,-0.0
DURAD2,0.0,0.0
DURIK1,0.0,-0.001865530095395522
DURIPP,0.0,0.0
DURIt2,0.0,0.0
DUTPDP,0.0,-0.003731060190791044
DXPRIr,0.031021456687431743,0.0
DXPS,0.031021456687431743,0.0
E4PD,0.0,-0.0
EAR100x,0.0,0.0
EAR100y,0.0,0.0
EAR10M11,0.0,0.0
EAR10M11x,0.0,0.0
EAR10M12,0.0,0.0
EAR10M12x,0.02598419397496703,0.0
EAR11M12,0.0,0.0
EAR11M12x,0.02598419397496703,0.0
EAR120x,0.0,0.0
EAR120y,0.0,0.0
EAR121x,0.0,0.0
EAR12M13,0.0,-6.938893903907228e-18
EAR12M13x,0.0,0.0
EAR12M14,0.0,0.0
EAR12M14x,0.02598419397496703,0.0
EAR13M14,0.0,0.0
EAR13M14x,0.02598419397496703,0.0
EAR140x,0.0,0.0
EAR140y,0.0,0.0
EAR141x,0.0,0.0
EAR14M15,0.0,0.0
EAR14M15x,0.0,0.0
EAR14M16,0.0,1.3877787807814457e-17
EAR14M16x,0.02598419397496703,6.938893903907228e-18
EAR15M16,0.0,1.3877787807814457e-17
EAR15M16x,0.02598419397496703,6.938893903907228e-18
EAR160x,0.0,0.0
EAR160y,0.0,0.0
EAR161x,0.0,0.0
EAR180x,0.0,0.0
EAR180y,0.0,0.0
EAR181x,0.0,0.0
EAR40x,0.0,0.0
EAR40y,0.0,0.0
EAR4M5,0.0,0.0
EAR4M5x,0.0,0.0
EAR4M6,0.0,0.0
EAR4M6x,0.02598419397496703,0.0
EAR5M6,0.0,0.0
EAR5M6x,0.02598419397496703,0.0
EAR60x,0.0,0.0
EAR60y,0.0,0.0
EAR6M7,0.0,0.0
EAR6M7x,0.0,0.0
EAR6M8,0.0,0.0
EAR6M8x,0.02598419397496703,0.0
EAR7M8,0.0,0.0
EAR7M8x,0.02598419397496703,0.0
EAR80x,0.0,0.0
EAR80y,0.0,0.0
EAR8M10,0.02598419397496703,0.0
EAR8M10x,0.0,0.0
EAR8M9,0.0,0.0
EAR8M9x,0.0,0.0
EAR9M10,0.02598419397496703,0.0
EAR9M10x,0.0,0.0
ECOAH1,0.0,-0.0
ECOAH12,0.0,0.0
ECOAH3,0.0,-0.0
ECOAH4,0.0,-0.0
ECOAH5,0.0,-0.0
ECOAH6,0.0,-0.0
ECOAH7,0.0,-0.0
ECOAH9,0.0,0.0
EHGLAT,0.0,0.0
ENO,13.090393943967033,0.0
ETHAAL,0.0,0.0
ETHAP,0.0,0.0
EX_12dgr180(e),-0.002257728742744677,-0.0
EX_26dap_M(e),-0.0005644321856861693,-0.0
EX_34dhpha(e),0.0,0.0
EX_34dhphe(e),0.0,0.0
EX_3mop(e),-1.0,-0.029242184245324473
EX_4abz(e),-0.007443810793465164,-0.0
EX_5htrp(e),0.0,0.0
EX_Cit_Mg(e),0.0,0.0
EX_HC00319(e),0.0,0.0
EX_Lkynr[e],0.0,0.0
EX_ac(e),20.998961871539045,0.0
EX_acac(e),0.0,-0.02303929667813443
EX_acald(e),0.0,-0.016323388334710684
EX_acgam(e),-1.0,-0.06408095877683548
EX_adn(e),-1.0,-0.005036931257567812
EX_adocbl(e),0.0,-0.0
EX_ala_L(e),-1.0,-0.008068417662585536
EX_alaasp(e),0.0,-0.015903644063246646
EX_alagln(e),0.0,-0.007135652614887779
EX_alaglu(e),0.0,-0.007135652614887779
EX_alagly(e),0.0,-0.01035369202944493
EX_alahis(e),0.0,-0.007135652614887779
EX_alaleu(e),0.0,-0.029475375507248915
EX_alathr(e),0.0,-0.026677080364155614
EX_arab_L(e),0.0,-0.0
EX_arbt(e),0.0,0.0
EX_arg_L(e),1.0,0.0
EX_arsenb(e),0.0,0.0
EX_asn_L(e),-0.225,-0.008767991448358867
EX_aso3(e),0.0,0.0
EX_aso4(e),0.0,0.0
EX_asp_L(e),-0.225,-0.008767991448358867
EX_bhb(e),0.0,0.0
EX_biomass(e),0.31251436004992483,0.0
EX_btn(e),0.0,-0.0
EX_but(e),0.0,-0.009234373972207756
EX_ca2(e),-0.002481270264488388,-0.0
EX_cbl1(e),0.0,-0.0
EX_cbl2(e),0.0,0.0
EX_cd2(e),0.0,0.0
EX_cgly(e),-1.0,-0.017256153382408268
EX_chol(e),0.0,-0.0
EX_cl(e),-0.002481270264488388,-0.0
EX_co2(e),0.0,-0.020474192796965586
EX_cobalt2(e),-0.002481270264488388,-0.0
EX_ctbt(e),0.0,0.0
EX_cu2(e),-0.002481270264488388,-0.0
EX_cys_L(e),-1.0,-0.014970879015548874
EX_cytd(e),0.0,-0.006902461352963338
EX_dad_2(e),1.9403048507550016,0.0
EX_dcyt(e),0.9796671907064317,0.0
EX_dgsn(e),-1.0,-0.0031714011621723354
EX_din(e),0.0,-0.01790908891579679
EX_dopa(e),0.0,0.0
EX_duri(e),0.0,-0.02164014910658779
EX_fe2(e),0.0,-0.0
EX_fe3(e),-0.007443810793465164,-0.0
EX_fecrm(e),0.0,0.0
EX_fru(e),-0.14898579,-0.06408095877683548
EX_fum(e),-1.0,-0.008767991448358867
EX_galt(e),0.0,0.0
EX_gam(e),-1.0,-0.06408095877683548
EX_gbbtn(e),0.0,0.0
EX_gcald(e),0.0,-0.015204070277473336
EX_glc_D(e),-0.14898579,-0.06408095877683548
EX_gln_L(e),0.0,0.0
EX_glu_L(e),-0.12920542675428015,-0.0
EX_gly(e),-0.45,-0.0032180394145571514
EX_glyasn(e),0.0,-0.01105326581521826
EX_glyasp(e),0.0,-0.01105326581521826
EX_glyb(e),0.0,0.0
EX_glyc(e),-1.79965486,-0.025138018035454415
EX_glyc3p(e),-0.3881886185357681,-0.0
EX_glyclt(e),8.15829820371909,0.0
EX_glycys(e),0.0,-0.017256153382408268
EX_glygln(e),0.0,-0.002285274366859394
EX_glyglu(e),0.0,-0.002285274366859394
EX_glyleu(e),0.0,-0.02602414483076717
EX_glymet(e),0.0,0.0
EX_glyphe(e),0.0,-0.002285274366859394
EX_glypro(e),0.0,-0.01012050076752051
EX_glytyr(e),0.0,-0.002285274366859394
EX_gua(e),0.0,-0.0
EX_h(e),-1.0,-0.022106531630436674
EX_h2o(e),16.30467777348288,0.0
EX_h2s(e),1.9846823274022047,0.0
EX_hg2(e),0.0,0.0
EX_his_L(e),-0.02560992677737124,-0.0
EX_hista(e),0.0,0.0
EX_hxan(e),0.0,0.0
EX_ile_L(e),-0.15,-0.022339722892361136
EX_ins(e),0.0,-0.022946020173364598
EX_k(e),-0.002481270264488388,-0.0
EX_lac_L(e),0.0,-0.008068417662585536
EX_leu_L(e),-0.15,-0.022339722892361136
EX_lys_L(e),-0.10116089834816067,-0.0
EX_malt(e),-0.07449289,-0.12816191755367096
EX_malthx(e),0.0,-0.38262022256561745
EX_malttr(e),0.0,-0.19037734623511093
EX_man(e),-0.14898579,-0.06408095877683548
EX_met_D(e),0.0,0.0
EX_met_L(e),0.0,-0.0
EX_metala(e),0.0,-0.001632338833471074
EX_metsox_R_L(e),0.0,0.0
EX_metsox_S_L(e),-0.0503580014525968,-0.0
EX_mg2(e),-0.002481270264488388,-0.0
EX_mn2(e),-0.002481270264488388,-0.0
EX_mnl(e),-0.14898579,-0.05717849742387214
EX_mqn7(e),-0.004962540528976776,-0.0
EX_na1(e),0.0,-0.0
EX_nac(e),-0.004962540528975845,-0.0
EX_nh4(e),4.627645939272886,0.0
EX_no2(e),1.0,0.0
EX_no3(e),-1.0,-0.009467565234132183
EX_o2(e),0.0,-0.03521188055059003
EX_ocdca(e),-0.021468736489477676,-0.0
EX_orn(e),-1.0,-0.015343985034627902
EX_pb(e),0.0,0.0
EX_phe_L(e),-0.05506190509719626,-0.0
EX_pheme(e),-0.002481270264488388,-0.0
EX_pi(e),0.0,-0.0
EX_pime(e),0.0,-0.0
EX_pnto_R(e),-0.004962540528976828,-0.0
EX_ppa(e),3.0453006023772042,0.0
EX_pro_L(e),-0.18,-0.007835226400661116
EX_pydam(e),0.0,-0.0
EX_pydx(e),-0.002481270264488388,-0.0
EX_pydxn(e),0.0,-0.0
EX_rib_D(e),-0.17878295,-0.051535268885300724
EX_salcn(e),0.0,0.0
EX_sbt_D(e),0.0,0.0
EX_ser_L(e),-1.0,-0.014970879015548874
EX_so4(e),-0.002481270264488388,-0.0
EX_srtn(e),0.0,0.0
EX_strch1(e),-0.25733909,-0.7048905465451902
EX_strch2(e),0.0,-0.19224287633050643
EX_succ(e),0.0,-0.00023319126192444806
EX_sucr(e),-0.07449289,-0.12816191755367096
EX_thm(e),-0.002481270264488388,-0.0
EX_thr_L(e),-0.225,-0.019541427749267835
EX_thymd(e),-0.005051169601486935,-0.0
EX_tre(e),-0.07449289,-0.12816191755367096
EX_trypta(e),0.0,0.0
EX_tym(e),0.0,0.0
EX_tyr_L(e),-0.037182864804432045,-0.0
EX_ura(e),0.0,-0.0
EX_uri(e),-1.0,-0.026677080364155607
EX_val_L(e),-0.18,-0.01240577513438007
EX_xyl_D(e),0.0,-0.0
EX_zn2(e),-0.002481270264488388,-0.0
FACOAL140,0.0,-0.0
FACOAL160,0.0,1.734723475976807e-18
FACOAL161,0.0,-0.0
FACOAL180,0.021468736489477676,1.734723475976807e-18
FACOAL181,0.0,-0.0
FACOALAI15,0.0,6.938893903907228e-18
FACOALAI17,0.0,6.938893903907228e-18
FACOALI14,0.0,-0.0
FACOALI15,0.0,6.938893903907228e-18
FACOALI16,0.0,1.734723475976807e-18
FACOALI17,0.0,6.938893903907228e-18
FBA,5.229159091167714,0.0
FBA2,0.14898579,0.0
FBA3,0.0,-0.0
FBP,0.0,-0.001865530095395522
FCLTc,0.0,0.0
FDH,0.02233143238039549,0.0
FE2DH,-0.002481270264488388,-0.0
FE2abc,0.0,-0.02509137978306946
FE3abc,0.007443810793465164,0.0
FECRMabc,0.0,0.0
FERO,0.0,-0.021406957844663357
FFSD,0.07449289,0.0
FGLU,0.0,0.0
FK,0.0,0.0
FKYNH,0.0,-0.0999457748608141
FLVRx,0.0,0.0
FMNAT,0.002481270264488388,0.0
FOLD3,0.0,0.0
FOMETR,0.0,-0.0
FPGS,0.0,0.0
FPGS7,0.0,0.0
FPGS_tm,0.0,0.0
FRD2,0.0,0.0
FRD3,0.004962540528976776,0.0
FRD7,4.040338061848227,2.0816681711721685e-17
FRTT,0.0024812702644883876,-1.0408340855860843e-17
FRUK,0.0,-6.938893903907228e-18
FRUpts,0.14898579,3.469446951953614e-18
FT,0.0,6.938893903907228e-18
FTHFCL,0.0,-0.001865530095395522
FTHFD,0.0,-0.005083569509952812
FUM,8.150854392925625,0.0
FUMt2r,1.0,0.0
G16BPS,0.0,-0.0
G1PACT,0.0,-0.001865530095395522
G1SAT,0.019850162115907104,0.0
G3PAT120,0.0,0.0
G3PAT140,0.0,0.0
G3PAT141,0.0,0.0
G3PAT160,0.0,0.0
G3PAT161,0.0,0.0
G3PAT180,0.0,0.0
G3PAT181,0.0,0.0
G3PATAI15,0.0,0.0
G3PATAI17,0.012992096987483515,0.0
G3PATI14,0.0,0.0
G3PATI15,0.0,0.0
G3PATI16,0.0,0.0
G3PATI17,0.012992096987483515,0.0
G3PCT,0.23875481454524958,0.0
G3PD1,0.0,0.0
G3PD2,0.08856291322015025,0.0
G3PD5,0.0,-0.0016323388334710809
G3PD6,0.0,-0.0016323388334710809
G3PD7,0.0,-0.0016323388334710809
G3PD8i,0.0,-0.0016323388334710878
G5SADs,0.0,0.0
G5SDr,0.0,-0.0
G6PDA,1.9379124595745214,0.0
G6PI,0.0,0.0
G6PI3,0.0,0.0
GALTpts,0.0,0.0
GALU,0.09651790375233493,3.469446951953614e-18
GAMpts,1.0,0.0
GAPD,13.090393943967033,-3.469446951953614e-18
GAPD_NADP,0.0,0.0
GARFTi,0.0,-0.00321803941455729
GART,0.0,0.0
GBBTNabc,0.0,0.0
GCALDDr,0.007443810793465164,0.0
GCALDt,0.0,0.0
GCCa,0.3478889936526623,7.28583859910259e-17
GCCb,0.3478889936526623,0.0
GCCc,0.3478889936526623,0.0
GF6PTA,0.0,0.0
GGGABADr,0.0,0.0
GGGABARr,0.0,-0.0
GGT,0.0,6.938893903907228e-18
GGTA,0.002481270264488388,0.0
GGTT,0.0024812702644883876,6.938893903907228e-18
GHMT2r,-0.3429264531236855,-0.0
GK1,0.0,0.0
GK2,0.028139167996127257,0.0
GLCP,0.0,3.469446951953614e-18
GLCS1,0.0,0.0
GLCabc,0.0,-0.0018655300953955081
GLCpts,2.4650376,0.0
GLGC,0.0,-0.001865530095395529
GLNS,0.0,-0.001865530095395522
GLNSP1,0.0,0.0
GLNSP2,0.0,0.0
GLNSP3,0.0,0.0
GLNabc,0.0,-0.0013991475715466398
GLNt2r,0.0,0.0
GLU5K,0.0,-0.001865530095395522
GLUDC,0.0,0.0
GLUDxi,0.0,0.0
GLUDy,0.0,0.0
GLUFORT,0.0,-0.0
GLUN,11.846046473136223,0.0
GLUOX,12.98805612348651,0.0
GLUPRT,0.0,0.0
GLUR,0.8480873633570156,0.0
GLUSy,0.0,0.0
GLUTRR,0.019850162115907104,3.469446951953614e-18
GLUTRS,0.019850162115907104,0.0
GLUt2r,0.12920542675428015,0.0
GLXO1,0.0,0.0
GLXS,8.150854392925625,-3.469446951953614e-18
GLYASN1c,0.0,-0.0
GLYASNabc,0.0,0.0
GLYASP1c,0.0,0.0
GLYASPabc,0.0,0.0
GLYBabc,0.0,-0.0013991475715466398
GLYBt2r,0.0,-0.0
GLYC3Pabc,0.3881886185357681,6.938893903907228e-18
GLYCL,0.0,1.457167719820518e-16
GLYCLTDx,0.0,0.0
GLYCLTDy,8.150854392925625,0.0
GLYCLTt2r,-8.15829820371909,-0.0
GLYCYSabc,0.0,0.0
GLYCt,-1.79965486,-0.0
GLYD,0.0,0.0
GLYDy,0.0,-0.0
GLYGLN1c,0.0,0.0
GLYGLNabc,0.0,0.0
GLYGLU1c,0.0,-0.0
GLYGLUabc,0.0,0.0
GLYK,0.0,-6.938893903907228e-18
GLYLEUHYDROc,0.0,0.0
GLYLEUPEPT1tc,0.0,0.0
GLYMET1c,0.0,-0.0
GLYMETabc,0.0,-0.003218039414557311
GLYO,0.0,0.0
GLYO1i,0.0,-0.004850378248028232
GLYPHEHYc,0.0,0.0
GLYPHEabc,0.0,0.0
GLYPROPRO1c,0.0,0.0
GLYPROabc,0.0,0.0
GLYTYR1c,0.0,-0.0
GLYTYRabc,0.0,0.0
GLYt2r,0.45,0.0
GMPR,0.9709941359291463,0.0
GMPS2,0.0,-0.003731060190791044
GND,0.0,3.469446951953614e-18
GND2,0.0,-1.734723475976807e-18
GNK,0.0,1.734723475976807e-18
GNNUC,0.0,-0.001865530095395515
GPDDA1,0.0,0.0
GPDDA2,0.0,0.0
GPDDA4,0.0,0.0
GRTT,0.003045702450174557,3.469446951953614e-18
GTPCI,0.007443810793465164,0.0
GTPCII,0.0,0.0
GTPCII2,0.004962540528976776,0.0
GTPDPK,0.0,0.0
GUAPRT,0.9966520336607851,0.0
GUAt2,0.0,-0.04705799665635162
H2CO3D,3.004522150464064,0.0
H2Ot,-18.62072958348288,-0.0
H2St,-1.9846823274022047,-0.0
HACD1,0.0,-0.0
HACD2,0.0,-0.0
HACD3,0.0,0.0
HACD4,0.0,0.0
HACD5,0.0,0.0
HACD6,0.0,0.0
HACD7,0.0,0.0
HACD9,0.0,-0.0
HADPCOADH3,0.0,0.0
HBZOPT,0.002481270264488388,6.938893903907228e-18
HDG3PACT,0.0,-0.0
HEMEOS,0.0,-3.469446951953614e-18
HEMEti,0.002481270264488388,0.0
HETT,0.007443810793465164,-6.938893903907228e-18
HETZK,0.002481270264488388,0.0
HEX1,0.40632487000000006,0.0
HEX7,0.07449289,0.0
HEXTT,0.0024812702644883876,3.469446951953614e-18
HEXb,0.0,0.0
HG2abc,0.0,0.0
HIBD,0.0,0.0
HISD,0.0,-0.00046638252384888224
HISDC,0.0,-0.0011659563096222056
HISTAt2,0.0,0.0
HISTD,0.0,-0.024764912016375484
HISTDOX,0.0,-0.0
HISTLOX,0.0,-0.024764912016375484
HISTP,0.0,0.0
HISt2r,0.02560992677737124,0.0
HKMPPI,0.0,0.0
HKYNH,0.0,0.0
HMBS,0.002481270264488388,0.0
HMGL,1.9440818732304084,0.0
HMPK1,0.002481270264488388,0.0
HOPNTAL,0.0,0.0
HPPK,0.0,-0.003731060190791044
HPPK2,0.0,-0.003731060190791044
HSDx,0.0,0.0
HSDy,0.0,0.0
HSERTA,-0.009925081057953552,-0.0
HSK,0.009925081057953552,3.469446951953614e-18
HSST,0.0,0.0
HSTPTr,0.0,0.0
HXPRT,0.0,0.0
HYD1,0.0,-2.7755575615628914e-17
HYPSUCORNS,1.0604402772336554,0.0
HYXNti,0.0,-0.03185392637887828
IBCOATA,0.0,0.0
ICDHy,0.0,-0.018701939206339932
ICL,0.0,-0.009933947757981058
IG3PS,0.0,0.0
IGPDH,0.0,0.0
IGPS,0.017030782565280705,-3.469446951953614e-18
IHDCOATA,0.0,-0.0
IHDUDPG,0.002257728742744677,6.938893903907228e-18
IHDUDPMG,0.002257728742744677,-2.0816681711721685e-17
IHPDCOATA,0.02598419397496703,0.0
ILETA,0.06548674161169882,0.0
ILEabc,0.0,-0.0013991475715466398
ILEt2r,0.15,0.0
IMACTD,0.0,0.0
IMPC,0.0,-0.0
IMPD,0.0,0.0
INSH,0.0,-0.001865530095395515
INSt2,0.0,0.0
IPDCOATA,0.0,-0.0
IPDDI,-0.027975754237257185,-0.0
IPDPS,0.0,0.0
IPDPS2,0.0,0.0
IPMDr,0.08383308112543712,0.0
IPPMIa,-0.08383308112543712,-0.0
IPPMIb,-0.08383308112543712,-0.0
ISOMALT,0.0,0.0
ITDCOATA,0.0,-0.0
IVCOATA,0.02598419397496703,-3.469446951953614e-18
IZPN,0.0,0.0
KARA1,0.0,0.0
KARA2,0.8053166779861536,6.938893903907228e-18
KARA3,0.0,0.0
KAS14,0.0,6.938893903907228e-18
KAS_HP,0.0,-3.469446951953614e-18
KDOCT2,0.0,0.0
KHK,0.0,6.938893903907228e-18
Kt1r,0.002481270264488388,0.0
Kt3,0.0,-0.00046638252384888224
L2A6ODs,0.0,0.0
LACLi,0.0,-0.000279829514309278
LACZ,0.0,0.0
LARGNAT,0.0,-0.0
LCADi,0.0,0.0
LCYSTCBOXL,0.0,0.0
LDH_L,0.0,0.0
LEUTA,0.04141376045705311,0.0
LEUabc,0.0,-0.0013991475715466398
LEUt2r,0.15,0.0
LKYNRt2r,0.0,-0.0
LLEUDr,0.0,0.0
LPAMMBT,0.0,-0.0
LPAMMBT2,0.0,-0.0
LPAMMPT,0.0,-0.0
LPAMS,0.8053166779861536,0.0
LPLIPAL1A120,0.0,-1.734723475976807e-18
LPLIPAL1A140,0.0,-0.003731060190791044
LPLIPAL1A141,0.0,0.0
LPLIPAL1A160,0.0,-0.003731060190791044
LPLIPAL1A161,0.0,0.0
LPLIPAL1A180,0.0,-0.0037310601907910475
LPLIPAL1A181,0.0,0.0
LPLIPAL1E120,0.0,0.0
LPLIPAL1E140,0.0,0.0
LPLIPAL1E141,0.0,0.0
LPLIPAL1E160,0.0,0.0
LPLIPAL1E161,0.0,0.0
LPLIPAL1E180,0.0,0.0
LPLIPAL1E181,0.0,0.0
LPLIPAL1G120,0.0,-3.469446951953614e-18
LPLIPAL1G140,0.0,0.0
LPLIPAL1G141,0.0,0.0
LPLIPAL1G160,0.0,0.0
LPLIPAL1G161,0.0,0.0
LPLIPAL1G180,0.0,3.469446951953614e-18
LPLIPAL1G181,0.0,0.0
LPLIPAL2A120,0.0,0.0
LPLIPAL2A140,0.0,0.0
LPLIPAL2A141,0.0,0.0
LPLIPAL2A160,0.0,0.0
LPLIPAL2A161,0.0,0.0
LPLIPAL2A180,0.0,0.0
LPLIPAL2A181,0.0,0.0
LPLIPAL2E120,0.0,0.0
LPLIPAL2E140,0.0,0.0
LPLIPAL2E141,0.0,0.0
LPLIPAL2E160,0.0,0.0
LPLIPAL2E161,0.0,0.0
LPLIPAL2E180,0.0,0.0
LPLIPAL2E181,0.0,0.0
LPLIPAL2G120,0.0,-3.469446951953614e-18
LPLIPAL2G140,0.0,0.0
LPLIPAL2G141,0.0,0.0
LPLIPAL2G160,0.0,0.0
LPLIPAL2G161,0.0,0.0
LPLIPAL2G180,0.0,3.469446951953614e-18
LPLIPAL2G181,0.0,0.0
LTDCL,0.0,0.0
LYSAM,0.0,-0.0
LYSDC,0.0,0.0
LYSt3r,-0.10116089834816067,-0.0
L_ILE3MR,0.0,0.0
L_LACD2,0.0,-0.0016323388334710809
L_LACD3,0.0,-0.0016323388334710809
L_LACDr,0.0,-0.0
L_LACt2r,0.0,-0.0
L_TRPCOO,0.0,-0.0
L_VALMOD,-21.852939067867492,-0.0
M1PD,0.14898579,0.0
MACCOAT,0.0,0.0
MALCOAPYRCT,-0.3118103276996044,-0.0
MALDC,0.0,-0.0016323388334710878
MALDDH,0.0,0.0
MALFADOi,0.0,-0.0016323388334710948
MALNt,0.0,-0.0
MALT,0.0,0.0
MALT6PH,0.33183198,0.0
MALTATr,0.0,-0.0
MALTHXabc,0.0,3.469446951953614e-18
MALTTRabc,0.0,3.469446951953614e-18
MALTabc,0.0,-0.0018655300953954942
MALTpts,0.33183198,6.938893903907228e-18
MAN1PT,0.0,0.0
MAN6PI,0.14898579,0.0
MANAO,0.0,-0.0
MANpts,0.14898579,0.0
MCCCr,1.9440818732304084,-1.0408340855860843e-17
MCLOR,0.0,-0.0
MCOATA,0.3118103276996044,-1.734723475976807e-18
MCPST,0.0,0.0
MDH,0.0,0.0
MDH2,0.0,-0.0016323388334710809
MDH3,0.0,-0.0016323388334710809
MDRPD,0.0,0.0
ME1,0.0,-0.001865530095395529
ME2,0.0,-0.0018655300953955359
MECDPDH2,0.031021456687431743,0.0
MECDPS,0.031021456687431743,0.0
MEPCT,0.031021456687431743,0.0
METALA1c,0.0,-0.0
METALAabc,0.0,0.0
METAT,0.014887621586930327,0.0
METB1,0.0,0.0
METDabc,0.0,0.0
METFR,0.0,0.0
METS,0.0,-0.028029589683317403
METSOX1abc,0.0503580014525968,-3.469446951953614e-18
METSOX2abc,0.0,0.0
METSOXR1r,0.0503580014525968,0.0
METabc,0.0,-0.006902461352963345
MEVK1c,0.0,0.0
MG2abc,0.0,-0.001865530095395522
MGCOAH,-1.9440818732304084,-0.0
MGSA,0.0,0.0
MGt5,-0.002481270264488388,-0.0
MI1PP,0.0,0.0
MI3PP,0.0,0.0
MI4PP,0.0,0.0
MICITDr,0.0,-0.0
MK7te,0.004962540528976776,0.0
MLTG1,0.0,0.0
MLTG2,0.0,0.0
MLTG3,0.0,0.0
MLTG4,0.0,0.0
MLTG5,0.0,0.0
MMCOAH,0.0,0.0
MME,3.0453006023772042,0.0
MMM2r,3.0453006023772042,0.0
MMSAD1,0.0,0.0
MMSAD3,0.0,-0.0018655300953955359
MMSAD5,0.0,-0.0
MNLpts,0.14898579,0.0
MNabc,0.002481270264488388,0.0
MOHMT,0.0,-0.03829000520799279
MTAN,0.002481270264488388,0.0
MTHFC,0.002481270264488388,0.0
MTHFD,0.002481270264488388,0.0
MTHPTGHM,0.0,-0.060862919362278334
MTI,0.0,-0.0
MTRI,0.0,0.0
MTRK,0.0,0.0
MUCCYCI,0.0,-0.0
NACASPAH,0.0,0.0
NACt2r,-0.004962540528975845,-0.0
NADH10,0.0,-0.0016323388334710809
NADH5,0.0,-0.0016323388334710809
NADH6,2.09377491835333,0.0
NADH7,0.0,-0.0006995737857733164
NADH8,0.0,-0.0003264677666942051
NADH9,0.0,-0.0016323388334710809
NADK,0.0024812702644882822,-3.469446951953614e-18
NADK2,0.0,-6.938893903907228e-18
NADS1,0.0,-0.00373106019079103
NADS2,0.0,-0.00373106019079103
NAPRT,0.007443810793464234,0.0
NAt3_1,0.18496254052897682,0.0
NDPK1,1.006665743791249,0.0
NDPK2,0.0,0.0
NDPK3,0.30197937596689783,0.0
NDPK4,0.0,0.0
NDPK5,0.003347966339214845,0.0
NDPK6,0.0,-0.0
NDPK7,0.0,0.0
NDPK8,0.03319033759761414,0.0
NDPK9,0.0,-0.0
NH4tb,-4.627645939272886,-0.0
NMNAT,0.004962540528975712,0.0
NMNPH,0.0,0.0
NNAM,0.0,-0.0018655300953954873
NNATr,0.0,0.0
NNDMBRT,0.002481270264488388,0.0
NNDPR,0.0,-0.030734608321640967
NO2t2r,-1.0,-0.0
NO3R1,0.0,0.0
NO3R2,1.0,0.0
NO3t2,1.0,0.0
NODOx,0.0,0.0
NODOy,0.0,0.0
NOS1,0.0,-0.04234753316547784
NOr1mq,0.0,0.0
NP1_r,0.0,-1.734723475976807e-18
NP2MSUCCS,0.0,0.0
NPHS,0.0,0.0
NT5C,0.0,-0.0037310601907910093
NTD1,0.0,0.0
NTD10,0.0,-0.0037310601907910093
NTD11,0.0,-0.0037310601907910093
NTD2,0.0,-0.001865530095395522
NTD3,0.9796671907064317,0.0
NTD4,0.0,-0.001865530095395522
NTD5,0.0,-0.001865530095395522
NTD5_a,0.0,-0.001865530095395515
NTD6,1.5724345970541445,0.0
NTD7,0.0,-0.0018655300953955255
NTD8,0.0,-0.001865530095395522
NTD9,0.0,-0.0037310601907910093
NTPTP1,0.0,-0.003731060190791044
NTRARx,0.0,-0.0025651038811688454
NTRARy,0.0,-0.0025651038811688454
NTRIR2x,0.0,-0.023039296678134466
NTRIR2y,0.0,-0.02303929667813444
NWHARGOX,0.0,6.938893903907228e-18
O16G2e,0.25733909,0.0
O2t,0.0,0.0
OAACLi,0.0,-0.001865530095395522
OAASr,0.0,0.0
OCBT,0.0,0.0
OCDCAt2,0.021468736489477676,0.0
OHPBAT,0.0,-0.0
OHPHM,0.002481270264488388,6.938893903907228e-18
OIVD1r,0.12524684158249022,0.0
OIVD2,0.0,0.0
OIVD3,1.8708034195978522,0.0
OMBZLM,0.002481270264488388,6.938893903907228e-18
OMCDC,0.08383308112543712,0.0
OMMBLHX3,0.002481270264488388,2.7755575615628914e-17
OMPDC,0.0,0.0
OMPHHX3,0.002481270264488388,0.0
OOR2r,0.0,-0.0
OPAHir,0.0,0.0
OPHBDC,0.002481270264488388,-1.0408340855860843e-17
OPHHX3,0.002481270264488388,8.326672684688674e-17
ORNDC,0.004962540528976776,0.0
ORNTA,0.0,-0.001865530095395522
ORNTAC,0.06540281776263224,0.0
OROTPT,0.0,0.0
P1CM,0.002481270264488388,0.0
P5CD,0.1296758126011606,0.0
P5CRyr,0.0,0.0
PAAI17P,0.002257728742744677,3.469446951953614e-18
PAAMOR,0.0,-0.02359895570675319
PAI17P,0.002257728742744677,3.469446951953614e-18
PANTS,0.0,0.0
PAPPT2,0.0,-1.0408340855860843e-17
PAPPT3,0.0005644321856861693,-1.0408340855860843e-17
PBt,0.0,0.0
PC17M,0.0,0.0
PDHa,7.278909486158866,0.0
PDHbr,6.473592808172712,6.938893903907228e-18
PDHc,6.473592808172712,0.0
PEPCK,0.0,-0.001865530095395522
PEPGLY,0.0005644321856861693,0.0
PERD,0.0,3.469446951953614e-18
PETHCT,0.0,0.0
PFK,0.0,0.0
PFK_2,0.0,0.0
PFK_3,0.0,0.0
PGAMT,0.0,-0.0
PGCDr,0.0,-0.0
PGI,3.2556623262476654,0.0
PGK,-13.090393943967033,-0.0
PGLYCP,0.0,0.0
PGM,-13.090393943967033,-0.0
PGMT,-0.09651790375233471,-0.0
PGPGT,0.0005644321856861693,0.0
PGPP180,0.00805077618355413,3.469446951953614e-18
PGPPAI17,0.00805077618355413,3.469446951953614e-18
PGPPI17,0.00805077618355413,-1.0408340855860843e-17
PGSA120,0.0,0.0
PGSA140,0.0,0.0
PGSA141,0.0,0.0
PGSA160,0.0,0.0
PGSA161,0.0,0.0
PGSA180,0.00805077618355413,0.0
PGSA181,0.0,0.0
PGSAAI15,0.0,0.0
PGSAAI17,0.00805077618355413,-2.7755575615628914e-17
PGSAI14,0.0,0.0
PGSAI15,0.0,0.0
PGSAI16,0.0,0.0
PGSAI17,0.00805077618355413,-1.3877787807814457e-17
PHETA1,0.0,-0.0
PHEt2r,0.05506190509719626,0.0
PHPB2i,0.0,0.0
PHYCBOXL,0.0,0.0
PIMEtr,0.0,-0.0
PIabc,0.0,-0.027003548130849916
PIt7ir,0.0,-0.02653716560700104
PLPS,0.0,-0.0638011292625262
PMANM,0.0,-0.0
PMDPHT,0.004962540528976776,0.0
PMPK,0.002481270264488388,0.0
PMTCOATA,0.0,0.0
PNP,0.0,-0.0
PNTK,0.004962540528976828,0.0
PNTOt4,0.004962540528976828,0.0
PPA,2.7824129831643303,0.0
PPA2,0.0,-0.001865530095395522
PPAKr,3.0453006023772042,0.0
PPAt2,3.0453006023772042,0.0
PPBNGS,0.009925081057953552,0.0
PPC,7.10537523067764,0.0
PPCDC,0.004962540528976828,0.0
PPCK,0.0,-0.001865530095395522
PPHTDK,0.0,6.938893903907228e-18
PPHTDT,0.0,6.938893903907228e-18
PPM,0.3554639023784152,0.0
PPNCL3,0.004962540528976828,-3.469446951953614e-18
PPND,0.0,-0.006902461352963338
PPND2,0.0,-0.006902461352963338
PPNDH,0.0,0.0
PPPH,0.0,0.0
PPTT,0.0024812702644883876,6.938893903907228e-18
PRAGS,0.0,0.0
PRAI,0.017030782565280705,0.0
PRAIS,0.0,0.0
PRAMPC,0.0,0.0
PRASCSi,0.0,0.0
PRATPP,0.0,0.0
PRDX,0.0,0.0
PRFGS,0.0,-0.032646776669421444
PRMICI,0.0,-0.0
PRO1x,0.1296758126011606,0.0
PROD2,0.0,-0.0016323388334710948
PROD3,0.0,-0.0
PROt2r,0.0,0.0
PROt4,0.18,0.0
PRPPS,1.02112662701953,-1.9081958235744878e-17
PSCVT,0.017030782565280705,0.0
PSD120,0.0,0.0
PSD140,0.0,0.0
PSD141,0.0,0.0
PSD160,0.0,0.0
PSD161,0.0,0.0
PSD180,0.0026835920611847095,0.0
PSD181,0.0,0.0
PSDAI15,0.0,0.0
PSDAI17,0.0026835920611847095,0.0
PSDI14,0.0,0.0
PSDI15,0.0,0.0
PSDI16,0.0,0.0
PSDI17,0.0026835920611847095,0.0
PSERT,0.0,0.0
PSP_D,0.0,0.0
PSP_L,0.0,-0.0018655300953955359
PSSA120,0.0,0.0
PSSA140,0.0,0.0
PSSA141,0.0,0.0
PSSA160,0.0,0.0
PSSA161,0.0,0.0
PSSA180,0.0026835920611847095,0.0
PSSA181,0.0,0.0
PSSAAI15,0.0,0.0
PSSAAI17,0.0026835920611847095,-1.3877787807814457e-17
PSSAI14,0.0,0.0
PSSAI15,0.0,0.0
PSSAI16,0.0,0.0
PSSAI17,0.0026835920611847095,-1.3877787807814457e-17
PTA2,3.0453006023772042,0.0
PTAr,18.116967538734112,0.0
PTPAT,0.004962540528976828,0.0
PUNP1,0.3554639023784152,1.734723475976807e-18
PUNP2,-0.36787025370085713,-0.0
PUNP3,0.0,3.469446951953614e-18
PUNP4,0.9966520336607851,0.0
PUNP5,0.0,1.734723475976807e-18
PUNP6,0.0,0.0
PUNP7,0.0,-0.0
PUTA3,0.0,0.0
PYDAMK,0.0,0.0
PYDAMabc,0.0,-0.001865530095395522
PYDXK,0.002481270264488388,0.0
PYDXNK,0.0,0.0
PYDXNabc,0.0,-0.001865530095395522
PYDXabc,0.002481270264488388,0.0
PYK,0.5575799859731454,-6.938893903907228e-18
PYNP1r,0.0,-1.734723475976807e-18
PYNP2r,0.0,-6.938893903907228e-18
PYRCT,3.0453006023772042,0.0
QULNS,0.0,0.0
R05224,0.0,0.0
RAFH,0.0,0.0
RB5PE,0.0,-0.0
RBFK,0.002481270264488388,0.0
RBFSa,0.009925081057953552,0.0
RBFSb,0.004962540528976776,0.0
RBK,0.0,0.0
RBK_D,0.17878295,-1.734723475976807e-18
RDH1,0.0,-0.0
RE1944C,0.0,-0.0
RE3009C,0.0,-0.02359895570675319
RHCCE,0.009925081057953552,0.0
RIBabc,0.17878295,0.0
RNDR1,1.5774857666556312,0.0
RNDR2,0.0,4.163336342344337e-17
RNDR3,0.0,-0.001865530095395522
RNDR4,0.9830151570456466,0.0
RPE,-0.33688016465447257,-0.0
RPI,-0.505738033596519,-0.0
RZ5PP,0.002481270264488388,0.0
S17BPH,0.0,-0.001865530095395522
SADT2,0.0,0.0
SALCS2,0.0,0.0
SALCpts,0.0,0.0
SBTD_D2,0.0,0.0
SBTpts,0.0,0.0
SELNPS,0.0,0.0
SERATi,0.009925081057953552,0.0
SERt2r,1.0,0.0
SGAT,0.010734368244738838,0.0
SHCHD2,0.002481270264488388,-1.3877787807814457e-17
SHCHF,0.002481270264488388,0.0
SHK3Dr,0.017030782565280705,0.0
SHKK,0.017030782565280705,0.0
SHSL1r,0.0,-0.0
SHSL2,0.0,-0.001865530095395515
SHSL4r,0.0,6.938893903907228e-18
SNCOAT,0.0,-0.0
SO4t2,0.002481270264488388,0.0
SPMS,0.002481270264488388,0.0
SPODM,0.0,0.0
SRTNt2,0.0,0.0
SSALyr,0.0,-0.0
SSQEPXS,0.0,0.0
STCOATA,0.0,0.0
STS1,0.0,0.0
SUCCITRDSs,1.0604402772336554,0.0
SUCCt2r,0.0,0.0
SUCD1,0.0,-1.3877787807814457e-17
SUCD4,1.9440818732304084,0.0
SUCDi,0.0,-4.163336342344337e-17
SUCDimq,1.0,0.0
SUCOAS,3.0453006023772042,0.0
SUCORNTC,1.0604402772336554,0.0
SUCR,0.0,0.0
SUCpts,0.07449289,0.0
SUDPDGT,0.002257728742744677,-6.938893903907228e-18
SUDPMGT,0.002257728742744677,-6.938893903907228e-18
SULR,0.0,0.0
TALA,-0.15992469104459592,-0.0
TARCGLYL,0.0,-0.0
TARTRDH,0.0,-0.0
TARTRDH2,0.0,-0.0
TDCOATA,0.0,-0.0
TDG3PACT,0.0,0.0
TECA1S180,0.002257728742744677,-5.551115123125783e-17
TECA1SAI17,0.002257728742744677,-5.551115123125783e-17
TECA1SI17,0.002257728742744677,0.0
TECA2S180,0.0005644321856861693,0.0
TECA2SAI17,0.0005644321856861693,0.0
TECA2SI17,0.0005644321856861693,0.0
TECA3S180,0.0005644321856861693,0.0
TECA3SAI17,0.0005644321856861693,-5.551115123125783e-17
TECA3SI17,0.0005644321856861693,-5.551115123125783e-17
TECA4S,0.0005644321856861693,-2.0122792321330962e-16
TECA5S140,0.0,-2.7755575615628914e-17
TECA5S160,0.0,-2.7755575615628914e-17
TECA5S180,0.0005644321856861693,-2.7755575615628914e-17
TECA5SAI15,0.0,-2.7755575615628914e-17
TECA5SAI17,0.0005644321856861693,-2.498001805406602e-16
TECA5SI14,0.0,-2.7755575615628914e-17
TECA5SI15,0.0,-2.7755575615628914e-17
TECA5SI16,0.0,-2.7755575615628914e-17
TECA5SI17,0.0005644321856861693,-2.498001805406602e-16
TECAAE,0.0005644321856861693,1.1102230246251565e-16
TECAGE,0.0005644321856861693,1.1102230246251565e-16
TECAUE,0.0005644321856861693,0.0
THIORDXi,0.0,-0.019774619011192276
THMDt2r,0.005051169601486935,0.0
THMt3,0.002481270264488388,0.0
THRAr,-0.628781779959928,-0.0
THRD_L,0.8053166779861536,0.0
THRPD,0.0,0.0
THRS,0.009925081057953552,0.0
THRt2r,0.225,0.0
THZPSN,0.0,0.0
TKT1,-0.15992469104459592,-0.0
TKT2,-0.17695547360987662,1.734723475976807e-18
TMDK1,0.0,0.0
TMDK2,0.005051169601486935,0.0
TMDS,0.0,-0.024624997259220655
TMN,0.002481270264488388,0.0
TMPK,0.002481270264488388,0.0
TMPPP,0.002481270264488388,0.0
TPI,5.466707794387864,0.0
TRDOXOX,0.0,-0.0
TRDRr,2.6108589251538747,0.0
TRE6PH,0.07449289,0.0
TREpts,0.07449289,0.0
TRIOK,1.9566914261835542,-3.469446951953614e-18
TRPO2,0.0,0.0
TRPS1,0.017030782565280705,6.938893903907228e-18
TRPS2,0.0,1.3877787807814457e-17
TRPS3,0.0,0.0
TRPTA,0.0,-0.0
TRSARr,0.0,0.0
TRSARry,0.0,0.0
TRYPTAt2,0.0,-0.07947158206384851
TSULST,0.0,-0.0
TYMt2r,0.0,-0.0
TYRCBOX,0.0,-0.0011659563096222056
TYRL,0.002481270264488388,0.0
TYRTA,0.0,-0.0
TYRt2r,0.037182864804432045,0.0
UAAGDS,0.0005644321856861693,0.0
UACMAMAT,0.0016932965570585078,5.551115123125783e-17
UAG2E,0.0016932965570585078,0.0
UAG2EMA,0.0,3.469446951953614e-18
UAG4E,0.016932965570585077,0.0
UAGCVT_r,0.0005644321856861693,0.0
UAGDP,0.062087540425478614,-3.469446951953614e-18
UAGPT2,0.0,3.469446951953614e-18
UAGPT3,0.0005644321856861693,4.5102810375396984e-17
UAMAGS,0.0005644321856861693,0.0
UAMAS,0.0005644321856861693,0.0
UAPGR,0.0005644321856861693,6.938893903907228e-18
UDCPDP,0.0005644321856861693,0.0
UDCPDPS,0.0005644321856861693,0.0
UDPG4E,0.0,-0.0
UDPGDr,0.0,-0.0
UGMDDS,0.0005644321856861693,2.7755575615628914e-17
UMPK,1.0191906943133298,0.0
UNK3,0.0,0.0
UPP3MT3,0.002481270264488388,0.0
UPP3S,0.002481270264488388,0.0
UPPDC1,0.0,0.0
UPPDC2b,0.0,0.0
UPPRT,0.0,-0.0018655300953954804
URAt2,0.0,-0.02858924871193616
URCN,0.0,0.0
UREA,0.0,-0.007462120381582095
URIDK3,-0.9830151570456466,-0.0
URIK1,1.0,0.0
URIK10,0.0,0.0
URIK11,0.0,0.0
URIK12,0.0,0.0
URIK13,0.0,0.0
URIK14,0.0,0.0
URIK2,0.0,0.0
URIK3,0.0,0.0
URIK4,0.0,0.0
URIK5,0.0,0.0
URIK6,0.0,0.0
URIK7,0.0,0.0
URIK8,0.0,0.0
URIK9,0.0,0.0
URIt2r,1.0,0.0
UTPATPT,-5.404749378299881,-0.0
VALTA,21.93677214899293,0.0
VALabc,0.0,-0.0013991475715466398
VALt2r,0.18,0.0
XPPTr,0.0,0.0
XTSNH,0.0,-0.001865530095395515
XYLI1,0.0,-0.0
XYLI2,0.0,0.0
XYLt,0.0,-0.0
YUMPS,0.0,-0.0
ZNabc,0.002481270264488388,0.0
dreplication,0.31251436004992483,0.0
pbiosynthesis,0.31251436004992483,0.0
r0010,0.0,-0.018142280177721196
r0060,1.2401823257760758,0.0
r0082,0.0,-0.018701939206339932
r0120,0.0,0.0
r0127,0.17864474497379465,0.0
r0163c,0.0,0.0
r0191,5.229159091167714,0.0
r0220,0.0,-0.0
r0236,0.0,0.0
r0318i,0.0,-0.001865530095395522
r0330,0.0,0.0
r0339,0.0,-0.001865530095395529
r0345,-1.5724345970541445,-0.0
r0377,0.0,-0.001865530095395522
r0392,0.0,-0.0
r0398,0.0,0.0
r0422,0.0,-0.0
r0456,0.003347966339214845,0.0
r0527,-0.004962540528975712,-0.0
r0556ci,0.0,-0.00876799144835888
r0570,0.628781779959928,0.0
r0578,0.0,-0.0
r0671,0.0,-6.938893903907228e-18
r0679,0.0,-0.0
r0708,0.0,0.0
r0739,0.0,-0.0
r0775,0.0,0.0
r0777,0.0,0.0
r0792,-0.002481270264488388,-0.0
r1144,0.0,0.0
r1384,0.0,-0.0
r1667,-1.0,-0.0
r2137,0.002481270264488388,0.0
rtranscription,0.31251436004992483,0.0
sink_PGPm1[c],-6.250287200998406e-08,-0.0
biomass128,0.31251436004992483,-1.1436638853827563e-17
