,0
23DHMPO,"Valine, leucine, and isoleucine metabolism"
23PDE2,Nucleotide interconversion
23PDE4,Nucleotide interconversion
23PDE7,Nucleotide interconversion
23PDE9,Nucleotide interconversion
26DAPLLAT,Lysine metabolism
26DAPt2r,"Transport, extracellular"
2AHBUTI,"Valine, leucine, and isoleucine metabolism"
2MBCOATA,Glycerophospholipid metabolism
2OBUTt2r,"Transport, extracellular"
3HACPR1,Biotin metabolism
3HACPR2,Biotin metabolism
3HAD100,Fatty acid synthesis
3HAD10M11,Fatty acid synthesis
3HAD10M12,Fatty acid synthesis
3HAD11M12,Fatty acid synthesis
3HAD120,Fatty acid synthesis
3HAD12M13,Fatty acid synthesis
3HAD12M14,Fatty acid synthesis
3HAD13M14,Fatty acid synthesis
3HAD140,Fatty acid synthesis
3HAD14M15,Fatty acid synthesis
3HAD14M16,Fatty acid synthesis
3HAD15M16,Fatty acid synthesis
3HAD160,Fatty acid synthesis
3HAD180,Fatty acid synthesis
3HAD40,Fatty acid synthesis
3HAD4M5,Fatty acid synthesis
3HAD4M6,Fatty acid synthesis
3HAD5M6,Fatty acid synthesis
3HAD60,Fatty acid synthesis
3HAD6M7,Fatty acid synthesis
3HAD6M8,Fatty acid synthesis
3HAD7M8,Fatty acid synthesis
3HAD80,Fatty acid synthesis
3HAD8M10,Fatty acid synthesis
3HAD8M9,Fatty acid synthesis
3HAD9M10,Fatty acid synthesis
3MOBS,"Valine, leucine, and isoleucine metabolism"
3OAACPR1,Biotin metabolism
3OAACPR2,Biotin metabolism
3OAR100,Fatty acid synthesis
3OAR10M11,Fatty acid synthesis
3OAR10M12,Fatty acid synthesis
3OAR11M12,Fatty acid synthesis
3OAR120,Fatty acid synthesis
3OAR12M13,Fatty acid synthesis
3OAR12M14,Fatty acid synthesis
3OAR13M14,Fatty acid synthesis
3OAR140,Fatty acid synthesis
3OAR14M15,Fatty acid synthesis
3OAR14M16,Fatty acid synthesis
3OAR15M16,Fatty acid synthesis
3OAR160,Fatty acid synthesis
3OAR180,Fatty acid synthesis
3OAR40,Fatty acid synthesis
3OAR4M5,Fatty acid synthesis
3OAR4M6,Fatty acid synthesis
3OAR5M6,Fatty acid synthesis
3OAR60,Fatty acid synthesis
3OAR6M7,Fatty acid synthesis
3OAR6M8,Fatty acid synthesis
3OAR7M8,Fatty acid synthesis
3OAR80,Fatty acid synthesis
3OAR8M10,Fatty acid synthesis
3OAR8M9,Fatty acid synthesis
3OAR9M10,Fatty acid synthesis
3OAS100,Fatty acid synthesis
3OAS10M11,Fatty acid synthesis
3OAS10M12,Fatty acid synthesis
3OAS11M12,Fatty acid synthesis
3OAS120,Fatty acid synthesis
3OAS12M13,Fatty acid synthesis
3OAS12M14,Fatty acid synthesis
3OAS13M14,Fatty acid synthesis
3OAS140,Fatty acid synthesis
3OAS160,Fatty acid synthesis
3OAS180,Fatty acid synthesis
3OAS2M3,Fatty acid synthesis
3OAS3M4,Fatty acid synthesis
3OAS4M3O6,Fatty acid synthesis
3OAS4M5,Fatty acid synthesis
3OAS4M6,Fatty acid synthesis
3OAS5M6,Fatty acid synthesis
3OAS60,Fatty acid synthesis
3OAS6M7,Fatty acid synthesis
3OAS6M8,Fatty acid synthesis
3OAS7M8,Fatty acid synthesis
3OAS80,Fatty acid synthesis
3OAS8M10,Fatty acid synthesis
3OAS8M9,Fatty acid synthesis
3OAS9M10,Fatty acid synthesis
4HBZt2,"Transport, extracellular"
4HTHRS,Vitamin B6 metabolism
4NTPPH2,Aminobenzoate degradation
5AIZCDC,Purine catabolism
A5PISO,Pentose and glucuronate interconversions
AACPS6,Fatty acid synthesis
AACPS7,Fatty acid synthesis
AADSACYCL,"Tropane, piperidine and pyridine alkaloid biosynthesis"
ABTOXy,Pentose and glucuronate interconversions
ACALD,Pyruvate metabolism
ACALDt,"Transport, extracellular"
ACBIPGT,Vitamin B12 metabolism
ACCOAC,Fatty acid oxidation
ACGAM2E,Aminosugar metabolism
ACGAMK,Aminosugar metabolism
ACGAMT,Cell wall biosynthesis
ACGAMtr2,"Transport, extracellular"
ACGK,Arginine and proline metabolism
ACGS,Urea cycle
ACHBPL,"Valine, leucine, and isoleucine metabolism"
ACKr,Pyruvate metabolism
ACLS_a,"Valine, leucine, and isoleucine metabolism"
ACLS_b,"Valine, leucine, and isoleucine metabolism"
ACNML,Aminosugar metabolism
ACOAAGPAT140,Glycerophospholipid metabolism
ACOAAGPAT160,Glycerophospholipid metabolism
ACOAAGPAT180,Glycerophospholipid metabolism
ACOAAGPATAI15,Glycerophospholipid metabolism
ACOAAGPATAI17,Glycerophospholipid metabolism
ACOAAGPATI14,Glycerophospholipid metabolism
ACOAAGPATI15,Glycerophospholipid metabolism
ACOAAGPATI16,Glycerophospholipid metabolism
ACOAAGPATI17,Glycerophospholipid metabolism
ACOATA,Fatty acid oxidation
ACOCT,Arginine and proline metabolism
ACODAr,Urea cycle
ACONT,Citric acid cycle
ACONTa,Citric acid cycle
ACONTb,Citric acid cycle
ACOTA,Arginine and proline metabolism
ACPS1,CoA synthesis
ACS,Glycolysis/gluconeogenesis
ACTNDH,Butanoate metabolism
ACt2r,"Transport, extracellular"
ADCL,Folate metabolism
ADCPS1,Vitamin B12 metabolism
ADCPS2,Vitamin B12 metabolism
ADCS,Folate metabolism
ADCYRS,Vitamin B12 metabolism
ADEt2r,"Transport, extracellular"
ADK1,Nucleotide interconversion
ADK10,Nucleotide interconversion
ADK11,Nucleotide interconversion
ADK2,Nucleotide interconversion
ADK3,Nucleotide interconversion
ADK5,Nucleotide interconversion
ADK7,Nucleotide interconversion
ADK8,Nucleotide interconversion
ADK9,Nucleotide interconversion
ADNCNT3tc,"Transport, extracellular"
ADOCBIK,Vitamin B12 metabolism
ADOCBIK2,Vitamin B12 metabolism
ADOCBLS,Vitamin B12 metabolism
ADOCBLabc,"Transport, extracellular"
ADPRDP,Nucleotide interconversion
ADPT,Nucleotide salvage pathway
ADSELK,Nucleotide interconversion
ADSK,Nucleotide interconversion
ADSL1r,Purine synthesis
ADSL2r,Purine synthesis
ADSS,Nucleotide interconversion
AEPPT,Phosphonate and phosphinate metabolism
AGDC,Aminosugar metabolism
AGMD,Arginine and proline metabolism
AGMHE,Lipopolysaccharide biosynthesis
AGPAT120,Glycerophospholipid metabolism
AGPAT140,Glycerophospholipid metabolism
AGPAT141,Glycerophospholipid metabolism
AGPAT160,Glycerophospholipid metabolism
AGPAT161,Glycerophospholipid metabolism
AGPAT180,Glycerophospholipid metabolism
AGPAT181,Glycerophospholipid metabolism
AGPR,Urea cycle
AHCYSNS_r,Methionine and cysteine metabolism
AHEXASE3,Aminosugar metabolism
AHMMPS,Thiamine metabolism
AHSERL2,Methionine and cysteine metabolism
AHSERL3,Methionine and cysteine metabolism
AICART,Purine synthesis
AIHPDCOATA,Glycerophospholipid metabolism
AIPDCOATA,Glycerophospholipid metabolism
AIRC4,Purine synthesis
AKP1,Folate metabolism
ALAALA,Alanine and aspartate metabolism
ALAASP1c,Peptide metabolism
ALACI,"Valine, leucine, and isoleucine metabolism"
ALAD_R,Alanine and aspartate metabolism
ALAGLN1c,Peptide metabolism
ALAGLU1c,Peptide metabolism
ALAGLY1c,Peptide metabolism
ALAHIS1c,Peptide metabolism
ALALEU1c,Peptide metabolism
ALAR,Alanine and aspartate metabolism
ALATHR1c,Peptide metabolism
ALCD1,Miscellaneous
ALCD19,Pyruvate metabolism
ALCD2x,Glycolysis/gluconeogenesis
ALCD4,Pyruvate metabolism
ALDD1,Methane metabolism
ALKP,Glycerophospholipid metabolism
ALLTNRS,Purine catabolism
ALLTNS,Purine catabolism
ALTRH,Pentose and glucuronate interconversions
AMAA,Cell wall biosynthesis
AMALT1,Starch and sucrose metabolism
AMALT2,Starch and sucrose metabolism
AMALT3,Starch and sucrose metabolism
AMALT4,Starch and sucrose metabolism
AMAOTr,Biotin metabolism
AMMQT8r,Ubiquinone and other terpenoid-quinone biosynthesis
AMOPBHL,Vitamin B6 metabolism
AMPMS2,Thiamine metabolism
AMPN,Nucleotide interconversion
AMPTASECG,Glutathione metabolism
AMPTASEGC,Peptide metabolism
ANPRT,Tryptophan metabolism
ANS,Tryptophan metabolism
ANS2,Tryptophan metabolism
AOBUTDs,"Glycine, serine, alanine, and threonine metabolism"
AOXHEXCYCL,Lysine metabolism
AOXSr,Biotin metabolism
AOXSr2,Biotin metabolism
APPLDH,"Glycine, serine, alanine, and threonine metabolism"
APRAUR,Vitamin B2 metabolism
ARABASE3e,Plant polysaccharide degradation
ARAI,Pentose and glucuronate interconversions
ARBt2r,"Transport, extracellular"
ARGDC,Arginine and proline metabolism
ARGN,Urea cycle
ARGSL,Alanine and aspartate metabolism
ARGSS,Alanine and aspartate metabolism
ARGt2r,"Transport, extracellular"
ARSENBabc,"Transport, extracellular"
ASAD,"Glycine, serine, alanine, and threonine metabolism"
ASNS1,Alanine and aspartate metabolism
ASNS2,Alanine and aspartate metabolism
ASNt2r,"Transport, extracellular"
ASP1DC,beta-Alanine metabolism
ASPCT,Pyrimidine synthesis
ASPKi,"Glycine, serine, alanine, and threonine metabolism"
ASPO1,NAD metabolism
ASPO5,NAD metabolism
ASPO6,NAD metabolism
ASPO7,NAD metabolism
ASPT,Alanine and aspartate metabolism
ASPTA,Alanine and aspartate metabolism
ATPPRT,Histidine metabolism
ATPS4,Respiration
BACCLi,Biotin metabolism
BGLA,Starch and sucrose metabolism
BGLAr,Starch and sucrose metabolism
BPNT,Nucleotide interconversion
BTNCL,Biotin metabolism
BTNabc,"Transport, extracellular"
BTS4,Biotin metabolism
BUTKr,Butanoate metabolism
CA2abc,"Transport, extracellular"
CBIAT,Vitamin B12 metabolism
CBL1abc,"Transport, extracellular"
CBL2abc,"Transport, extracellular"
CBLAT,Vitamin B12 metabolism
CBMTHL2,Nitrogen metabolism
CBPS,Pyrimidine synthesis
CD2abc1,"Transport, extracellular"
CDOSKT,Lipopolysaccharide biosynthesis
CDPGHL,Aminosugar metabolism
CDPMEK,Terpenoid backbone biosynthesis
CGLYabc,"Transport, extracellular"
CHOLSH,"Glycine, serine, alanine, and threonine metabolism"
CHORM,Phenylalanine metabolism
CHORS,Phenylalanine metabolism
CHORt,"Transport, extracellular"
CHTBSabc,"Transport, extracellular"
CITRAMALS,"Valine, leucine, and isoleucine metabolism"
CLPNS140,Glycerophospholipid metabolism
CLPNS160,Glycerophospholipid metabolism
CLPNS180,Glycerophospholipid metabolism
CLPNSAI15,Glycerophospholipid metabolism
CLPNSAI17,Glycerophospholipid metabolism
CLPNSI14,Glycerophospholipid metabolism
CLPNSI15,Glycerophospholipid metabolism
CLPNSI16,Glycerophospholipid metabolism
CLPNSI17,Glycerophospholipid metabolism
CMLDC,Benzoate degradation
CO2t,"Transport, extracellular"
COBALTt5,"Transport, extracellular"
CPC2MT,Vitamin B12 metabolism
CPC3MT,Vitamin B12 metabolism
CPC4MT,Vitamin B12 metabolism
CPC5MT,Vitamin B12 metabolism
CPC6MT,Vitamin B12 metabolism
CPC6R,Vitamin B12 metabolism
CPC8MM,Vitamin B12 metabolism
CRO4t3,"Transport, extracellular"
CSNt2,"Transport, extracellular"
CTBTabc,"Transport, extracellular"
CTPS1,Nucleotide interconversion
CTPS2,Pyrimidine synthesis
CYRDAAT,Vitamin B12 metabolism
CYRDAR,Vitamin B12 metabolism
CYRDAS,Vitamin B12 metabolism
CYSS,Methionine and cysteine metabolism
CYSS3r,Methionine and cysteine metabolism
CYSTGL,Methionine and cysteine metabolism
CYSTS,Methionine and cysteine metabolism
CYSt2r,"Transport, extracellular"
CYTBD,Respiration
CYTBD2,Respiration
CYTD,Pyrimidine catabolism
CYTDK1,Nucleotide interconversion
CYTDK2,Nucleotide interconversion
CYTDK3,Nucleotide interconversion
CYTDK4,Nucleotide interconversion
CYTDt2r,"Transport, extracellular"
CYTK1,Nucleotide interconversion
CYTK2,Nucleotide interconversion
Cuabc,"Transport, extracellular"
Cut1,"Transport, extracellular"
DADNt2r,"Transport, extracellular"
DAGK120,Glycerophospholipid metabolism
DAGK140,Glycerophospholipid metabolism
DAGK141,Glycerophospholipid metabolism
DAGK160,Glycerophospholipid metabolism
DAGK161,Glycerophospholipid metabolism
DAGK180,Glycerophospholipid metabolism
DAGK181,Glycerophospholipid metabolism
DAPDC,Lysine metabolism
DAPE,Lysine metabolism
DAPMDH,Folate metabolism
DASYN120,Glycerophospholipid metabolism
DASYN140,Glycerophospholipid metabolism
DASYN141,Glycerophospholipid metabolism
DASYN160,Glycerophospholipid metabolism
DASYN161,Glycerophospholipid metabolism
DASYN180,Glycerophospholipid metabolism
DASYN181,Glycerophospholipid metabolism
DASYNAI15,Glycerophospholipid metabolism
DASYNAI17,Glycerophospholipid metabolism
DASYNI14,Glycerophospholipid metabolism
DASYNI15,Glycerophospholipid metabolism
DASYNI16,Glycerophospholipid metabolism
DASYNI17,Glycerophospholipid metabolism
DB4PS,Vitamin B2 metabolism
DBTS,Biotin metabolism
DCMPDA,Pyrimidine catabolism
DCYTD,Pyrimidine catabolism
DCYTt2r,"Transport, extracellular"
DDCAt,"Transport, extracellular"
DDGLK,Pentose and glucuronate interconversions
DDPA,Phenylalanine metabolism
DDPGA,Arginine and proline metabolism
DGK1,Nucleotide interconversion
DGSNt2,"Transport, extracellular"
DHAD1,"Valine, leucine, and isoleucine metabolism"
DHAD2,"Valine, leucine, and isoleucine metabolism"
DHDPRy,Lysine metabolism
DHDPS,Lysine metabolism
DHFOR2,Folate metabolism
DHFR,Folate metabolism
DHFS,Folate metabolism
DHNAOPT,Ubiquinone and other terpenoid-quinone biosynthesis
DHNAOT4,Ubiquinone and other terpenoid-quinone biosynthesis
DHNPA,Folate metabolism
DHNPA2,Folate metabolism
DHORD2,Pyrimidine synthesis
DHORD5,Pyrimidine synthesis
DHORDfum,Pyrimidine synthesis
DHORDi,Pyrimidine synthesis
DHORTS,Pyrimidine synthesis
DHPPDA,Vitamin B2 metabolism
DHPS,Folate metabolism
DHPS2,Folate metabolism
DHQS,Phenylalanine metabolism
DHQTi,Phenylalanine metabolism
DINSt2,"Transport, extracellular"
DMATT,Cholesterol metabolism
DMLARGAH,Others
DMPPS,Terpenoid backbone biosynthesis
DMPPS2r,Terpenoid backbone biosynthesis
DM_4HBA,Exchange/demand reaction
DM_AMOB,Exchange/demand reaction
DM_atp_c_,Exchange/demand reaction
DM_btn,Exchange/demand reaction
DM_dad_5,Exchange/demand reaction
DM_dhptd(c),Exchange/demand reaction
DM_kdo2lipid4L(c),Exchange/demand reaction
DM_pheme(c),Exchange/demand reaction
DPCOAK,CoA synthesis
DPRr,CoA synthesis
DRBK,Pentose phosphate pathway
DRIBabc,"Transport, extracellular"
DRPAr,Pentose phosphate pathway
DTMPK,Nucleotide interconversion
DURIK1,Nucleotide interconversion
DURIPP,Nucleotide interconversion
DURIt2,"Transport, extracellular"
DUTPDP,Pyrimidine catabolism
DXPRIr,Terpenoid backbone biosynthesis
DXPS,Terpenoid backbone biosynthesis
D_LACD,Pyruvate metabolism
D_LACt2,"Transport, extracellular"
E4PD,Vitamin B6 metabolism
EACPR1,Biotin metabolism
EACPR2,Biotin metabolism
EAR100x,Fatty acid synthesis
EAR10M11x,Fatty acid synthesis
EAR10M12x,Fatty acid synthesis
EAR11M12x,Fatty acid synthesis
EAR120x,Fatty acid synthesis
EAR12M13x,Fatty acid synthesis
EAR12M14x,Fatty acid synthesis
EAR13M14x,Fatty acid synthesis
EAR140x,Fatty acid synthesis
EAR14M15x,Fatty acid synthesis
EAR14M16x,Fatty acid synthesis
EAR15M16x,Fatty acid synthesis
EAR160x,Fatty acid synthesis
EAR180x,Fatty acid synthesis
EAR40x,Fatty acid synthesis
EAR4M5x,Fatty acid synthesis
EAR4M6x,Fatty acid synthesis
EAR5M6x,Fatty acid synthesis
EAR60x,Fatty acid synthesis
EAR6M7x,Fatty acid synthesis
EAR6M8x,Fatty acid synthesis
EAR7M8x,Fatty acid synthesis
EAR80x,Fatty acid synthesis
EAR8M10x,Fatty acid synthesis
EAR8M9x,Fatty acid synthesis
EAR9M10x,Fatty acid synthesis
EDA_R,Pentose phosphate pathway
EDTXS1,Lipopolysaccharide biosynthesis
EDTXS2,Lipopolysaccharide biosynthesis
EHGLAT,Arginine and proline metabolism
ENO,Glycolysis/gluconeogenesis
ETOHt,"Transport, extracellular"
EX_26dap_M(e),Exchange/demand reaction
EX_2obut(e),Exchange/demand reaction
EX_3dhcdchol(e),Exchange/demand reaction
EX_3dhchol(e),Exchange/demand reaction
EX_4hbz(e),Exchange/demand reaction
EX_C02528(e),Exchange/demand reaction
EX_ac(e),Exchange/demand reaction
EX_acald(e),Exchange/demand reaction
EX_acgam(e),Exchange/demand reaction
EX_ade(e),Exchange/demand reaction
EX_adn(e),Exchange/demand reaction
EX_adocbl(e),Exchange/demand reaction
EX_arab_L(e),Exchange/demand reaction
EX_arabttr(e),Exchange/demand reaction
EX_arg_L(e),Exchange/demand reaction
EX_arsenb(e),Exchange/demand reaction
EX_asn_L(e),Exchange/demand reaction
EX_biomass(e),Exchange/demand reaction
EX_btn(e),Exchange/demand reaction
EX_ca2(e),Exchange/demand reaction
EX_cbl1(e),Exchange/demand reaction
EX_cbl2(e),Exchange/demand reaction
EX_cd2(e),Exchange/demand reaction
EX_cgly(e),Exchange/demand reaction
EX_cholate(e),Exchange/demand reaction
EX_chor(e),Exchange/demand reaction
EX_chtbs(e),Exchange/demand reaction
EX_cit(e),Exchange/demand reaction
EX_cl(e),Exchange/demand reaction
EX_co2(e),Exchange/demand reaction
EX_cobalt2(e),Exchange/demand reaction
EX_cro4(e),Exchange/demand reaction
EX_csn(e),Exchange/demand reaction
EX_ctbt(e),Exchange/demand reaction
EX_cu2(e),Exchange/demand reaction
EX_cys_L(e),Exchange/demand reaction
EX_cytd(e),Exchange/demand reaction
EX_dad_2(e),Exchange/demand reaction
EX_dcyt(e),Exchange/demand reaction
EX_ddca(e),Exchange/demand reaction
EX_dgchol(e),Exchange/demand reaction
EX_dgsn(e),Exchange/demand reaction
EX_din(e),Exchange/demand reaction
EX_drib(e),Exchange/demand reaction
EX_duri(e),Exchange/demand reaction
EX_etoh(e),Exchange/demand reaction
EX_fe2(e),Exchange/demand reaction
EX_fe3(e),Exchange/demand reaction
EX_fol(e),Exchange/demand reaction
EX_for(e),Exchange/demand reaction
EX_gal(e),Exchange/demand reaction
EX_galt(e),Exchange/demand reaction
EX_galur(e),Exchange/demand reaction
EX_gbbtn(e),Exchange/demand reaction
EX_gcald(e),Exchange/demand reaction
EX_gchola(e),Exchange/demand reaction
EX_glcur(e),Exchange/demand reaction
EX_glu_L(e),Exchange/demand reaction
EX_gly(e),Exchange/demand reaction
EX_glyb(e),Exchange/demand reaction
EX_glyclt(e),Exchange/demand reaction
EX_gsn(e),Exchange/demand reaction
EX_gua(e),Exchange/demand reaction
EX_h(e),Exchange/demand reaction
EX_h2(e),Exchange/demand reaction
EX_h2o(e),Exchange/demand reaction
EX_h2s(e),Exchange/demand reaction
EX_hdca(e),Exchange/demand reaction
EX_hg2(e),Exchange/demand reaction
EX_icdchol(e),Exchange/demand reaction
EX_ins(e),Exchange/demand reaction
EX_isobut(e),Exchange/demand reaction
EX_isocapr(e),Exchange/demand reaction
EX_isochol(e),Exchange/demand reaction
EX_isoval(e),Exchange/demand reaction
EX_k(e),Exchange/demand reaction
EX_lac_D(e),Exchange/demand reaction
EX_lac_L(e),Exchange/demand reaction
EX_leu_L(e),Exchange/demand reaction
EX_lys_L(e),Exchange/demand reaction
EX_mantr(e),Exchange/demand reaction
EX_mg2(e),Exchange/demand reaction
EX_mn2(e),Exchange/demand reaction
EX_na1(e),Exchange/demand reaction
EX_nac(e),Exchange/demand reaction
EX_ncam(e),Exchange/demand reaction
EX_nh4(e),Exchange/demand reaction
EX_o2(e),Exchange/demand reaction
EX_ocdca(e),Exchange/demand reaction
EX_ocdcea(e),Exchange/demand reaction
EX_orn(e),Exchange/demand reaction
EX_pb(e),Exchange/demand reaction
EX_pheme(e),Exchange/demand reaction
EX_pi(e),Exchange/demand reaction
EX_ppa(e),Exchange/demand reaction
EX_ppi(e),Exchange/demand reaction
EX_pro_L(e),Exchange/demand reaction
EX_ptrc(e),Exchange/demand reaction
EX_pydam(e),Exchange/demand reaction
EX_pydx(e),Exchange/demand reaction
EX_pydxn(e),Exchange/demand reaction
EX_rib_D(e),Exchange/demand reaction
EX_rmn(e),Exchange/demand reaction
EX_ser_L(e),Exchange/demand reaction
EX_sheme(e),Exchange/demand reaction
EX_so4(e),Exchange/demand reaction
EX_spmd(e),Exchange/demand reaction
EX_stys(e),Exchange/demand reaction
EX_succ(e),Exchange/demand reaction
EX_taur(e),Exchange/demand reaction
EX_tchola(e),Exchange/demand reaction
EX_tdchola(e),Exchange/demand reaction
EX_thr_L(e),Exchange/demand reaction
EX_thymd(e),Exchange/demand reaction
EX_ttdca(e),Exchange/demand reaction
EX_ura(e),Exchange/demand reaction
EX_urea(e),Exchange/demand reaction
EX_uri(e),Exchange/demand reaction
EX_val_L(e),Exchange/demand reaction
EX_xan(e),Exchange/demand reaction
EX_xyl_D(e),Exchange/demand reaction
EX_zn2(e),Exchange/demand reaction
FACOAL140,Fatty acid synthesis
FACOAL160,Fatty acid synthesis
FACOAL161,Fatty acid synthesis
FACOAL180,Fatty acid synthesis
FACOAL181,Fatty acid synthesis
FACOALAI15,Fatty acid synthesis
FACOALAI17,Fatty acid synthesis
FACOALI14,Fatty acid synthesis
FACOALI15,Fatty acid synthesis
FACOALI16,Fatty acid synthesis
FACOALI17,Fatty acid synthesis
FBA,Glycolysis/gluconeogenesis
FBA2,Fructose and mannose metabolism
FBA3,Pentose phosphate pathway
FBP,Glycolysis/gluconeogenesis
FCI,Fructose and mannose metabolism
FE2abc,"Transport, extracellular"
FE3abc,"Transport, extracellular"
FEDCabc,"Transport, extracellular"
FERO,Vitamin B2 metabolism
FFSD,Starch and sucrose metabolism
FMNAT,Vitamin B2 metabolism
FMNRx2,Vitamin B2 metabolism
FOLD3,Folate metabolism
FOLabc,"Transport, extracellular"
FORTHFC,Folate metabolism
FORt2r,"Transport, extracellular"
FPGS,Folate metabolism
FPGS7,Folate metabolism
FPGS_tm,Folate metabolism
FRD2,Citric acid cycle
FRD3,Citric acid cycle
FRD7,Citric acid cycle
FTHFCL,Folate metabolism
FTHFD,Folate metabolism
FTHFL,Folate metabolism
FUM,Citric acid cycle
G1PACT,Cell wall biosynthesis
G1PCT,Starch and sucrose metabolism
G1PTT,Nucleotide sugar metabolism
G1SAT,Heme synthesis
G3PAT140,Glycerophospholipid metabolism
G3PD1,Glycerophospholipid metabolism
G3PD2,Glycerophospholipid metabolism
G5SADs,Urea cycle
G5SDr,Arginine and proline metabolism
G6PBDH,Pentose phosphate pathway
G6PDA,Aminosugar metabolism
G6PDH2r,Pentose phosphate pathway
G6PI,Glycolysis/gluconeogenesis
G6PI3,Glycolysis/gluconeogenesis
GACPCD,Biotin metabolism
GALK,Galactose metabolism
GALM1r,Glycolysis/gluconeogenesis
GALS3,Plant polysaccharide degradation
GALT1,Lipopolysaccharide biosynthesis
GALTpts,"Transport, extracellular"
GALURt2r,"Transport, extracellular"
GALUi,Galactose metabolism
GALt2_2,"Transport, extracellular"
GAPD,Glycolysis/gluconeogenesis
GARFTi,Purine synthesis
GART,Purine synthesis
GBBTNabc,"Transport, extracellular"
GCALDDr,Glyoxylate and dicarboxylate metabolism
GCALDt,"Transport, extracellular"
GCCa,"Glycine, serine, alanine, and threonine metabolism"
GCCb,"Glycine, serine, alanine, and threonine metabolism"
GCCc,"Glycine, serine, alanine, and threonine metabolism"
GCDCHOLBHSe,Bile acid metabolism
GCHOLBHSe,Bile acid metabolism
GF6PTA,Aminosugar metabolism
GFUCS,Fructose and mannose metabolism
GHMT2r,"Glycine, serine, alanine, and threonine metabolism"
GK1,Nucleotide interconversion
GK2,Nucleotide interconversion
GLCP3,Starch and sucrose metabolism
GLCTR1,Lipopolysaccharide biosynthesis
GLCTR2,Lipopolysaccharide biosynthesis
GLCTR3,Lipopolysaccharide biosynthesis
GLCURt2r,"Transport, extracellular"
GLNS,Glutamate metabolism
GLNSP1,Cell wall biosynthesis
GLNSP2,Cell wall biosynthesis
GLNSP3,Cell wall biosynthesis
GLU5K,Arginine and proline metabolism
GLUDC,Glutamate metabolism
GLUDxi,Glutamate metabolism
GLUDy,Glutamate metabolism
GLUFORT,Folate metabolism
GLUN,Glutamate metabolism
GLUOX,Glutamate metabolism
GLUPRT,Purine synthesis
GLUR,Glutamate metabolism
GLUSy,Glutamate metabolism
GLUTRR,tRNA Charging
GLUTRS,tRNA Charging
GLUt2r,"Transport, extracellular"
GLYASN1c,Peptide metabolism
GLYASP1c,Peptide metabolism
GLYAT,"Glycine, serine, alanine, and threonine metabolism"
GLYBabc,"Transport, extracellular"
GLYCL,Folate metabolism
GLYCLTDx,Glyoxylate and dicarboxylate metabolism
GLYCLTDy,Glyoxylate and dicarboxylate metabolism
GLYCLTt2r,"Transport, extracellular"
GLYD,"Glycine, serine, alanine, and threonine metabolism"
GLYDy,"Glycine, serine, alanine, and threonine metabolism"
GLYGLN1c,Peptide metabolism
GLYGLU1c,Peptide metabolism
GLYLEUHYDROc,Peptide metabolism
GLYMET1c,Peptide metabolism
GLYPHEHYc,Peptide metabolism
GLYPROPRO1c,Peptide metabolism
GLYTYR1c,Peptide metabolism
GLYt2r,"Transport, extracellular"
GMHEPAT,Lipopolysaccharide biosynthesis
GMHEPK,Lipopolysaccharide biosynthesis
GMHEPPA,Lipopolysaccharide biosynthesis
GMPS2,Nucleotide interconversion
GND,Pentose phosphate pathway
GPDDA1,Glycerophospholipid metabolism
GPDDA2,Glycerophospholipid metabolism
GPDDA4,Glycerophospholipid metabolism
GRTT,Cholesterol metabolism
GSNt2r,"Transport, extracellular"
GTPCI,Tetrahydrobiopterin metabolism
GTPCII,Vitamin B2 metabolism
GTPDPK,Vitamin B2 metabolism
GUAD,Purine catabolism
GUAt,"Transport, extracellular"
GUAt2,"Transport, extracellular"
GUI1,Pentose and glucuronate interconversions
GUI2,Pentose and glucuronate interconversions
H2CO3D,Miscellaneous
H2Ot,"Transport, extracellular"
H2St,"Transport, extracellular"
H2td,"Transport, extracellular"
HDCAtr,"Transport, extracellular"
HEMEti,"Transport, extracellular"
HEPK1,Lipopolysaccharide biosynthesis
HEPK2,Lipopolysaccharide biosynthesis
HEPT1,Lipopolysaccharide biosynthesis
HEPT2,Lipopolysaccharide biosynthesis
HEPT3,Lipopolysaccharide biosynthesis
HEPT4,Lipopolysaccharide biosynthesis
HEX1,Glycolysis/gluconeogenesis
HEX7,Fructose and mannose metabolism
HEXb,Glycolysis/gluconeogenesis
HG2abc,"Transport, extracellular"
HISD,Histidine metabolism
HISTD,Histidine metabolism
HISTDOX,Histidine metabolism
HISTLOX,Histidine metabolism
HISTP,Histidine metabolism
HKt,"Transport, extracellular"
HMBS,Heme synthesis
HMPK1,Thiamine metabolism
HPPK,Folate metabolism
HPPK2,Folate metabolism
HSDx,"Glycine, serine, alanine, and threonine metabolism"
HSDy,"Glycine, serine, alanine, and threonine metabolism"
HSK,"Glycine, serine, alanine, and threonine metabolism"
HSST,Methionine and cysteine metabolism
HSTPTr,Histidine metabolism
HYD1,Respiration
HYD4,Respiration
IAHDGK,Glycerophospholipid metabolism
IAPDGK,Glycerophospholipid metabolism
IBCOATA,Glycerophospholipid metabolism
ICA3bHSDHe,Bile acid metabolism
ICDCA3bHSDHe,Bile acid metabolism
ICDHy,Citric acid cycle
ICHORS,Ubiquinone and other terpenoid-quinone biosynthesis
IG3PS,Histidine metabolism
IGPDH,Histidine metabolism
IGPS,Tryptophan metabolism
IHDCOATA,Glycerophospholipid metabolism
IHDGK,Glycerophospholipid metabolism
IHPDCOATA,Glycerophospholipid metabolism
IHXDGK,Glycerophospholipid metabolism
ILETA,"Valine, leucine, and isoleucine metabolism"
IMPC,Purine synthesis
IMPD,Nucleotide interconversion
INSt2,"Transport, extracellular"
IPDCOATA,Glycerophospholipid metabolism
IPDGK,Glycerophospholipid metabolism
IPDPS,Terpenoid backbone biosynthesis
IPDPS2,Terpenoid backbone biosynthesis
IPMDr,"Valine, leucine, and isoleucine metabolism"
IPPMIa,"Valine, leucine, and isoleucine metabolism"
IPPMIb,"Valine, leucine, and isoleucine metabolism"
ISOBUTt2r,"Transport, extracellular"
ISOCAPRt2r,"Transport, extracellular"
ISOVALt2r,"Transport, extracellular"
ITDCOATA,Glycerophospholipid metabolism
ITDGK,Glycerophospholipid metabolism
IVCOATA,Glycerophospholipid metabolism
IZPN,Histidine metabolism
KARA1,"Valine, leucine, and isoleucine metabolism"
KARA2,"Valine, leucine, and isoleucine metabolism"
KARA3,"Valine, leucine, and isoleucine metabolism"
KAS14,Fatty acid synthesis
KAS16,Fatty acid synthesis
KAS_HP,Fatty acid synthesis
KDOCT2,Lipopolysaccharide biosynthesis
KDOPP,Lipopolysaccharide biosynthesis
KDOPSr,Lipopolysaccharide biosynthesis
Kt1r,"Transport, extracellular"
Kt3,"Transport, extracellular"
L2A6ODs,Lysine metabolism
LACZ,Galactose metabolism
LARGNAT,Phenylalanine metabolism
LCADi,Pyruvate metabolism
LCARS,Glyoxylate and dicarboxylate metabolism
LDH_D,Pyruvate metabolism
LDH_D2,Pyruvate metabolism
LEUO,"Valine, leucine, and isoleucine metabolism"
LEUTA,"Valine, leucine, and isoleucine metabolism"
LEUt2r,"Transport, extracellular"
LGTHL,Pyruvate metabolism
LPADSS,Lipopolysaccharide biosynthesis
LPAMS,"Valine, leucine, and isoleucine metabolism"
LYSAM,Lysine metabolism
LYSt3r,"Transport, extracellular"
L_AROND,Tyrosine metabolism
L_LACt2r,"Transport, extracellular"
MADGBG,Starch and sucrose metabolism
MALCOACD,Biotin metabolism
MALCOAMT,Biotin metabolism
MALT,Starch and sucrose metabolism
MALTATr,Starch and sucrose metabolism
MAN1PT2,Fructose and mannose metabolism
MAN6PI,Fructose and mannose metabolism
MANA4,Plant polysaccharide degradation
MANAO,Pentose and glucuronate interconversions
MANTRabc,"Transport, extracellular"
MBDGBG,Starch and sucrose metabolism
MCOATA,Fatty acid oxidation
MDH,Citric acid cycle
ME2,Pyruvate metabolism
MECDPDH2,Terpenoid backbone biosynthesis
MECDPS,Terpenoid backbone biosynthesis
MEPCT,Terpenoid backbone biosynthesis
METALA1c,Peptide metabolism
METAT,Methionine and cysteine metabolism
METFR,Folate metabolism
METS,Methionine and cysteine metabolism
METSOXR1r,"Transport, extracellular"
MG2abc,"Transport, extracellular"
MGt5,"Transport, extracellular"
MI1PI,Inositol phosphate metabolism
MI1PP,Inositol phosphate metabolism
MI3PP,Inositol phosphate metabolism
MI4PP,Inositol phosphate metabolism
MMCD,"Valine, leucine, and isoleucine metabolism"
MME,Propanoate metabolism
MMM2r,Propanoate metabolism
MNNH,Pentose and glucuronate interconversions
MNt2,"Transport, extracellular"
MOAT,Lipopolysaccharide biosynthesis
MOAT3C,Lipopolysaccharide biosynthesis
MOHMT,CoA synthesis
MTAN,Arginine and proline metabolism
MTHFC,Folate metabolism
MTHFD,Folate metabolism
NACt2r,"Transport, extracellular"
NADH10,Respiration
NADH5,Respiration
NADH6,Respiration
NADH9,Respiration
NADK,NAD metabolism
NADK2,NAD metabolism
NADN,NAD metabolism
NADS1,NAD metabolism
NADS2,NAD metabolism
NAPRT,NAD metabolism
NAt3_1,"Transport, extracellular"
NCAMt2r,"Transport, extracellular"
NCPTRCA,Arginine and proline metabolism
NDPK1,Nucleotide interconversion
NDPK2,Nucleotide interconversion
NDPK3,Nucleotide interconversion
NDPK4,Nucleotide interconversion
NDPK5,Nucleotide interconversion
NDPK6,Nucleotide interconversion
NDPK7,Nucleotide interconversion
NDPK8,Nucleotide interconversion
NDPK9,Nucleotide interconversion
NH4tb,"Transport, extracellular"
NNAM,NAD metabolism
NNATr,NAD metabolism
NNDMBRT,NAD metabolism
NNDPR,NAD metabolism
NP1_r,NAD metabolism
NPHS,Ubiquinone and other terpenoid-quinone biosynthesis
NT5C,NAD metabolism
NTD1,Pyrimidine catabolism
NTD10,Nucleotide interconversion
NTD11,Purine catabolism
NTD2,Pyrimidine catabolism
NTD3,Pyrimidine catabolism
NTD4,Pyrimidine catabolism
NTD5,Pyrimidine catabolism
NTD5_a,Vitamin B2 metabolism
NTD6,Nucleotide interconversion
NTD7,Nucleotide interconversion
NTD8,Nucleotide interconversion
NTD9,Nucleotide interconversion
NTPP7,Nucleotide interconversion
NTPTP1,Nucleotide interconversion
O2t,"Transport, extracellular"
OAADC,Unassigned
OAASr,Citric acid cycle
OBTFL,Propanoate metabolism
OCBT,Urea cycle
OCDCAtr,"Transport, extracellular"
OCDCEAtr,"Transport, extracellular"
OHPBAT,Vitamin B6 metabolism
OMCDC,"Valine, leucine, and isoleucine metabolism"
OMPDC,Pyrimidine synthesis
OOR2r,Citric acid cycle
ORNTA,Arginine and proline metabolism
ORNTAC,Arginine and proline metabolism
ORNt2r,"Transport, extracellular"
OROTPT,Pyrimidine synthesis
P5CD,Glutamate metabolism
P5CRyr,Arginine and proline metabolism
PAAI17P,Glycerophospholipid metabolism
PACTH,Aminophosphonate metabolism
PAI17P,Glycerophospholipid metabolism
PANTS,CoA synthesis
PAPA180,Glycerophospholipid metabolism
PAPPT2,Cell wall biosynthesis
PAPPT3,Cell wall biosynthesis
PBUTT,Butanoate metabolism
PBt,"Transport, extracellular"
PC,Citric acid cycle
PC11M,Vitamin B12 metabolism
PC17M,Vitamin B12 metabolism
PC20M,Vitamin B12 metabolism
PC6AR,Vitamin B12 metabolism
PC6YM,Vitamin B12 metabolism
PC8XM,Vitamin B12 metabolism
PDHa,Glycolysis/gluconeogenesis
PDHbr,Glycolysis/gluconeogenesis
PDHc,Glycolysis/gluconeogenesis
PDX5PO,Vitamin B6 metabolism
PDX5PO2,Vitamin B6 metabolism
PDX5PS,Vitamin B6 metabolism
PDX5PSYN,Vitamin B6 metabolism
PEPGLY,Cell wall biosynthesis
PERD,Vitamin B6 metabolism
PFK,Glycolysis/gluconeogenesis
PFK(ppi),Glycolysis/gluconeogenesis
PFK_2,Glycolysis/gluconeogenesis
PFK_3,Pentose phosphate pathway
PFL,Pyruvate metabolism
PGAMT,Cell wall biosynthesis
PGCDr,"Glycine, serine, alanine, and threonine metabolism"
PGI,Glycolysis/gluconeogenesis
PGK,Glycolysis/gluconeogenesis
PGL,Pentose phosphate pathway
PGLYCP,Glyoxylate and dicarboxylate metabolism
PGM,Glycolysis/gluconeogenesis
PGMT,Glycolysis/gluconeogenesis
PGMT2,Glycolysis/gluconeogenesis
PGPGT,Cell wall biosynthesis
PHETA1,Phenylalanine metabolism
PHTHRDH,Vitamin B6 metabolism
PHYQS,Ubiquinone and other terpenoid-quinone biosynthesis
PIabc,"Transport, extracellular"
PIt6b,"Transport, extracellular"
PIt7ir,"Transport, extracellular"
PMACPME,Biotin metabolism
PMANM,Fructose and mannose metabolism
PMDPHT,Vitamin B2 metabolism
PMPK,Thiamine metabolism
PMTCOATA,Glycerophospholipid metabolism
PNP,NAD metabolism
PNTK,CoA synthesis
POR4,Pyruvate metabolism
PPAKr,Propanoate metabolism
PPAt2r,"Transport, extracellular"
PPBNGS,Heme synthesis
PPCDC,CoA synthesis
PPCKr,Citric acid cycle
PPDK,Glycolysis/gluconeogenesis
PPGPPDP,Nucleotide interconversion
PPIt2e,"Transport, extracellular"
PPM,Pentose phosphate pathway
PPNCL3,CoA synthesis
PPND,Tyrosine metabolism
PPND2,Tyrosine metabolism
PPNDH,Phenylalanine metabolism
PRAGS,Purine synthesis
PRAI,Tryptophan metabolism
PRAIS,Purine synthesis
PRAMPC,Histidine metabolism
PRASCSi,Purine synthesis
PRATPP,Histidine metabolism
PREN,Terpenoid backbone biosynthesis
PRFGS,Purine synthesis
PRMICI,Histidine metabolism
PRO1x,Arginine and proline metabolism
PROD2,Arginine and proline metabolism
PROD3,Arginine and proline metabolism
PRODTHLOX,Others
PROabc,"Transport, extracellular"
PRPPS,Pentose phosphate pathway
PSCVT,Phenylalanine metabolism
PSD120,Glycerophospholipid metabolism
PSD140,Glycerophospholipid metabolism
PSD141,Glycerophospholipid metabolism
PSD160,Glycerophospholipid metabolism
PSD161,Glycerophospholipid metabolism
PSD180,Glycerophospholipid metabolism
PSD181,Glycerophospholipid metabolism
PSDAI15,Glycerophospholipid metabolism
PSDAI17,Glycerophospholipid metabolism
PSDI14,Glycerophospholipid metabolism
PSDI15,Glycerophospholipid metabolism
PSDI16,Glycerophospholipid metabolism
PSDI17,Glycerophospholipid metabolism
PSERT,"Glycine, serine, alanine, and threonine metabolism"
PSP_L,"Glycine, serine, alanine, and threonine metabolism"
PSSA120,Glycerophospholipid metabolism
PSSA140,Glycerophospholipid metabolism
PSSA141,Glycerophospholipid metabolism
PSSA160,Glycerophospholipid metabolism
PSSA161,Glycerophospholipid metabolism
PSSA180,Glycerophospholipid metabolism
PSSA181,Glycerophospholipid metabolism
PSSAAI15,Glycerophospholipid metabolism
PSSAAI17,Glycerophospholipid metabolism
PSSAI14,Glycerophospholipid metabolism
PSSAI15,Glycerophospholipid metabolism
PSSAI16,Glycerophospholipid metabolism
PSSAI17,Glycerophospholipid metabolism
PTA2,Propanoate metabolism
PTAr,Pyruvate metabolism
PTPAT,CoA synthesis
PTRCabc,"Transport, extracellular"
PUNP1,Nucleotide interconversion
PUNP2,Purine catabolism
PUNP3,Purine catabolism
PUNP4,Purine catabolism
PUNP5,Purine catabolism
PUNP6,Purine catabolism
PUNP7,Nucleotide interconversion
PUTA3,Glutamate metabolism
PYAM5POr,Vitamin B6 metabolism
PYDAMK,Vitamin B6 metabolism
PYDAMtr,"Transport, extracellular"
PYDXK,Vitamin B6 metabolism
PYDXNK,Vitamin B6 metabolism
PYDXNtr,"Transport, extracellular"
PYDXtr,"Transport, extracellular"
PYK,Glycolysis/gluconeogenesis
QULNS,NAD metabolism
R05224,Vitamin B12 metabolism
RAFGH,Plant polysaccharide degradation
RAFH,Plant polysaccharide degradation
RB5PE,Pentose and glucuronate interconversions
RBFK,Vitamin B2 metabolism
RBFSa,Vitamin B2 metabolism
RBFSb,Vitamin B2 metabolism
RBK,Pentose phosphate pathway
RBK_D,Pentose phosphate pathway
RBK_L1,Pentose phosphate pathway
RBP4E,Pentose and glucuronate interconversions
RE1944C,Lipoate metabolism
RE3351C,Others
RE3352C,Purine catabolism
RHAT1,Lipopolysaccharide biosynthesis
RHCCE,Methionine and cysteine metabolism
RIBABCte,"Transport, extracellular"
RIBabc,"Transport, extracellular"
RMI,Fructose and mannose metabolism
RMK,Fructose and mannose metabolism
RMK2,Pentose and glucuronate interconversions
RMNt2,"Transport, extracellular"
RMPA,Fructose and mannose metabolism
RNDR1,Nucleotide interconversion
RNDR2,Nucleotide interconversion
RNDR3,Nucleotide interconversion
RNDR4,Nucleotide interconversion
RNTR1,Nucleotide interconversion
RNTR2,Nucleotide interconversion
RNTR3,Nucleotide interconversion
RNTR4,Nucleotide interconversion
RPE,Pentose phosphate pathway
RPI,Pentose phosphate pathway
RZ5PP,Vitamin B12 metabolism
S7PIr,Lipopolysaccharide biosynthesis
SADT,Nucleotide interconversion
SADT2,Sulfur metabolism
SBTD_D2,Fructose and mannose metabolism
SEPHCHS,Ubiquinone and other terpenoid-quinone biosynthesis
SERATi,Methionine and cysteine metabolism
SERt2r,"Transport, extracellular"
SHCHCC2,Vitamin B12 metabolism
SHCHD2,Vitamin B12 metabolism
SHEMEabc,"Transport, extracellular"
SHK3Dr,Phenylalanine metabolism
SHKK,Phenylalanine metabolism
SHSL2,Methionine and cysteine metabolism
SO4t2,"Transport, extracellular"
SPMDAT1,Arginine and proline metabolism
SPMDAT2,Arginine and proline metabolism
SPMDabc,"Transport, extracellular"
SPODM,ROS detoxification
STCOATA,Glycerophospholipid metabolism
STYSGH,Plant polysaccharide degradation
STYSabc,"Transport, extracellular"
SUCBZL,Ubiquinone and other terpenoid-quinone biosynthesis
SUCBZS,Ubiquinone and other terpenoid-quinone biosynthesis
SUCCt2r,"Transport, extracellular"
SUCD1,Citric acid cycle
SUCD4,Citric acid cycle
SUCDi,Citric acid cycle
SUCDimq,Citric acid cycle
SUCOAS,Citric acid cycle
TAGURr,Pentose and glucuronate interconversions
TALA,Pentose phosphate pathway
TCDCHOLBHSe,Bile acid metabolism
TCHOLBHSe,Bile acid metabolism
TDCOATA,Glycerophospholipid metabolism
TDPDRE,Cell wall biosynthesis
TDPDRRr,Lipopolysaccharide biosynthesis
TDPGDH,Nucleotide sugar metabolism
TDSK,Lipopolysaccharide biosynthesis
TECA2S140,Cell wall biosynthesis
TECA2S160,Cell wall biosynthesis
TECA2S180,Cell wall biosynthesis
TECA2SAI15,Cell wall biosynthesis
TECA2SAI17,Cell wall biosynthesis
TECA2SI14,Cell wall biosynthesis
TECA2SI15,Cell wall biosynthesis
TECA2SI16,Cell wall biosynthesis
TECA2SI17,Cell wall biosynthesis
TECA5S140,Cell wall biosynthesis
TECA5S160,Cell wall biosynthesis
TECA5S180,Cell wall biosynthesis
TECA5SAI15,Cell wall biosynthesis
TECA5SAI17,Cell wall biosynthesis
TECA5SI14,Cell wall biosynthesis
TECA5SI15,Cell wall biosynthesis
TECA5SI16,Cell wall biosynthesis
TECA5SI17,Cell wall biosynthesis
THIORDXi,ROS detoxification
THMDt2r,"Transport, extracellular"
THRD,"Glycine, serine, alanine, and threonine metabolism"
THRD_L,"Glycine, serine, alanine, and threonine metabolism"
THRPD,Vitamin B12 metabolism
THRS,"Glycine, serine, alanine, and threonine metabolism"
THRt2r,"Transport, extracellular"
THZPSN,Thiamine metabolism
TKT1,Pentose phosphate pathway
TKT2,Pentose phosphate pathway
TMDK1,Nucleotide interconversion
TMDPK,Thiamine metabolism
TMDS,Nucleotide interconversion
TMPK,Thiamine metabolism
TMPPP,Thiamine metabolism
TPI,Glycolysis/gluconeogenesis
TRDRr,Sulfur metabolism
TRE6PP,Starch and sucrose metabolism
TRE6PPGT,Starch and sucrose metabolism
TRE6PS,Starch and sucrose metabolism
TREH,Starch and sucrose metabolism
TRPS1,Tryptophan metabolism
TRPS2,Tryptophan metabolism
TRPS3,Tryptophan metabolism
TRPTA,Tryptophan metabolism
TTDCAtr,"Transport, extracellular"
TYRTA,Tyrosine metabolism
U23GAAT,Lipopolysaccharide biosynthesis
UAAGDS,Cell wall biosynthesis
UACMAMAT,Aminosugar metabolism
UAG2E,Aminosugar metabolism
UAG2EMA,Aminosugar metabolism
UAG4E,Aminosugar metabolism
UAGAAT,Aminosugar metabolism
UAGCVT_r,Aminosugar metabolism
UAGDP,Aminosugar metabolism
UAGPT2,Cell wall biosynthesis
UAGPT3,Cell wall biosynthesis
UAMAGS,Cell wall biosynthesis
UAMAS,Cell wall biosynthesis
UAPGR,Cell wall biosynthesis
UDCPDP,Cell wall biosynthesis
UDCPDPS,Cell wall biosynthesis
UDPG4E,Galactose metabolism
UDPGALM,Aminosugar metabolism
UDPGDr,Pentose and glucuronate interconversions
UGMDDS,Cell wall biosynthesis
UHGADA,Lipopolysaccharide biosynthesis
UMPK,Nucleotide interconversion
UPP3MT,Vitamin B12 metabolism
UPP3S,Heme synthesis
URAt2,"Transport, extracellular"
URCN,Histidine metabolism
UREAt,"Transport, extracellular"
URFGTT,Cell wall biosynthesis
URIDK3,Nucleotide interconversion
URIK1,Pyrimidine synthesis
URIK10,Pyrimidine synthesis
URIK11,Pyrimidine synthesis
URIK12,Pyrimidine synthesis
URIK13,Pyrimidine synthesis
URIK14,Pyrimidine synthesis
URIK2,Pyrimidine synthesis
URIK3,Pyrimidine synthesis
URIK4,Pyrimidine synthesis
URIK5,Pyrimidine synthesis
URIK6,Pyrimidine synthesis
URIK7,Pyrimidine synthesis
URIK8,Pyrimidine synthesis
URIK9,Pyrimidine synthesis
URIt2r,"Transport, extracellular"
USHD,Lipopolysaccharide biosynthesis
UTPATPT,Nucleotide interconversion
VALO,"Valine, leucine, and isoleucine metabolism"
VALTA,"Valine, leucine, and isoleucine metabolism"
VALt2r,"Transport, extracellular"
XANt2,"Transport, extracellular"
XPPT,Purine catabolism
XYLI1,Pentose and glucuronate interconversions
XYLI2,Fructose and mannose metabolism
XYLK,Pentose phosphate pathway
XYLt,"Transport, extracellular"
YUMPS,Pyrimidine synthesis
ZNabc,"Transport, extracellular"
dreplication,Exchange/demand reaction
pbiosynthesis,Exchange/demand reaction
r0060,Methionine and cysteine metabolism
r0082,Unassigned
r0120,Folate metabolism
r0127,Alanine and aspartate metabolism
r0339,Unassigned
r0345,Nucleotide interconversion
r0422,Unassigned
r0671,CoA synthesis
r0708,Folate metabolism
r0775,Folate metabolism
r0777,Folate metabolism
r0792,Folate metabolism
r1144,"Transport, extracellular"
r2137,"Transport, extracellular"
rtranscription,Exchange/demand reaction
sink_dmbzid,Exchange/demand reaction
sink_s,Exchange/demand reaction
biomass536,
