,nonIBD,UC,CD,IBD
Bacteroides_vulgatus_ATCC_8482,0.09903099018240513,0.08661822004983094,0.07289962338222947,0.07713375815618054
Prevotella_copri_CB7_DSM_18205,0.08470556979167398,0.0004479579667501685,0.1292531500374436,0.0894984611267356
Faecalibacterium_cf_prausnitzii_KLE1255,0.08394974557574207,0.027540399812302406,0.042625732390025386,0.037969765545049175
Bacteroides_sp_3_1_40A,0.07665378086042733,0.06351404760802094,0.05864794271177202,0.06014982693900932
Bacteroides_sp_4_3_47FAA,0.07455773379748845,0.062121042146475375,0.057814937376950176,0.059143982058902395
Bacteroides_sp_4_1_36,0.032171963106248654,0.05443147692577926,0.025163174881914715,0.03419660143866302
Bacteroides_sp_D20,0.03048783646230485,0.03801487669711598,0.022386906501403386,0.02721035409267271
Bacteroides_uniformis_ATCC_8492,0.027065175086184834,0.04268192736497872,0.02380843616162847,0.029633587767600753
Bacteroides_stercoris_ATCC_43183,0.02409957592488888,0.041063649604983925,0.028629616237958115,0.03246728085741053
Eubacterium_rectale_ATCC_33656,0.021381661575887834,0.00602086647614357,0.01043494893960447,0.00907257780890666
Faecalibacterium_prausnitzii_M21_2,0.021357599789962205,0.017072421657224154,0.031074436861162433,0.02675282723031727
Bacteroides_caccae_ATCC_43185,0.021323741612838325,0.009407518995524002,0.012261598579399072,0.011380709818943797
Bacteroides_sp_3_2_5,0.015906320211764503,0.003435298578459079,0.009862834305095715,0.007879026982059726
Bacteroides_sp_9_1_42FAA,0.014823287196771156,0.0433484684935824,0.028092373594673942,0.032801044859769146
Alistipes_onderdonkii_DSM_19147,0.013949518106013921,0.010274914171208916,0.0034677037350125573,0.005568694610381804
Parabacteroides_merdae_ATCC_43184,0.01253996932813352,0.01844236770009177,0.008346445769887315,0.011462471056987453
Bacteroides_dorei_DSM_17855,0.011959507620965454,0.04305181037997662,0.026570073143047178,0.031657029080371074
Bacteroides_sp_1_1_30,0.01145163656120016,0.014644782404479443,0.008887573193170415,0.010664489616413942
Bacteroides_eggerthii_1_2_48FAA,0.011317962634660129,0.0034382459132927443,0.0046682137155780986,0.004288594023514718
Dialister_invisus_DSM_15470,0.011064813283300045,0.0014966687417351666,0.006068037004903186,0.004657120874295773
Bacteroides_sp_3_1_33FAA,0.010917694800045244,0.03479035707852598,0.025689765941940484,0.02849859036681256
Bacteroides_sp_2_1_7,0.009804338848059284,0.00591474151841759,0.01301388693496354,0.0108227926705975
Bacteroides_sp_1_1_6,0.008372701084968045,0.007792049293961603,0.012007608482477264,0.010706509967503287
Bacteroides_sp_1_1_14,0.00819331282174221,0.007886470620922108,0.011003500748718467,0.010041454412978849
Bacteroides_sp_D22,0.008055968042700968,0.011588704211469646,0.008288977507358722,0.009307411675294187
Bacteroides_fragilis_638R,0.007938515533472298,0.002060443621158055,0.009623245948144277,0.007289047699074454
Bacteroides_eggerthii_DSM_20697,0.0076484712289845705,0.004625527226489262,0.0020921763744267967,0.0028740747855571886
Bacteroides_ovatus_ATCC_8483,0.007586447590222056,0.016719896416931748,0.006203559733514484,0.009449342660495122
Bacteroides_finegoldii_DSM_17565,0.007441095167367286,0.005010542163134828,0.005872403867606229,0.0056063971686953085
Bacteroides_sp_2_2_4,0.007352893315168347,0.016277069642346303,0.010053023310266227,0.011974025264611934
Roseburia_intestinalis_L1_82,0.007206390135729344,0.005994318068786957,0.026832283027261723,0.020400812361065807
Bacteroides_ovatus_SD_CMC_3f,0.007093668070082293,0.012869756769953727,0.009308451401068391,0.010407619724798433
Bacteroides_plebeius_M12_DSM_17135,0.007031905947318643,0.0032946409818653496,0.005497240117046276,0.004817425569150931
Bacteroides_fragilis_NCTC_9343,0.006806344671509416,0.0023655226307352987,0.01154324984351398,0.008710617987718095
Bacteroides_fragilis_YCH46,0.006616275704046986,0.0027725694058744173,0.010398424165375033,0.008044765288985954
Bacteroides_thetaiotaomicron_VPI_5482,0.006441236266701162,0.005952847174450475,0.010863548589893015,0.00934790000487989
Clostridium_leptum_DSM_753,0.006394186449466589,0.001391526472326125,0.0004287955232646868,0.0007259347050737722
Lachnospiraceae_bacterium_sp_8_1_57FAA,0.006261319211826209,0.0012735474730385596,0.0012249752274463015,0.001239966661271073
Bacteroides_coprocola_M16_DSM_17136,0.005435636923296268,0.007283229094408663,0.004733752031954247,0.00552062766851425
Alistipes_finegoldii_DSM_17242,0.005187404066224801,0.005645002175179455,0.007269840835277188,0.0067683474216667745
Bacteroides_sp_D1,0.004778786796363223,0.007077977076980869,0.0043320805719072875,0.005179579493226293
Bacteroides_sp_3_1_23,0.0047233610354932894,0.012204859601720214,0.005930937098106363,0.007867332932555085
Bacteroides_sp_2_1_22,0.004691952529011748,0.006402335138318225,0.004205518212417322,0.004883548127818832
Burkholderiales_bacterium_1_1_47,0.004407753617732858,0.0033638736414203217,0.0019395266598322633,0.0023791399257545023
Ruminococcus_bicirculans_80_3,0.004158085536598502,0.0015306293902752704,0.0018026599299259993,0.001718699886823922
Clostridium_bolteae_ATCC_BAA_613,0.003823367220820093,0.0028111315079317563,0.005605087555426156,0.004742755442001963
Ruminococcus_torques_ATCC_27756,0.0038024210469339305,0.0008295577875460292,0.0005883752064672154,0.0006628142747014179
Sutterella_wadsworthensis_3_1_45B,0.003553780940473585,0.0002548931648743652,0.0011609973258656604,0.0008813355477819268
Bacteroides_xylanisolvens_SD_CC_1b,0.003540787313615663,0.005366766279963653,0.0031465101554903553,0.003831774391438902
Akkermansia_muciniphila_ATCC_BAA_835,0.0034729645790595185,0.008855024835232558,0.005560160075911834,0.006577093643603413
Ruminococcus_sp_5_1_39BFAA,0.003446723170141928,0.0017713009155607073,0.003150937846611556,0.0027251239790032694
Bacteroides_ovatus_SD_CC_2a,0.0033413853057538264,0.005195353990706095,0.002988468786664477,0.0036696061953192982
Eubacterium_ventriosum_ATCC_27560,0.0033213124701823383,0.0020143154687198854,0.0015164431224640642,0.0016701074268640093
Parabacteroides_distasonis_ATCC_8503,0.0032424687046396805,0.00329280842282637,0.010317364292074329,0.008149291492923724
Bilophila_wadsworthia_3_1_6,0.0031415663332312015,0.004176870730617013,0.0018612552266103009,0.0025759513698222496
Bacteroides_sp_20_3,0.003095956467230647,0.008379497390855608,0.008360317073460629,0.008366236924508465
Bacteroides_sp_3_1_19,0.0030561241979454395,0.008319755177552563,0.008825269839712477,0.008669246795835956
Bacteroides_faecis_MAJ27,0.00281928732949873,0.013116833997606655,0.012651589842920538,0.01279518371782366
Escherichia_coli_O157_H7_str_Sakai,0.002760554926272463,0.0010848710695065826,0.0005880060284294252,0.0007413594361692886
Bacteroides_salyersiae_WAL_10018,0.0025662743006749423,0.007798771135318643,0.0016551000514743908,0.0035512948304386653
Escherichia_coli_UTI89_UPEC,0.0024945306839942684,0.007348388110373353,0.0023187372266857387,0.003871098610539941
Bacteroides_sp_D2,0.0024242470697690135,0.007442621058882218,0.0034285070531425393,0.004667431128988117
Eubacterium_eligens_ATCC_27750,0.002352175908789622,0.002076789215144355,0.0060474364136079125,0.004821928019020394
Ruminococcaceae_bacterium_D16,0.002312223165562714,0.0016809905342300194,0.0013739833916776747,0.001468738682588893
Escherichia_sp_3_2_53FAA,0.0021913186504918317,0.007616194069083565,0.002207224717218164,0.0038766597023618074
Bacteroides_fragilis_3_1_12,0.002139594717163936,0.003130293473478408,0.0042776094593494325,0.0039234995871670186
Escherichia_coli_SE11,0.002031223959815065,0.0010388930247794649,0.0007938270303625346,0.0008694646829603528
Bacteroides_coprophilus_DSM_18228,0.001980575664764376,0.0010997860921414153,0.0024781685501434323,0.0020527418655749115
Bacteroides_oleiciplenus_YIT_12058,0.001975789408777838,0.0033924369207536218,0.002929038925165311,0.0030720629978777535
Ruminococcus_gnavus_ATCC_29149,0.0019399639432466638,0.005620502882625809,0.00201555548053352,0.0031281935675990438
Anaerotruncus_colihominis_DSM_17241,0.0018191120045274378,0.0012260467183263356,0.0011869977286000039,0.001199049885922946
Bacteroides_clarus_YIT_12056,0.0017072024714354778,0.0030744759482041134,0.002444245328840366,0.002638760952100781
Bacteroides_intestinalis_341_DSM_17393,0.001687287629524176,0.008757910164271174,0.00785871928698726,0.008136247335531676
Ruminococcus_lactaris_ATCC_29176,0.0016526329835349401,0.0007414816244083736,0.0008605591021076312,0.0008238067941757618
Odoribacter_splanchnicus_1651_6_DSM_20712,0.0015575236136168087,0.0016936663249586432,0.004359036118487395,0.003536391120484694
Clostridium_symbiosum_WAL_14163,0.0015571710214476652,0.0005917683815800781,0.0022081677330339834,0.0017092790443136423
Eubacterium_siraeum_DSM_15702,0.0015378776479120508,0.008914901871475697,0.0012290504929436512,0.0036012268443424296
Alistipes_shahii_WAL_8301,0.0015266937521764272,0.0028482753302636332,0.006300516079862127,0.005235009675665062
Dorea_formicigenerans_ATCC_27755,0.0015175373589007772,0.0011314842541830033,0.001308802098401696,0.0012540743687045686
Clostridium_sp_M62_1,0.0015163310342346625,0.0016326275423198388,0.0021102064531481166,0.001962805554744327
Escherichia_coli_str_K_12_substr_MG1655,0.001303646145087672,0.0009260224076490655,0.0005489090534257045,0.0006653020639884702
Escherichia_sp_4_1_40B,0.0012977561517933894,0.001114381317456819,0.0005845183853657153,0.0007480563273691423
Haemophilus_parainfluenzae_T3T1,0.0012859266267700872,0.0007363358654564668,0.0008705144264340443,0.0008291012903298537
Bacteroides_fluxus_YIT_12057,0.0012509349466679044,0.0012049619132914636,0.001597860102651534,0.0014765952293922524
Clostridium_symbiosum_WAL_14673,0.001247305412546478,0.0003628543504386951,0.0017225369874486617,0.0013028818525690421
Bifidobacterium_breve_HPH0326,0.001247055553025358,2.0277320851505303e-05,3.634144754027593e-05,3.138338374744548e-05
Bacteroides_sp_2_1_33B,0.0012356660913149006,0.0031064396754486158,0.005247495898909327,0.00458667607685355
Coprococcus_comes_ATCC_27758,0.001221478004816947,0.00103812809145967,0.0011183191180416604,0.0010935688011953668
Dorea_longicatena_DSM_13814,0.0011906224975818185,0.0024096750269649967,0.0009903302132532122,0.0014283996002012937
Collinsella_aerofaciens_ATCC_25986,0.0011900927722234762,0.000297550992845947,0.00036551835990238465,0.00034454077747755863
Bacteroides_nordii_CL02T12C05,0.001133476635925668,0.001660528317822484,0.0010701523346692996,0.0012523671442844803
Clostridium_hathewayi_12489931,0.001105639936629523,0.0004624253133576034,0.0006063659135575474,0.0005619398023847253
Bifidobacterium_dentium_ATCC_27678,0.0010644980286055154,8.442454741474412e-06,5.625640910569758e-05,4.1499015783406425e-05
Clostridium_clostridioforme_CM201,0.0010619427359704512,0.0011350633038537193,0.004548733445864087,0.003495131550181875
Veillonella_sp_6_1_27,0.001061243023207883,0.0012496099768674193,0.0003161463335220626,0.0006042523962829749
Veillonella_sp_3_1_44,0.0009927976954039364,0.0012548315030335032,0.00030677911642915036,0.00059938787772679
Bifidobacterium_breve_UCC2003_NCIMB8807,0.0009890273508016006,9.05874634042841e-06,6.301536414732104e-06,7.1525271325396086e-06
Pseudoflavonifractor_capillosus_strain_ATCC_29799,0.0009655687610381109,0.00097178730586115,0.0010503975887317391,0.00102613515574699
Paraprevotella_clara_YIT_11840,0.0009589656697957285,0.004889298932518318,0.0028731746078206493,0.003495435201863139
Blautia_hansenii_VPI_C7_24_DSM_20583,0.0009480708918831556,0.0004984351308919472,0.0005880790833465403,0.0005604111967864806
Clostridiales_sp_1_7_47FAA,0.0008608491050950787,0.0011162404679608323,0.001147293051597193,0.0011377089208452304
Paraprevotella_xylaniphila_YIT_11841,0.0008542740717091177,0.0023546223478404108,0.0011515968754510445,0.0015229010335959113
Clostridium_citroniae_WAL_17108,0.0008372322133297469,0.0007001027066103304,0.000680166560282446,0.000686319691865126
Butyrivibrio_crossotus_DSM_2876,0.0008006487468630625,0.0002221121380466431,0.0005978645863494522,0.0004818916084782149
Veillonella_dispar_ATCC_17748,0.0007422432579006984,0.0004269069465503114,0.00042152086972342256,0.0004231832391144378
Bifidobacterium_adolescentis_ATCC_15703,0.0006854161901083768,6.719365878911589e-05,9.277116753569901e-05,8.48768747126796e-05
Holdemania_filiformis_VPI_J1_31B_1_DSM_12042,0.0006650820163441425,0.000701979960383312,0.0012086072463257484,0.0010522408000472187
Clostridium_sp_L2_50,0.0006328350158147643,0.00041403890154829504,0.000714531965990816,0.0006217871930147293
Veillonella_parvula_Te3_DSM_2008,0.0005923664138651869,0.0013530542474949976,0.0002530421414989586,0.0005925520507569954
Lactobacillus_gasseri_ATCC_33323,0.000564229560496232,1.5912152033496606e-06,1.1107500221325547e-06,1.259041744730427e-06
Subdoligranulum_variabile_DSM_15176,0.0005346240800867053,0.0006159829339234262,0.0006165279021492691,0.0006163597020795643
Parabacteroides_goldsteinii_dnLKV18,0.0004989111342175973,0.0007926331638831622,0.000436427408060175,0.0005463674561536897
Coprococcus_eutactus_ATCC_27759,0.00041727210305755744,0.0011006949109446606,0.0007410846479906348,0.0008520754698900256
Coprobacillus_sp_29_1,0.00037589821053130403,0.00014973244216070765,0.0003962458874662716,0.0003201614907670235
Erysipelotrichaceae_bacterium_5_2_54FAA,0.000364139743513479,0.0005094036635472775,0.0008431677219222376,0.000740154123658361
Veillonella_atypica_ACS_049_V_Sch6,0.00034600765356841473,0.00032024361798042226,0.0003742402275989931,0.0003575746073463479
Prevotella_bivia_DSM_20514,0.00032949864011565396,0.0010195168370966178,0.0005856041599149151,0.0007195278257117371
Escherichia_fergusonii_ATCC_35469,0.0003269405671607851,0.0015194549498723801,0.0001758531713880661,0.0005905450783276692
Erysipelotrichaceae_bacterium_sp_3_1_53,0.00031990206563084484,0.00023126624236735884,0.0005084265332675406,0.0004228832336069907
Streptococcus_salivarius_JIM8777,0.00031256969119461685,0.00012281564395873854,9.478639902268428e-05,0.0001034374005461578
Streptococcus_thermophilus_LMG_18311,0.00029645965522406506,6.182255081406987e-05,3.973105017571456e-05,4.654941457026863e-05
Clostridium_scindens_ATCC_35704,0.000290580373571472,0.0002648763655720718,0.0002499952012961986,0.0002545881532331966
Marvinbryantia_formatexigens_I_52_DSM_14469,0.00027090864107727036,0.0001362180422251264,0.00022447930653918496,0.0001972381755780559
Bifidobacterium_pseudocatenulatum_DSM_20438,0.00025408476989231967,4.4122250924779695e-05,7.211003390335923e-05,6.347182928034084e-05
Clostridium_innocuum_2959,0.00024275529202305717,0.0002236905066314584,0.0002583085536212336,0.0002481267750948291
Butyricicoccus_pullicaecorum_1_2,0.00023681452678185478,0.0003242479993661013,0.00030180599282610647,0.00030873253805450003
Blautia_hydrogenotrophica_DSM_10507,0.00022141615130742907,0.0002755465667726297,0.00021141472990347302,0.00023120850671494114
Coprobacillus_sp_D7,0.0002120852738708804,0.002942751349081821,0.00016645773648735516,0.0010233384811152767
Anaerostipes_caccae_DSM_14662,0.0002117702330470096,0.0023698128582605414,0.00020364248210005026,0.0008722135858532887
Eubacterium_limosum_KIST612,0.00020891397985966216,7.839878558756848e-05,0.0001329754452457248,0.00011613079720308404
Eubacterium_biforme_DSM_3989,0.00018960472509184026,0.0001548077542224858,0.00019646419972039328,0.0001836072720975824
Eubacterium_dolichum_DSM_3991,0.00018199256941647736,0.00022965060504337618,0.00032720589922181236,0.0002970962405247643
Bifidobacterium_longum_longum_CCUG_52486,0.00016934910775042778,6.398742240739886e-05,0.00010442295394547025,9.1942851618905e-05
Lactobacillus_oris_F0423,0.00016426801958514646,1.3132519977764122e-06,7.527455065415393e-07,9.257413371695864e-07
Acidaminococcus_sp_D21,0.00016128806008028953,0.002081870424533956,2.5708136860777646e-05,0.0006603261268833637
Prevotella_disiens_FB035_09AN,0.0001553525692066465,0.0005560898128984967,0.0004605977034125988,0.0004900705767107156
Bifidobacterium_longum_longum_ATCC_55813,0.00014696714392479744,9.473748088903e-05,0.00010986332906014909,0.00010519485740239626
Bifidobacterium_longum_infantis_157F_NC,0.00014425363628582414,6.287918054172135e-05,0.00011876282396768382,0.000101514785873251
Bifidobacterium_longum_DJO10A,0.00014412871922508513,6.936565525435286e-05,9.537171176759783e-05,8.734515111536174e-05
Escherichia_albertii_TW07627,0.00013760341604531157,0.00022465772993288905,8.704456629054183e-05,0.00012951776494558723
Bifidobacterium_longum_E18,0.00013695415092452454,6.561301252942147e-05,0.00011909841893961304,0.00010259057745498601
Porphyromonas_somerae_DSM_23386,0.00013617414187744634,0.0004271327073742969,0.00023297746004087732,0.00029290191909440196
Megasphaera_elsdenii_DSM_20460,0.00013198507090870622,6.77361601970107e-06,9.11849208584913e-06,8.394764904939236e-06
Bifidobacterium_bifidum_BGN4,0.0001267950346617664,3.4493803988631336e-05,6.233213648852644e-05,5.3740058556460066e-05
Acidaminococcus_intestini_RyC_MR95,0.0001262709466511023,0.0023242916801941315,1.2479516707771544e-05,0.0007260017893887467
Odoribacter_laneus_YIT_12061,0.00012595047281667733,0.001588814051965104,0.0007812361753012163,0.0010304886063703172
Bifidobacterium_longum_NCC2705,0.00011947466893716223,6.121553674640262e-05,8.099428149216599e-05,7.488973064470814e-05
Klebsiella_pneumoniae_pneumoniae_MGH78578,0.00011770711837296833,0.0002122639293572799,0.00153239458702493,0.0011249468531768908
Bifidobacterium_bifidum_PRL2010,0.00011566700753638608,1.0309385625937259e-05,1.7835920716763266e-05,1.5512916059100913e-05
Bifidobacterium_bifidum_S17,0.00011185763474299361,9.166694656151748e-06,1.0933022658324935e-05,1.0387859694691233e-05
Streptococcus_vestibularis_F0396,0.00011163501047494521,3.1337214641102237e-05,2.46846563570063e-05,2.673791508666555e-05
Bifidobacterium_longum_longum_JCM_1217,0.00011084834499614739,5.695625658321709e-05,7.612725015371983e-05,7.021027682949056e-05
Eggerthella_sp_1_3_56FAA,0.00010999304751602997,0.00017440135422788265,6.702667069891018e-05,0.00010016700512143254
Bifidobacterium_longum_longum_JDM301,0.00010765714713094284,3.675663530447688e-05,4.747023756011685e-05,4.4163570197265025e-05
Bifidobacterium_longum_longum_BBMN68,0.00010628740774789893,6.694658272599726e-05,7.62706425977067e-05,7.339284634100625e-05
Bifidobacterium_bifidum_NCIMB_41171,0.0001061755805072417,9.98450054451956e-06,1.4040191487661816e-05,1.2788435023729023e-05
Clostridium_spiroforme_DSM_1552,0.00010449643796176116,6.56935734065932e-05,7.857175427368355e-05,7.459700709248288e-05
Ruminococcus_champanellensis_18P13,9.120180707261254e-05,2.5085930347485284e-05,4.714949354877954e-05,4.0339751819985e-05
Prevotella_intermedia_17,8.992889411634522e-05,1.0171366049968253e-05,0.00013500166518813753,9.647379508376427e-05
Prevotella_melaninogenica_ATCC_25845,8.786113610734503e-05,2.2600762094211597e-05,0.0002953959408809644,0.00021119989804554675
Prevotella_timonensis_CRIS_5C_B1,8.5006210003974e-05,0.0003708178619292988,0.00031283531615046884,0.0003307311636130707
Fusobacterium_ulcerans_ATCC_49185,8.262751237442225e-05,0.001531482594621203,0.0006756793098364007,0.0009398161261280064
Bifidobacterium_longum_infantis_ATCC_15697,8.10459190064405e-05,3.0514842143770232e-05,3.4514934973422484e-05,3.328033842106069e-05
Clostridium_sp_SY8519,6.998398732193353e-05,7.270815357120481e-05,9.011169573669927e-05,8.474023210537383e-05
Bifidobacterium_catenulatum_DSM_16992,6.587793196260287e-05,0.00015261218638259368,0.0001442594827175094,0.00014683747767586875
Streptococcus_australis_ATCC_700641,6.545039217991515e-05,2.1544445080044972e-05,2.1204245336513826e-05,2.1309245257356757e-05
Ruminococcus_flavefaciens_FD_1,6.1014045961520406e-05,1.5590303575014053e-05,4.181217749502647e-05,3.371900653205968e-05
Mycobacterium_fortuitum_subsp_fortuitum_DSM_46621,5.90222391313437e-05,0.0005916206327503856,2.6024508071987216e-05,0.0002005912132196411
Anaerostipes_sp_3_2_56FAA,5.707987981629822e-05,6.943448817027275e-05,7.022490485131982e-05,6.998094908556456e-05
Tannerella_forsythia_ATCC_43037,5.2685119358642945e-05,4.49686736184972e-05,4.722633599125132e-05,4.652952661694451e-05
Adlercreutzia_equolifaciens_DSM_19450,5.134290766237866e-05,3.9703036455282846e-05,3.081867680841823e-05,3.3560763119178895e-05
Enterobacter_aerogenes_KCTC_2190,5.022522777093925e-05,4.0288473719625e-05,0.0002840552474417455,0.00020881858888553551
Prevotella_oralis_ATCC_33269,4.848589751980844e-05,0.000496542940183342,0.00014143706338912325,0.0002510376426465981
Gordonibacter_pamelaeae_7_10_1_bT_DSM_19378,4.724697441690817e-05,2.203122628187205e-05,1.7110613116186965e-05,1.8629320883373723e-05
Porphyromonas_uenonis_60_3,4.431843383913865e-05,9.59091158236625e-05,6.654002686338043e-05,7.560456049309716e-05
Dialister_succinatiphilus_YIT_11850,4.356446572795543e-05,2.2536038086647032e-05,2.7058165661527144e-05,2.566244727421847e-05
Haemophilus_haemolyticus_M19501,4.089281762235249e-05,3.688534924743182e-05,2.6499136294027007e-05,2.9704757575942068e-05
Streptococcus_oralis_Uo5,3.846698618643839e-05,1.7327024212888915e-05,1.7601319690096786e-05,1.751666059219313e-05
Alistipes_indistinctus_YIT_12060,3.7348259322613556e-05,0.0003502066480680117,0.00010275598983698962,0.00017912964978483595
Streptococcus_sp_I_P16,3.513246010138078e-05,1.2133237953423974e-05,1.2088872600595144e-05,1.2102565610727503e-05
Streptococcus_sp_I_G2,3.496755271425541e-05,1.1818080126030002e-05,1.1853140720192748e-05,1.1842319549154862e-05
Pediococcus_acidilactici_DSM_20284,3.3720179859180964e-05,0.0001288787365688959,2.7193869496389487e-07,3.996539482889351e-05
Citrobacter_koseri_ATCC_BAA_895,3.3558970364175e-05,0.00010438011710484837,5.117991850190724e-05,6.759973288553102e-05
Enterobacter_cloacae_EcWSU1,3.2900599281596075e-05,2.1236756092846506e-05,6.943788995147645e-05,5.456099678523264e-05
Streptococcus_mitis_NCTC_12261,3.2409581777688274e-05,2.9276886114609872e-05,3.5388115217805525e-05,3.350193339583154e-05
Catenibacterium_mitsuokai_DSM_15897,3.18387690936028e-05,0.0004488931732699822,0.00039352626913339217,0.0004106148197928335
Lactobacillus_salivarius_salivarius_UCC118,3.135543223269485e-05,6.212500742106584e-05,3.818762783474476e-06,2.181451730124959e-05
Butyrivibrio_fibrisolvens_16_4,3.0624288230601635e-05,2.0791007859155114e-05,2.477692043750883e-05,2.3546700505918186e-05
Veillonella_ratti_ACS_216_V_Col6b,2.987700676202484e-05,3.3138110126795175e-05,0.00011150610338937508,8.73184511478381e-05
Ruminococcus_albus_7,2.6639739371774943e-05,9.678874713265715e-06,1.6388545257710883e-05,1.4317659287203119e-05
Clostridium_hylemonae_DSM_15053,2.650290220970993e-05,1.0823981168686184e-05,1.6336778253590754e-05,1.463529767183008e-05
Enterobacter_cancerogenus_ATCC_35316,2.647576790972739e-05,1.6224471460086184e-05,4.638880034495914e-05,3.7078822294072426e-05
Abiotrophia_defectiva_ATCC_49176,2.6168365205293586e-05,2.2572351467251875e-05,1.9975817628127134e-05,2.077721696119033e-05
Clostridium_sporosphaeroides_DSM_1294,2.4608713017671875e-05,1.3390273940051299e-05,2.291994045268161e-05,1.9978685356190786e-05
Prevotella_denticola_F0289,2.402019684963924e-05,3.935653903664426e-05,0.0001539754727273017,0.00011859925862524697
Lactobacillus_rhamnosus_LMS2_1,2.3214804791340224e-05,1.6723554439094865e-06,8.707546346093889e-07,1.1181622918007776e-06
Streptococcus_sp_2_1_36FAA,2.3158747090942452e-05,0.00010629174739130877,3.4382615006884174e-06,3.5183164553349007e-05
Lactobacillus_johnsonii_NCC_533,2.1583098451899678e-05,1.5011032186202328e-06,3.969231579508955e-07,7.377194729722959e-07
Lactobacillus_helveticus_DPC_4571,2.145363167315616e-05,8.366409984719989e-07,8.59097893047746e-07,8.521667527465897e-07
Streptococcus_mutans_ATCC_25175,2.130969818462732e-05,1.818223026631852e-06,2.5777157536198945e-06,2.343304418129758e-06
Campylobacter_jejuni_jejuni_81_176,2.106425777331439e-05,4.197590147085383e-05,3.810278157219579e-05,3.929818894832483e-05
Actinomyces_odontolyticus_ATCC_17982,2.026285650523896e-05,4.487669013859809e-05,8.097131034822282e-06,1.9448846807592605e-05
Butyricimonas_synergistica_DSM_23225,2.0083654155508276e-05,8.938635870239056e-05,5.07924010664859e-05,6.27041163862095e-05
Prevotella_ruminicola_23,2.0081298484403246e-05,2.0269955236792998e-05,9.718587709088786e-05,7.344639503715484e-05
Citrobacter_sp_30_2,1.9844552282698535e-05,0.0005206457096206569,0.00014520024681213817,0.00026107847607402665
Enterobacter_asburiae_LF7a,1.959152462181415e-05,1.4088562350801226e-05,4.150662008227179e-05,3.304425658490434e-05
Streptococcus_gordonii_str_Challis_substr_CH1,1.9520890964328454e-05,6.964676163734174e-06,3.26526592084306e-06,4.4070592056859974e-06
Parvimonas_micra_ATCC_33270,1.8378665230720687e-05,9.968469572267333e-06,3.698672449081526e-06,5.633795017966033e-06
Clostridium_difficile_CD196,1.8126540913048638e-05,2.5499593717964218e-05,1.9878417698201722e-05,2.1613348568498776e-05
Lactobacillus_johnsonii_DPC_6026,1.8124075319635262e-05,1.8448798226736832e-06,1.268212658326234e-06,1.4461963510260645e-06
Streptococcus_intermedius_JTH08,1.8081438091655206e-05,2.1999577762814515e-06,1.5003723559171375e-06,1.716293781955506e-06
Collinsella_tanakaei_YIT_12063,1.7174348441218494e-05,5.515129862996666e-05,2.286261359234195e-05,3.282825712247305e-05
Rothia_mucilaginosa_DY_18,1.6851622996080327e-05,6.99705691754099e-06,1.5925512508199942e-05,1.3169816338243474e-05
Bifidobacterium_angulatum_DSM_20098,1.6165304306924018e-05,1.5166432680886618e-05,4.658286026483246e-06,7.901541166731203e-06
Collinsella_stercoris_DSM_13279,1.465924261581835e-05,0.003999498036421848,9.111242123067426e-06,0.001240712104560962
Lactobacillus_rhamnosus_GG_ATCC_53103,1.4023168574377924e-05,2.9283253244983196e-06,1.1736641761053702e-06,1.7152262589427e-06
Streptococcus_constellatus_subsp_constellatus_SK53,1.2445113068504856e-05,3.3364578326498264e-06,3.4164105353367034e-06,3.391733775248162e-06
Desulfovibrio_sp_3_1_syn3,1.1827048761913853e-05,0.00011629028436303992,1.0284468650311704e-05,4.300231300609204e-05
Edwardsiella_tarda_FL6_60,1.1676387442368357e-05,9.805457389194255e-05,7.46219783006551e-06,3.542280772570658e-05
Streptococcus_sanguinis_SK36,1.1604110593348879e-05,1.0170293521432773e-05,5.321870469282262e-06,6.81829733722995e-06
Citrobacter_youngae_ATCC_29220,1.1594096895406217e-05,4.183304950467159e-05,2.8331868072521655e-05,3.2498899378740766e-05
Oxalobacter_formigenes_HOxBLS,9.849671354114557e-06,1.8323326373874145e-05,2.247464306402868e-05,2.119337248064765e-05
Enterococcus_faecalis_V583,9.800455957215964e-06,0.00028221169748679416,1.3315348207569612e-05,9.630804860239202e-05
Lactobacillus_paracasei_subsp_paracasei_8700_2,9.634858691478453e-06,1.6786107980070845e-06,2.1062084132145765e-06,1.9742338406196715e-06
Prevotella_buccae_ATCC_33574,9.597654371954046e-06,2.1013143558458327e-05,0.0054253211355836705,0.0037573248417487287
Streptococcus_cristatus_ATCC_51100,9.038450987359666e-06,6.174674630318516e-06,4.217693556019587e-06,4.821700060432835e-06
Streptococcus_anginosus_1_2_62CV,8.69648654820095e-06,1.2304177436025743e-05,1.2169194776628005e-06,4.6389126746883995e-06
Brevibacillus_brevis_NBRC_100599,8.469077871597887e-06,9.287187444022154e-05,6.914623262916268e-06,3.344463905838086e-05
Clostridium_sp_7_2_43FAA,8.447889443992993e-06,1.4568642441384715e-05,5.3477527819058784e-06,8.193706380510458e-06
Campylobacter_hominis_ATCC_BAA_381,8.253836766363173e-06,7.568604651571358e-05,6.607839837080236e-06,2.792827399715225e-05
Eikenella_corrodens_ATCC_23834,8.18696186810665e-06,0.0001821186652433452,2.4549055948571026e-06,5.790668326414354e-05
Lactobacillus_amylovorus_GRL_1112,8.012044361059546e-06,1.8070882617462287e-06,6.729609260558178e-07,1.0230002271948327e-06
Gemella_sanguinis_M325,8.001434486994699e-06,7.778268890516009e-05,2.7377172900107996e-06,2.589974556629144e-05
Cronobacter_sakazakii_ATCC_BAA_894,7.743637285781782e-06,1.2679111838550248e-05,1.6695104947776593e-05,1.5455600901719087e-05
Eggerthella_sp_YY7918,7.697570328569786e-06,1.6539449854738515e-05,7.3329398723134584e-06,1.017445529898786e-05
Porphyromonas_asaccharolytica_DSM_20707,7.668688703620722e-06,0.00011202035482109174,7.83661600837569e-06,3.999209095057199e-05
Mobiluncus_curtisii_ATCC_43063,7.662623779018217e-06,9.713970158992824e-06,8.588164946315944e-06,8.935635690969299e-06
Collinsella_intestinalis_DSM_13280,7.242918108825607e-06,4.0755642048110516e-06,2.788374133442602e-05,2.053553851664362e-05
Bifidobacterium_thermophilum_RBL67,6.551306991291195e-06,8.804095994113373e-06,9.619370213466087e-06,9.367742367986855e-06
Streptococcus_agalactiae_A909,6.494720513485176e-06,4.169816789920069e-06,1.7686993874693127e-06,2.509785005509671e-06
Actinomyces_graevenitzii_C83,6.40847038304259e-06,5.7175770821000886e-06,4.025338414301578e-06,4.547634299424576e-06
Acidaminococcus_fermentans_DSM_20731,6.301614294369272e-06,3.793293694465599e-05,3.948491627062027e-05,3.900591030581648e-05
Clostridium_botulinum_E1_str_BoNT_E_Beluga,6.068709744505069e-06,4.689601862213202e-05,5.254356457075117e-06,1.8106721322833426e-05
Lactobacillus_casei_ATCC_334,5.941259767673974e-06,1.4851660965876192e-06,3.256813548738669e-06,2.7100087795562475e-06
Pseudomonas_aeruginosa_NCGM2_S1,5.938990092678982e-06,0.0022156032442570994,1.7424313513066814e-05,0.0006958746007797437
Rothia_dentocariosa_ATCC_17931,5.884820792365478e-06,0.0026742653239543762,9.027063218601658e-07,0.0008260146253442417
Porphyromonas_gingivalis_W83,5.506473663116607e-06,9.742305977945198e-06,2.5160378741124962e-05,2.0401714308044795e-05
Clostridium_perfringens_ATCC_13124,5.3275891896688326e-06,9.871068388352143e-06,3.972993083447276e-05,3.0514232548633033e-05
Yersinia_pseudotuberculosis_YPIII,5.260934515102482e-06,6.780020978731233e-05,3.4399455160934945e-06,2.3304224612148687e-05
Staphylococcus_warneri_SG1,5.006739415711226e-06,2.422014490506612e-05,5.7028027615323e-06,1.1418031818178544e-05
Neisseria_subflava_NJ9703,4.950453501510005e-06,2.5222032741639136e-05,1.0715491866523251e-05,1.5192819297114574e-05
Campylobacter_jejuni_jejuni_M1,4.900973019734799e-06,4.896200447705411e-06,7.984518317854462e-06,7.031333790030684e-06
Clostridium_beijerinckii_NCIMB_8052,4.8819666317305056e-06,0.00017632794277074645,4.275516841173166e-06,5.737811743672048e-05
Helicobacter_winghamensis_ATCC_BAA_430,4.8638654825344745e-06,3.87875993842733e-05,1.1764616737961778e-05,2.0105043480650522e-05
Neisseria_cinerea_ATCC_14685,4.787201222682895e-06,3.739214681074003e-06,4.457018489759333e-06,4.235474104362626e-06
Clostridium_clariflavum_DSM_19732,4.631375944796565e-06,1.3718139508324684e-05,6.372718393606258e-06,8.639823675926759e-06
Clostridium_saccharoperbutylacetonicum_N1_4_HMT,4.544982069965265e-06,7.974280861609123e-06,4.40263783320353e-06,5.504996792587972e-06
Lactobacillus_brevis_subsp_gravesensis_ATCC_27305,4.522962216313759e-06,1.5590672227016555e-06,4.7608098692696595e-07,8.103359979685368e-07
Streptococcus_gallolyticus_subsp_gallolyticus_ATCC_43143,4.47399138815082e-06,3.597105364496059e-05,5.376084060419684e-06,1.481897590750021e-05
Lactobacillus_delbrueckii_subsp_bulgaricus_ATCC_11842,4.4537989826885475e-06,1.8947702099722023e-05,7.371972925310052e-07,6.3577234675899625e-06
Solobacterium_moorei_F0204,4.3555054017534575e-06,0.0003039885433037468,6.015437371292364e-06,9.798244537513632e-05
Afipia_birgiae_34632,4.218660385251631e-06,2.998806015991315e-05,3.6234677407400328e-06,1.1760687623200873e-05
Fusobacterium_russii_ATCC_25533,4.182713115735595e-06,3.0748746249506114e-06,5.634093805381952e-07,1.3385529744926442e-06
Delftia_acidovorans_SPH_1,4.124027714987937e-06,1.3291009481092176e-05,7.341432408847269e-06,9.177721628675944e-06
Actinobacillus_pleuropneumoniae_L20,4.06655428577738e-06,3.666946160933175e-06,2.5685133253687503e-06,2.9075358054812255e-06
Lactobacillus_acidophilus_NCFM,4.0031071676268655e-06,4.879649552418457e-06,1.0005823324400398e-06,2.1978253015691817e-06
Campylobacter_concisus_13826,3.915583101082852e-06,1.361801228750933e-05,2.0757649756455523e-05,1.8554057945052377e-05
Peptoniphilus_lacrimalis_DSM_7455,3.915196533552129e-06,1.77783420225723e-05,2.876877265402042e-06,7.476094783047184e-06
Lactobacillus_plantarum_WCFS1,3.89864268240958e-06,5.561723067309499e-07,8.898400735763439e-07,7.868561949203584e-07
Eggerthia_catenaformis_OT_569,3.89432653309865e-06,6.963298519060368e-06,6.966687299292213e-06,6.965690599224025e-06
Atopobium_parvulum_DSM_20469,3.8176245600231204e-06,2.084865183288041e-06,1.6049708515050914e-06,1.7530863860060018e-06
Lactobacillus_paracasei_subsp_paracasei_ATCC_25302,3.726406814741737e-06,1.3741848942999752e-06,2.1446924162639965e-06,1.9068814526948543e-06
Lactobacillus_casei_casei_BL23,3.697600055060223e-06,8.562848026953631e-05,2.071992704876151e-06,2.786103207668484e-05
Atopobium_minutum_10063974,3.6861079080033386e-06,7.0949136182921e-06,2.862331189424328e-06,4.168683790926726e-06
Lactobacillus_fermentum_IFO_3956,3.66100906860265e-06,1.9431202923708064e-05,3.0310046025527206e-06,8.092794207847577e-06
Propionibacterium_acnes_KPA171202,3.533087492855237e-06,1.8566513348217648e-05,4.42821080095393e-06,8.791884426652612e-06
Anaerofustis_stercorihominis_DSM_17244,3.5227776589543203e-06,3.606259406514206e-05,4.11179029185169e-06,1.3973149481138843e-05
Fusobacterium_nucleatum_subsp_animalis_7_1,3.3849731342905865e-06,0.00011235721387740749,1.2131990421086136e-05,4.3065701364395186e-05
Lactobacillus_delbrueckii_subsp_bulgaricus_ATCC_BAA_365,3.359332728542128e-06,1.8245811156382083e-05,7.283083426257481e-07,6.134945013538198e-06
Lactobacillus_mucosae_LM1,3.3194311283610937e-06,6.9817248661164905e-06,5.813043776038333e-06,6.173747816185915e-06
Varibaculum_cambriense_DSM_15806,3.318667004500635e-06,5.626141526315254e-06,5.398756103488274e-06,5.468936789545982e-06
Mitsuokella_multacida_DSM_20544,3.285283356855815e-06,4.670461363759712e-06,8.074821207490284e-06,7.024092860659865e-06
Pyramidobacter_piscolens_W5455,3.273776143957066e-06,6.704718146074141e-06,4.349910413032059e-05,3.214281215987416e-05
Anaerococcus_hydrogenalis_DSM_7454,3.0523794638010813e-06,2.8818319324689745e-05,3.0425700424172152e-06,1.0998048215958121e-05
Bradyrhizobium_elkanii_USDA_76,3.0075592360850605e-06,1.4111033109894967e-05,2.9536684089535354e-06,6.397299489491014e-06
Olsenella_uli_DSM_7084,2.99457696874442e-06,3.5697408644545754e-06,3.852625964600595e-06,3.7653157485061455e-06
Lactobacillus_fermentum_ATCC_14931,2.924316874695256e-06,1.4560454188203792e-05,1.9692104648425496e-06,5.855396799213304e-06
Actinomyces_viscosus_C505,2.9122050549465108e-06,4.278786809459513e-06,2.5447403456770424e-06,3.0799398715358303e-06
Desulfovibrio_piger_ATCC_29098,2.849201307042633e-06,1.4464526819975611e-05,6.787009010197263e-05,5.1386891558146414e-05
Enterococcus_avium_ATCC_14025,2.8427495083183865e-06,8.842833005506319e-06,2.2718123884897143e-06,4.2999051715195305e-06
Micrococcus_luteus_NCTC_2665,2.8261831518965756e-06,1.850658021977591e-05,2.276085830991285e-06,7.2854976793816024e-06
Morganella_morganii_subsp_morganii_KT,2.8093893553400128e-06,2.145771763018141e-05,4.268414625554197e-06,9.573755059081116e-06
Providencia_stuartii_ATCC_25827,2.7994592812178497e-06,0.0002276222553712586,2.618917730773239e-06,7.206439231116998e-05
Neisseria_mucosa_ATCC_25996,2.7948466201305587e-06,4.988946281924413e-06,3.4571212792868266e-06,3.929906773928057e-06
Finegoldia_magna_ATCC_29328,2.7705144093995756e-06,5.29506393931533e-06,4.264154009604592e-06,4.5823360866758095e-06
Filifactor_alocis_ATCC_35896,2.7311242901117764e-06,6.764847218096321e-06,5.382618503438892e-06,5.809232304259088e-06
Porphyromonas_endodontalis_ATCC_35406,2.65874844732592e-06,3.961289156875071e-06,1.0537595548914855e-05,8.507871353840845e-06
Yersinia_enterocolitica_subsp_enterocolitica_8081,2.5983615887166864e-06,1.2396316349403046e-05,3.0706233177763524e-06,5.948923636179654e-06
Enterococcus_faecium_TX1330,2.5878934087280287e-06,1.681050599001255e-06,1.35481543067265e-06,1.4555052974407395e-06
Corynebacterium_amycolatum_SK46,2.5135332225116818e-06,4.97847946282375e-06,3.0781466689587127e-06,3.664669136201009e-06
Enterococcus_faecalis_TX1322,2.4604027579509316e-06,3.4544076848181494e-06,1.3930509610619019e-05,1.0697144818705165e-05
Alcaligenes_faecalis_subsp_faecalis_NBRC_13111,2.435973120538996e-06,7.873975371084761e-06,3.5367105058123904e-06,4.8753725012668256e-06
Bifidobacterium_animalis_lactis_Bi_07,2.3876801258439923e-06,3.6839053528664564e-05,1.5524340536513109e-06,1.2443365990383796e-05
Neisseria_elongata_subsp_glycolytica_ATCC_29315,2.3243231846656283e-06,4.313115873681563e-06,2.2431447368382202e-06,2.8820247173454246e-06
Neisseria_flavescens_SK114,2.3144434232981817e-06,3.218062864303007e-06,5.8848480224842164e-06,5.061766183539398e-06
Brachyspira_pilosicoli_B2904,2.28749971451139e-06,1.58548212321955e-05,2.4060558147753597e-06,6.556909338670464e-06
Bifidobacterium_animalis_lactis_BB_12,2.268126152060359e-06,5.381194483803909e-06,1.4958197442107638e-06,2.6950094786530932e-06
Bifidobacterium_animalis_lactis_V9,2.241886336663132e-06,2.1498948894762637e-06,1.3736779821460012e-06,1.6132511016923783e-06
Fusobacterium_nucleatum_subsp_animalis_D11,2.2026488879662718e-06,7.328814224441176e-06,1.2235701028680083e-05,1.0721229792803878e-05
Bifidobacterium_animalis_lactis_Bl_04_ATCC_SD5219,2.197295612830033e-06,2.5364652308917386e-06,1.3559777050420945e-06,1.7203257068475405e-06
Micromonospora_aurantiaca_ATCC_27029,2.169444582833589e-06,4.100810521390151e-06,2.6993151201976906e-06,3.131875429207711e-06
Methylobacterium_radiotolerans_JCM_2831,2.0793705195096884e-06,1.2662590438174545e-05,3.3924692024230896e-06,6.253617731976005e-06
Gemella_morbillorum_M424,2.0764124628128436e-06,5.349477473837481e-06,2.745399905194684e-06,3.549127549837523e-06
Fusobacterium_mortiferum_ATCC_9817,2.058177420092314e-06,2.033067918921042e-05,7.197489085273739e-06,1.1250942821056663e-05
Bifidobacterium_animalis_lactis_DSM_10140,2.0431574561770003e-06,0.0002032646142348314,1.310087529397118e-06,6.364173157428423e-05
Bifidobacterium_animalis_lactis_CNCM_I_2494,2.041827525847523e-06,2.123542365987154e-06,1.5095839723101627e-06,1.6990773036919504e-06
Pseudoramibacter_alactolyticus_ATCC_23263,2.0181796209180314e-06,3.2729296557255465e-06,2.2981779381788054e-06,2.5990272337179235e-06
Staphylococcus_epidermidis_ATCC_12228,2.0160060711205035e-06,2.3489682420788207e-06,8.676145633496179e-07,1.3248224888833224e-06
Fusobacterium_sp_4_8,1.9732793147880625e-06,2.676585606321037e-06,9.955481342216603e-06,7.708908584224143e-06
Slackia_exigua_ATCC_700122,1.949728399616246e-06,1.7824843053013045e-06,3.0829391468802994e-06,2.6815641957756697e-06
Corynebacterium_glucuronolyticum_ATCC_51867,1.9461324599846766e-06,4.142823936439687e-06,2.801525190031279e-06,3.2155062846017766e-06
Ralstonia_sp_5_7_47FAA,1.9450648365291395e-06,7.064954748605623e-06,9.045382377321332e-06,8.434139282038701e-06
Fusobacterium_nucleatum_subsp_animalis_3_1_33,1.936423930424628e-06,3.00080239800986e-06,9.692563709233126e-06,7.627205279843229e-06
Streptococcus_dysgalactiae_subsp_dysgalactiae_ATCC_27957,1.927548969436074e-06,3.1873823213165234e-06,1.3414898042381305e-06,1.9112097169166477e-06
Clostridium_botulinum_Bf,1.8919631603966355e-06,4.807437754774839e-06,1.926977314426569e-06,2.8160083145340595e-06
Lactobacillus_reuteri_SD2112_ATCC_55730,1.854840053874272e-06,3.57667673094792e-06,2.4877344188955434e-06,2.823827725084549e-06
Aeromonas_hydrophila_subsp_hydrophila_ATCC_7966,1.7982013259220551e-06,7.86951394144968e-06,2.4650486960691168e-06,4.1330935248902775e-06
Aeromonas_veronii_B565,1.7908351609805598e-06,2.2247378127119015e-05,2.32251143253769e-06,8.472161646914646e-06
Providencia_rettgeri_DSM_1131,1.7784403166013732e-06,5.5641572353321276e-06,1.3833527933672207e-06,2.673724534714413e-06
Providencia_rustigianii_DSM_4541,1.7370656279006698e-06,4.221264076654066e-06,1.6301231683771732e-06,2.4298580166107827e-06
Paenibacillus_alvei_DSM_29,1.6996425769687396e-06,2.810315086120796e-06,2.4280765075804845e-06,2.546051377500335e-06
Eubacterium_saphenum_ATCC_49989,1.6912995305249235e-06,2.003632178274147e-06,1.854109284336139e-06,1.9002583256750306e-06
Lactococcus_raffinolactis_4877,1.672634550092715e-06,4.545888373959271e-06,3.380961997453297e-06,3.7405071753872405e-06
Bifidobacterium_animalis_lactis_AD011,1.671539626435163e-06,1.8243274268949951e-06,1.0584494764925334e-06,1.2948315599500833e-06
Paenibacillus_lactis_154,1.6601615858015459e-06,0.0012582459188654911,2.0978029390934098e-06,0.00038979783871884583
Fusobacterium_gonidiaformans_ATCC_25563,1.6563824687719253e-06,0.0014529776538357117,1.4308132886176819e-06,0.0004494390974080913
Fusobacterium_nucleatum_subsp_vincentii_3_1_36A2,1.646443041946554e-06,4.8242164303711165e-06,3.3013863222010784e-06,3.771395614846152e-06
Clostridium_sticklandii_DSM_519,1.633417563500019e-06,3.7726082520152313e-06,2.413640353557473e-06,2.8330748901185094e-06
Methylobacterium_populi_BJ001,1.627797034220257e-06,4.768305452152612e-06,2.900776143852727e-06,3.477174078513186e-06
Aeromonas_caviae_Ae398,1.6197944327389277e-06,3.910220184225161e-06,2.2640684727704544e-06,2.772139988651536e-06
Stenotrophomonas_maltophilia_D457,1.6107131646368184e-06,3.149291332630713e-06,2.7302197606523338e-06,2.859562838423437e-06
Gemella_haemolysans_ATCC_10379,1.5678922499139737e-06,5.502697227940549e-06,2.059536985576363e-06,3.1222407640838266e-06
Bacillus_cereus_AH187_F4810_72,1.5549231001918535e-06,7.906556422374768e-06,1.4285434496109108e-06,3.4279301695997555e-06
Corynebacterium_durum_F0235,1.5317244835180052e-06,1.0941273744975036e-06,1.1726245265324917e-06,1.1483970104723105e-06
Fusobacterium_nucleatum_subsp_vincentii_3_1_27,1.4955213006368704e-06,6.2115242222383014e-06,2.783826894248805e-06,3.841758168319638e-06
Atopobium_rimae_ATCC_49626,1.4913221397035618e-06,1.0687014793494396e-06,6.469537678216249e-07,7.771228145894691e-07
Bacillus_cereus_G9842,1.4512604864097672e-06,3.766865036743099e-06,1.2522241150440791e-06,2.028347856309209e-06
Methyloversatilis_universalis_FAM5,1.4185767720676062e-06,3.6109466674047204e-06,6.079692815378496e-06,5.317734127732262e-06
Mycobacterium_avium_subsp_avium_ATCC_25291,1.398513468693172e-06,2.699560593549692e-06,1.2624729558535888e-06,1.7060185230437442e-06
Brachybacterium_paraconglomeratum_LC44,1.393487263957453e-06,3.914021441734118e-06,1.8467230224569064e-06,2.484778090135058e-06
Fusobacterium_periodonticum_1_1_41FAA,1.376315114087324e-06,0.00020401830866843964,1.564834389231709e-06,6.405047459886379e-05
Clostridium_sporogenes_ATCC_15579,1.3723777639926126e-06,3.615194816039797e-06,1.405505796623125e-06,2.0875085803937027e-06
Fusobacterium_periodonticum_2_1_31,1.3722271148768602e-06,5.0516439534628e-06,2.8553498091126932e-06,3.533218372183714e-06
Methylobacterium_mesophilicum_SR1_6_6,1.37148255842995e-06,5.787568694492604e-06,2.152767305172653e-06,3.27461958582696e-06
Acinetobacter_junii_SH205,1.366354493144736e-06,2.053657963517033e-06,7.281992777500673e-07,1.1372914647151805e-06
Streptococcus_uberis_0140J,1.3508911108249012e-06,8.94294696536719e-07,9.815526403316619e-07,9.546211761974198e-07
Edwardsiella_tarda_ATCC_23685,1.337837397848956e-06,3.697586210026261e-06,2.5237645910210063e-06,2.8860552141707777e-06
Laribacter_hongkongensis_HLHK9,1.328423222571943e-06,4.3821809460842724e-06,4.891602470127175e-06,4.734373604681837e-06
Scardovia_inopinata_F0304,1.3115475456698504e-06,4.857083803352559e-07,3.810131765395696e-07,4.1332651104441116e-07
Propionibacterium_propionicum_F0230a,1.3069448511810237e-06,4.6254911211703005e-06,1.3541492190099632e-06,2.3638226456026597e-06
Lactobacillus_brevis_ATCC_367,1.2849924578926942e-06,7.545824472750742e-07,5.827804237154341e-07,6.358057396289034e-07
Yersinia_rohdei_ATCC_43380,1.2813668067872254e-06,1.8274207320877518e-05,1.8352332341025404e-06,6.90899066829235e-06
Kocuria_palustris_PEL,1.2707614719797262e-06,1.239652646589256e-06,1.3735173272330015e-06,1.332201067775055e-06
Lactobacillus_hilgardii_ATCC_8290,1.2646448013134188e-06,1.0904897464491348e-07,2.6008874938317823e-07,2.1347153495778785e-07
Kocuria_rhizophila_DC2201,1.2155314866907968e-06,1.9653464589246506e-06,1.523803132249191e-06,1.6600819367786536e-06
Streptococcus_parauberis_KCTC_11537,1.2102409237264165e-06,1.2891118962066e-06,8.878182083343681e-07,1.0116742848381434e-06
Capnocytophaga_ochracea_DSM_7271,1.2087988305258986e-06,2.577662105954802e-06,1.5660405107627753e-06,1.8782693981677212e-06
Pseudomonas_alcaliphila_34,1.1947374566061924e-06,4.808528757144316e-06,1.8035621031668403e-06,2.731020946987049e-06
Bacillus_halodurans_C_125,1.1916100112310506e-06,0.00014384329237786562,1.367831754838204e-06,4.534173935453801e-05
Fusobacterium_nucleatum_subsp_vincentii_4_1_13,1.190254239526108e-06,4.100209936221009e-06,2.920334169294178e-06,3.284493356617274e-06
Bacillus_pseudofirmus_OF4,1.1811016915742124e-06,5.084062463604382e-06,1.18725991798621e-06,2.389976753053547e-06
Propionibacterium_acidipropionici_ATCC_4875,1.173348640244765e-06,4.932656626397644e-06,1.5695417920212279e-06,2.607540197692961e-06
Lactobacillus_coleohominis_101_4_CHN,1.1686233574063588e-06,6.730609920478288e-07,1.6842215042921384e-07,3.241748793238481e-07
Kingella_oralis_ATCC_51147,1.164369793998915e-06,9.901338196583744e-07,1.0768106724799542e-06,1.0500585574115653e-06
Ochrobactrum_anthropi_ATCC_49188,1.1302091061684873e-06,6.011515677035793e-06,3.459666432131362e-06,4.24727422376853e-06
Paenibacillus_barengoltzii_G22,1.1128912679426877e-06,3.967031408750609e-06,1.362737291924667e-06,2.1665317724265006e-06
Lactococcus_garvieae_ATCC_49156,1.088727461496718e-06,4.7730476821530595e-06,1.580801981862121e-06,2.5660630004704352e-06
Clostridium_botulinum_F_str_230613,1.0875699305115248e-06,4.1177237005377765e-06,1.503013448168487e-06,2.310022785319503e-06
Rhodococcus_equi_ATCC_33707,1.0701025234728746e-06,2.0026222897029814e-06,1.4044891314397936e-06,1.589098130903741e-06
Kytococcus_sedentarius_DSM_20547,1.0642018587993061e-06,2.427759602883377e-06,1.7769425943295475e-06,1.9778120414140635e-06
Grimontia_hollisae_CIP_101886,1.0606006247921674e-06,8.642884721733216e-06,1.0525303850165985e-06,3.3952323407933333e-06
Vibrio_parahaemolyticus_RIMD_2210633,1.0595301456269085e-06,3.979931572009708e-06,1.4734157122170128e-06,2.24703171832587e-06
Corynebacterium_tuberculostearicum_SK141,1.0275160580431736e-06,1.3393646743205764e-06,1.0145048486985695e-06,1.1147702269769666e-06
Brevundimonas_diminuta_470_4,1.0253592987694635e-06,5.902878856985233e-06,2.9097005106321227e-06,3.833520987901602e-06
Bacillus_vallismortis_DV1_F_3,1.0047006487628594e-06,3.6610905562604004e-06,8.303666599309173e-07,1.7040468748474242e-06
Methanosphaera_stadtmanae_DSM_3091,1.0046109943368076e-06,1.1685883672096357e-05,6.123645411225899e-07,4.03011735932437e-06
Yersinia_frederiksenii_ATCC_33641,9.97353689648394e-07,2.4695222158404537e-06,8.899527373794949e-07,1.3774741813489263e-06
Bulleidia_extructa_W1219,9.926004087290345e-07,0.0001215415363217004,3.056259537476388e-06,3.962578940915046e-05
Actinomyces_urogenitalis_DSM_15434,9.896278319340426e-07,2.650661716180956e-06,1.3462409024331615e-06,1.7488399190219874e-06
Clostridium_botulinum_A_str_Hall,9.777867570012287e-07,2.894228887102412e-06,1.0700061297860877e-06,1.6330378450071759e-06
Anaerococcus_prevotii_DSM_20548,9.660635511666848e-07,3.459539334314706e-06,1.279716170435875e-06,1.9525010975589706e-06
Paenibacillus_daejeonensis_DSM_15491,9.62186607025686e-07,1.7846337017772002e-06,9.282445011810372e-07,1.1925621556860252e-06
Acinetobacter_lwoffii_WJ10621,9.613062904695853e-07,1.2780721315263106e-06,8.284069227419861e-07,9.671924810087526e-07
Bacillus_pumilus_ATCC_7061,9.56041559557073e-07,0.00012231544028830753,8.17131036033174e-07,3.831660920031538e-05
Acinetobacter_johnsonii_SH046,9.415343684769242e-07,1.60619115934282e-06,3.6648775478257607e-07,7.491122623628982e-07
Leuconostoc_gelidum_JB7,9.237009422405465e-07,1.2590621956525062e-06,1.4634558524153913e-06,1.4003713904515384e-06
Lactobacillus_buchneri_ATCC_11577,9.209144835481293e-07,9.635696259365906e-07,3.749620781579613e-07,5.566310743859333e-07
Gordonia_rubripertincta_NBRC_101908,9.180255055995014e-07,1.658322109790974e-06,1.0987688595205979e-06,1.271470479974418e-06
Lactobacillus_plantarum_JDM1,9.045036999859007e-07,1.2786997367292355e-06,6.463635274422504e-07,8.415290241357638e-07
Leuconostoc_argentinum_KCTC_3773,8.933901546862797e-07,2.5750107783798172e-05,9.692044855143096e-07,8.61763142942908e-06
Clostridium_botulinum_A_str_ATCC_19397,8.92041294536578e-07,2.5585487589874293e-06,1.2214501919547196e-06,1.63413493486605e-06
Gordonia_terrae_NBRC_100016,8.748476696214197e-07,1.3549283664684443e-06,1.2277450990951484e-06,1.26699919396345e-06
Yersinia_kristensenii_ATCC_33638,8.732622616895355e-07,2.163699227027956e-06,8.971278298121456e-07,1.2880449277182602e-06
Brevibacillus_borstelensis_AK1,8.700468354957771e-07,5.088860922423993e-06,1.3129478683382482e-06,2.47835313194496e-06
Lysinibacillus_sphaericus_C3_41,8.684192356297319e-07,2.618012748431716e-06,1.0679473014860943e-06,1.546362562889063e-06
Enterococcus_dispar_ATCC_51266,8.539743798951049e-07,1.9289534026475637e-06,9.198793010339989e-07,1.2313219249888026e-06
Brevibacillus_agri_BAB_2500,8.42039972298838e-07,1.4366481397934532e-06,1.1554596993212434e-06,1.2422462550225426e-06
Listeria_monocytogenes_4a_L99,8.340798860323934e-07,3.687773611515786e-06,6.805971961229345e-07,1.6087380650713454e-06
Vibrio_furnissii_NCTC_11218,8.179071295229637e-07,2.828067246076319e-06,8.648482244761112e-07,1.4707800212662991e-06
Pediococcus_pentosaceus_ATCC_25745,8.147885743649254e-07,1.404690244871069e-06,5.471904514831931e-07,8.118508815411796e-07
Bacillus_mojavensis_RO_H_1,8.075166053477254e-07,2.664564177124149e-06,8.117187283051778e-07,1.3835846075702928e-06
Lactobacillus_sakei_subsp_sakei_23K,7.71271138850265e-07,1.9952203369323923e-06,1.225498620768555e-06,1.4630670516833195e-06
Ureaplasma_urealyticum_serovar_8_str_ATCC_27618,7.663785790995107e-07,9.79147289779746e-06,5.356228074809282e-07,3.392366662516896e-06
Bacillus_endophyticus_2102,7.640656728391238e-07,2.805803082956459e-06,9.197787955806554e-07,1.5018850571163968e-06
Oxalobacter_formigenes_OXCC13,7.571919128098138e-07,1.9019170388183647e-05,3.4720286862926376e-06,8.270529211567645e-06
Staphylococcus_haemolyticus_JCSC1435,7.489719586386027e-07,1.4816428464533293e-05,9.753316790004562e-07,5.247275131325406e-06
Ureaplasma_parvum_serovar_1_str_ATCC_27813,7.480593236086718e-07,0.0007212367944796031,6.449425708902314e-07,0.00022304983513530784
Bifidobacterium_gallicum_DSM_20093,7.391828611511429e-07,1.1964663806863602e-06,5.954136636224579e-07,7.809237614816867e-07
Capnocytophaga_sputigena_ATCC_33612,7.389739405214162e-07,2.1971901008885833e-06,1.071107010886492e-06,1.4186635201463968e-06
Enterococcus_casseliflavus_ATCC_12755,7.349826332094322e-07,2.6259868485922663e-06,6.399903643891925e-07,1.2529522422296477e-06
Brevibacterium_casei_S18,7.266416563966043e-07,1.192349432869345e-06,9.360391855116502e-07,1.015147286547976e-06
Curtobacterium_flaccumfaciens_UCD_AKU,7.190534621764254e-07,1.2963197101287203e-06,1.0503296314843978e-06,1.1262524952635097e-06
Enterococcus_hirae_ATCC_9790,7.167822864638808e-07,0.0004145756334900744,7.398618600470378e-07,0.00012846695186931475
Bacillus_clausii_KSM_K16,7.11692077397773e-07,1.2823222297516988e-06,7.656526590733202e-07,9.251185759493629e-07
Bacillus_fordii_DSM_16014,7.104171398824423e-07,1.4922548399937292e-06,6.230259645537698e-07,8.913064816648679e-07
Bacillus_sonorensis_L12,7.072128913709866e-07,1.4451710980167917e-06,5.412064449420648e-07,8.202078810762395e-07
Fusobacterium_varium_ATCC_27725,7.068793477824182e-07,1.0910938583946425e-05,3.167954605318539e-05,2.5269482019469645e-05
Bacteroides_ureolyticus_DSM_20703,7.068628383930066e-07,2.37475436788109e-06,6.499541204486976e-07,1.1822998758290659e-06
Acinetobacter_pittii_ANC_4052,7.042344973178425e-07,1.4837638390973515e-06,8.251614727919261e-07,1.0284338080713786e-06
Lactobacillus_reuteri_F275_JCM_1112,6.934458249374465e-07,5.863071478623703e-07,2.20076232250446e-06,1.702473688355666e-06
Staphylococcus_saprophyticus_subsp_saprophyticus_ATCC_15305,6.75890723119656e-07,2.2105269943062826e-06,6.575920252820068e-07,1.1368929416475239e-06
Bacillus_mycoides_DSM_2048,6.736089380109846e-07,2.7381528145255336e-06,5.81554078908167e-07,1.2471709726172306e-06
Acinetobacter_haemolyticus_NIPH_261,6.7304779359928e-07,4.166832465252045e-06,5.819935904063611e-07,1.6884253419019428e-06
Vibrio_mimicus_MB_451,6.616405384127436e-07,1.7767700916747252e-06,8.341725702809449e-07,1.1250977312049508e-06
Staphylococcus_hominis_subsp_hominis_C80,6.476850164069805e-07,1.229452320100427e-06,6.247038740008451e-07,8.113546289698519e-07
Lactobacillus_plantarum_subsp_plantarum_ATCC_14917,6.296407517432108e-07,6.370954895299843e-07,6.037994689419636e-07,6.140760185061674e-07
Leptotrichia_buccalis_C_1013_b,6.283286387818855e-07,2.885859899443362e-06,7.810386013740469e-07,1.4306748044818597e-06
Actinomyces_turicensis_ACS_279_V_Col4,6.087336055112421e-07,8.577619663952088e-07,8.825736426417119e-07,8.749157178742728e-07
Staphylococcus_lugdunensis_HKU09_01,6.056666491618617e-07,0.0006350406778759785,6.948663272398666e-07,0.0001964806106324061
Helicobacter_canadensis_MIT_98_5491,5.820510113486045e-07,2.8121705230662933e-06,7.464217734220881e-07,1.3839985480036327e-06
Aerococcus_viridans_ATCC_11563,5.740847489257661e-07,1.8738415422559292e-06,6.660567006987397e-07,1.038829799944786e-06
Enterococcus_faecalis_OG1RF_ATCC_47077,5.633354214452193e-07,8.610727380879613e-06,5.998200234704657e-06,6.804535773647544e-06
Lysinibacillus_fusiformis_ZB2,5.629950600724933e-07,1.997397643535117e-06,1.0482593714893914e-06,1.341203282614616e-06
Propionibacterium_avidum_44067,5.607185639223642e-07,2.5578746413317726e-06,6.444607421049906e-07,1.235020587545355e-06
Listeria_monocytogenes_serotype_7_SLCC_2482,5.514962205461588e-07,1.0376169428073329e-05,5.603845769367491e-07,3.5899478025961872e-06
Bacillus_atrophaeus_ATCC_49822_1,5.458951429020315e-07,1.915423217957142e-06,5.344866943301469e-07,9.607016707582316e-07
Enterococcus_asini_ATCC_700915,5.363738580698702e-07,1.4733287359804255e-06,6.300402444352148e-07,8.903144702207737e-07
Arcanobacterium_haemolyticum_DSM_20595,5.317306035988705e-07,7.060720391342445e-07,5.647811894537534e-07,6.083894763921762e-07
Corynebacterium_aurimucosum_ATCC_700975,5.261540724013734e-07,2.275060787085919e-06,1.0225183142683827e-06,1.4091054972367573e-06
Enterococcus_phoeniculicola_ATCC_BAA_412,5.228702549612242e-07,3.642665118628555e-06,6.24067998494014e-07,1.5557337763133172e-06
Fusobacterium_necrophorum_D12,5.127696296935524e-07,2.3837942955446394e-05,4.679843573217504e-07,7.680934541928121e-06
Capnocytophaga_granulosa_ATCC_51502,5.108280639003711e-07,1.6085081066108244e-06,1.313061492743165e-06,1.4042487192455295e-06
Listeria_monocytogenes_Finland_1988,5.008955438177461e-07,7.38681467436631e-07,4.169498504140434e-07,5.16249732211138e-07
Actinomyces_cardiffensis_F0333,4.918325882424608e-07,1.1600603005080676e-06,5.13004593954709e-07,7.127131453600666e-07
Brevibacterium_massiliense_5401308,4.7540787636345894e-07,3.617173756278687e-06,1.9189928432919e-06,2.4431227547075754e-06
Acinetobacter_calcoaceticus_PHEA_2,4.7055797207504384e-07,2.8965178417197827e-06,5.043367999724744e-07,1.2426642819932483e-06
Bartonella_quintana_Toulouse,4.6778772212967146e-07,6.751086263129621e-06,1.410543953513063e-06,3.0588594811724956e-06
Corynebacterium_ammoniagenes_DSM_20306,4.5775671577600663e-07,5.501396334859725e-07,6.151652479271407e-07,5.950956138403603e-07
Staphylococcus_xylosus_DMB3_Bh1,4.415290906272566e-07,2.921233412035417e-06,4.1452910024579505e-07,1.1882032705512337e-06
Listeria_monocytogenes_FSL_R2_561,4.378271690284565e-07,3.053054509756487e-07,3.7551407778710036e-07,3.5384474852430663e-07
Enterococcus_caccae_ATCC_BAA_1240,4.335848111431503e-07,2.9898489136322364e-06,5.125957277044729e-07,1.2771800443488444e-06
Listeria_monocytogenes_SLCC_2540,4.3352498021924817e-07,2.1796010747276108e-06,5.213963875823772e-07,1.0331879576889308e-06
Corynebacterium_propinquum_DSM_44285,4.2394205642853114e-07,6.310630313612872e-07,5.592583281399709e-07,5.814202735786488e-07
Sulfolobus_solfataricus_P2,4.1675561551990846e-07,4.325790691365984e-06,2.8643363071111226e-07,1.533148772888541e-06
Staphylococcus_simulans_ACS_120_V_Sch1,4.1140250517750684e-07,1.8911555549846116e-06,4.0769754706664373e-07,8.655549569178681e-07
Helicobacter_bilis_ATCC_43879,4.087228407431806e-07,4.99630756339079e-06,1.2063958371874175e-06,2.3761216786082117e-06
Cryptobacterium_curtum_DSM_15641,4.0412807166304585e-07,0.00017056263685956663,1.214511442899678e-06,5.348245138631541e-05
Staphylococcus_equorum_subsp_equorum_Mu2,3.9379739471619496e-07,2.1912560856318895e-06,3.9920826844876716e-07,9.523094465917062e-07
Listeria_monocytogenes_J0161_FSL_R2_499,3.8679322081384685e-07,9.289431027459068e-07,3.5098339614746025e-07,5.293660216408079e-07
Weissella_cibaria_KACC_11862,3.8502382079755715e-07,2.6375433245009478e-06,1.461300801332988e-06,1.8243386171255687e-06
Staphylococcus_capitis_QN1,3.7617730155051485e-07,1.8427712156833278e-06,4.070659747951616e-07,8.501848763038548e-07
Campylobacter_rectus_RM3267,3.7306449082238425e-07,1.109993605319901e-05,2.104347531882251e-06,4.880763742165201e-06
Listeria_monocytogenes_SLCC_7179,3.6805151083755797e-07,2.92176194126286e-07,3.2612073231894313e-07,3.156440230002219e-07
Listeria_monocytogenes_4b_F2365,3.679892534723844e-07,2.7513665298267357e-07,4.014223814389075e-07,3.6244530475488474e-07
Listeria_grayi_DSM_20601,3.647972140869165e-07,9.653601304009976e-07,4.5158743707011194e-07,6.101592559993976e-07
Corynebacterium_ulcerans_809,3.5301195421213697e-07,1.6756454014595172e-06,4.352371902331648e-07,8.180792307351253e-07
Melainabacterium_MEL_A1,3.524119131818478e-07,3.2312486962642e-06,3.8397919648462016e-05,2.7544008860746642e-05
Lactobacillus_pentosus_KCA1,3.519662071818638e-07,1.7496627792892149e-06,5.461599994790748e-07,9.176114747291173e-07
Corynebacterium_kroppenstedtii_DSM_44385,3.4564045374496576e-07,1.0974177361319557e-06,4.3021640041636525e-07,6.361427386001893e-07
Arcobacter_butzleri_RM4018,3.438620485242133e-07,7.871141759028679e-06,4.003588910058507e-07,2.7061560724943775e-06
Campylobacter_upsaliensis_JV21,3.408285958548686e-07,3.4656492173506526e-06,0.00035589852113020464,0.0002471229433793241
Staphylococcus_arlettae_CVD059,3.4056670767345086e-07,1.3202267461150822e-06,3.4735373550307615e-07,6.476231832228312e-07
Staphylococcus_caprae_C87,3.3074006368184815e-07,2.6639118306402946e-06,3.074828635766571e-07,1.0347757546456809e-06
Listeria_monocytogenes_SLCC_2378,3.275357935973405e-07,2.4218672610215033e-07,3.433384478491649e-07,3.1211878064329636e-07
Helicobacter_cinaedi_CCUG_18818,2.9446746601548644e-07,1.816709388859148e-06,5.388699964438419e-07,9.332648706460966e-07
Helicobacter_pylori_26695,2.899927188063354e-07,3.7254496592230002e-06,2.967913650042796e-07,1.3550192335903042e-06
Campylobacter_gracilis_RM3268,2.8281430873389056e-07,2.543979513905685e-06,2.947832514197107e-05,2.1165255503679274e-05
Staphylococcus_pettenkoferi_VCU012,2.6552485688867795e-07,1.450865543939859e-06,4.642405829426867e-07,7.687544597936658e-07
Helicobacter_pullorum_MIT_98_5489,2.4897506424900395e-07,1.3775168214226695e-06,2.391106588791874e-07,5.904705855901386e-07
Anaerobaculum_hydrogeniformans_OS1_ATCC_BAA_1850,2.3535240108600082e-07,1.014047475742273e-06,3.9873619124628376e-07,5.886470815228236e-07
Campylobacter_curvus_525_92,2.3120673780389159e-07,3.6070988190961015e-07,7.361040000357419e-06,5.200444284787102e-06
Campylobacter_fetus_subsp_fetus_82_40,1.7974209508831965e-07,3.554573401011621e-07,2.652826756030294e-07,2.9311436217652723e-07
Moraxella_catarrhalis_RH4,1.7420582093992766e-07,2.23052950473114e-06,1.9035606678523159e-07,8.200392266450798e-07
Campylobacter_coli_JV20,1.5320069678412228e-07,2.2159137593349192e-06,5.424107431952149e-07,1.0589240197815426e-06
Tropheryma_whipplei_str_Twist,1.3750565655045906e-07,1.382247199532133e-06,1.4840224436713517e-07,5.29218588553863e-07
Campylobacter_lari_RM2100,1.242580706364597e-07,3.621001447122296e-06,5.299018064685106e-07,1.483944905435728e-06
Campylobacter_jejuni_jejuni_NCTC_11168,9.556465215053287e-08,2.004901445269679e-06,6.811599312071157e-07,1.0897221269054377e-06
