,subsystem
398525.3.peg.1,Metabolic:Nucleotide interconversion
g.32186.CDS.8,Metabolic:Benzoate degradation
398525.3.peg.13,Metabolic:Nucleotide interconversion
g.32186.CDS.18,"Metabolic:Transport, extracellular"
g.32186.CDS.25,tRNA-Charging
398525.3.peg.27,Metabolic:Nucleotide interconversion
g.32186.CDS.31,Metabolic:NAD metabolism
398525.3.peg.33,Metabolic:Nucleotide interconversion
g.32186.CDS.37,Metabolic:Propanoate metabolism
398525.3.peg.37,Metabolic:Nucleotide interconversion
g.32186.CDS.53,"Metabolic:Transport, extracellular"
g.32186.CDS.56,tRNA-Charging
g.32186.CDS.67,Metabolic:Others
g.32186.CDS.72,Metabolic:Purine catabolism
398525.3.peg.81,Metabolic:Purine synthesis
398525.3.peg.82,Metabolic:Purine synthesis
g.32186.CDS.85,"Metabolic:Valine, leucine, and isoleucine metabolism"
g.32186.CDS.96,Metabolic:Glyoxylate and dicarboxylate metabolism
g.32186.CDS.106,Metabolic:Oxidative phosphorylation
g.32186.CDS.110,Transcription
g.32186.CDS.126,Metabolic:Butanoate metabolism
g.32186.CDS.127,Metabolic:Pyruvate metabolism
g.32186.CDS.129,"Metabolic:Transport, extracellular"
g.32186.CDS.130,Metabolic:Glyoxylate and dicarboxylate metabolism
398525.3.peg.131,Metabolic:Alanine and aspartate metabolism
g.32186.CDS.150,Metabolic:NAD metabolism
g.32186.CDS.151,Metabolic:Fatty acid synthesis
g.32186.CDS.158,Metabolic:Unassigned
398525.3.peg.158,Metabolic:Nucleotide interconversion
g.32186.CDS.160,"Metabolic:Transport, extracellular"
g.32186.CDS.163,"Metabolic:Transport, extracellular"
g.32186.CDS.168,"Metabolic:Transport, extracellular"
g.32186.CDS.170,"Metabolic:Valine, leucine, and isoleucine metabolism"
g.32186.CDS.174,Metabolic:Vitamin B12 metabolism
398525.3.peg.183,Metabolic:Nucleotide interconversion
g.32186.CDS.189,"Metabolic:Valine, leucine, and isoleucine metabolism"
398525.3.peg.195,Metabolic:Nucleotide interconversion
398525.3.peg.196,Metabolic:Nucleotide interconversion
g.32186.CDS.200,Metabolic:Arginine and proline metabolism
398525.3.peg.201,Metabolic:Nucleotide interconversion
g.32186.CDS.205,Metabolic:Fatty acid synthesis
g.32186.CDS.233,Metabolic:Ascorbate and aldarate metabolism
g.32186.CDS.236,Metabolic:Pyruvate metabolism
g.32186.CDS.242,tRNA-Charging
g.32186.CDS.243,Metabolic:Glyoxylate and dicarboxylate metabolism
g.32186.CDS.256,Metabolic:Pyrimidine synthesis
g.32186.CDS.262,Metabolic:Pentose phosphate pathway
g.32186.CDS.267,Metabolic:Oxidative phosphorylation
g.32186.CDS.275,Metabolic:Glycolysis/gluconeogenesis
g.32186.CDS.282,Metabolic:Fatty acid synthesis
g.32186.CDS.289,Metabolic:Others
g.32186.CDS.302,"Metabolic:Transport, extracellular"
g.32186.CDS.306,tRNA-Charging
g.32186.CDS.313,"Metabolic:Transport, extracellular"
g.32186.CDS.320,Metabolic:Fatty acid synthesis
g.32186.CDS.324,"Metabolic:Transport, extracellular"
g.32186.CDS.326,Metabolic:Vitamin B12 metabolism
g.32186.CDS.359,Metabolic:Pyruvate metabolism
g.32186.CDS.362,Metabolic:Heme synthesis
g.32186.CDS.369,Metabolic:Nucleotide interconversion
g.32186.CDS.372,"Metabolic:Valine, leucine, and isoleucine metabolism"
g.32186.CDS.376,Metabolic:Fatty acid synthesis
g.32186.CDS.381,Metabolic:Fatty acid synthesis
g.32186.CDS.382,Metabolic:Nucleotide interconversion
g.32186.CDS.389,tRNA-Charging
g.32186.CDS.390,tRNA-Charging
g.32186.CDS.398,"Metabolic:Transport, extracellular"
g.32186.CDS.400,tRNA-Charging
398525.3.peg.412,Metabolic:Methionine and cysteine metabolism
g.32186.CDS.414,Metabolic:Vitamin B6 metabolism
398525.3.peg.414,Metabolic:Phenylalanine metabolism
398525.3.peg.415,Metabolic:Histidine metabolism
398525.3.peg.416,Metabolic:Tyrosine metabolism
g.32186.CDS.437,"Metabolic:Transport, extracellular"
g.32186.CDS.444,Metabolic:Nucleotide interconversion
g.32186.CDS.445,Metabolic:Unassigned
398525.3.peg.447,Metabolic:Alanine and aspartate metabolism
398525.3.peg.451,Metabolic:Alanine and aspartate metabolism
398525.3.peg.456,Metabolic:Vitamin B12 metabolism
g.32186.CDS.468,"Metabolic:Valine, leucine, and isoleucine metabolism"
g.32186.CDS.471,"Metabolic:Transport, extracellular"
g.32186.CDS.486,"Metabolic:Valine, leucine, and isoleucine metabolism"
g.32186.CDS.493,"Metabolic:Valine, leucine, and isoleucine metabolism"
g.32186.CDS.494,"Metabolic:Transport, extracellular"
g.32186.CDS.497,Metabolic:Propanoate metabolism
g.32186.CDS.509,Metabolic:Glyoxylate and dicarboxylate metabolism
398525.3.peg.512,Metabolic:Alanine and aspartate metabolism
g.32186.CDS.513,Metabolic:ROS detoxification
g.32186.CDS.519,Metabolic:Histidine metabolism
g.32186.CDS.521,tRNA-Charging
g.32186.CDS.529,"Metabolic:Transport, extracellular"
g.32186.CDS.530,"Metabolic:Transport, extracellular"
g.32186.CDS.538,"Metabolic:Glycine, serine, alanine, and threonine metabolism"
g.32186.CDS.551,Metabolic:Fatty acid synthesis
g.32186.CDS.565,Metabolic:Nucleotide interconversion
g.32186.CDS.578,"Metabolic:Transport, extracellular"
g.32186.CDS.596,Metabolic:Pyrimidine catabolism
g.32186.CDS.598,Metabolic:Terpenoid backbone biosynthesis
g.32186.CDS.618,Metabolic:Unassigned
g.32186.CDS.620,"Metabolic:Valine, leucine, and isoleucine metabolism"
g.32186.CDS.621,"Metabolic:Transport, extracellular"
g.32186.CDS.623,Translation
g.32186.CDS.629,Metabolic:Urea cycle
g.32186.CDS.638,Metabolic:Arginine and proline metabolism
g.32186.CDS.639,Metabolic:Pentose phosphate pathway
g.32186.CDS.648,"Metabolic:Valine, leucine, and isoleucine metabolism"
g.32186.CDS.656,Metabolic:Oxidative phosphorylation
g.32186.CDS.658,"Metabolic:Transport, extracellular"
g.32186.CDS.659,Metabolic:Nucleotide interconversion
g.32186.CDS.664,Metabolic:Oxidative phosphorylation
g.32186.CDS.669,Metabolic:Oxidative phosphorylation
398525.3.peg.676,Metabolic:Histidine metabolism
g.32186.CDS.694,"Metabolic:Transport, extracellular"
g.32186.CDS.698,"Metabolic:Transport, extracellular"
g.32186.CDS.701,"Metabolic:Transport, extracellular"
g.32186.CDS.707,Metabolic:Glycerophospholipid metabolism
398525.3.peg.709,"Metabolic:Glycine, serine, alanine, and threonine metabolism"
g.32186.CDS.716,"Metabolic:Transport, extracellular"
g.32186.CDS.722,Metabolic:Oxidative phosphorylation
g.32186.CDS.723,"Metabolic:Valine, leucine, and isoleucine metabolism"
g.32186.CDS.724,Metabolic:Biotin metabolism
g.32186.CDS.732,"Metabolic:Transport, extracellular"
g.32186.CDS.740,Metabolic:Fatty acid synthesis
g.32186.CDS.741,Metabolic:Vitamin B12 metabolism
g.32186.CDS.744,Metabolic:Glutathione metabolism
g.32186.CDS.748,Metabolic:Purine catabolism
g.32186.CDS.774,Metabolic:Fatty acid synthesis
g.32186.CDS.777,Metabolic:Galactose metabolism
g.32186.CDS.780,"Metabolic:Valine, leucine, and isoleucine metabolism"
g.32186.CDS.781,Metabolic:Sulfur metabolism
398525.3.peg.782,Metabolic:Pyrimidine synthesis
g.32186.CDS.785,"Metabolic:Transport, extracellular"
g.32186.CDS.790,Metabolic:Fatty acid synthesis
g.32186.CDS.791,Metabolic:Glyoxylate and dicarboxylate metabolism
g.32186.CDS.794,Metabolic:Tyrosine metabolism
g.32186.CDS.799,Metabolic:Fatty acid synthesis
g.32186.CDS.801,Metabolic:Oxidative phosphorylation
g.32186.CDS.814,"Metabolic:Transport, extracellular"
398525.3.peg.825,Metabolic:Methionine and cysteine metabolism
g.32186.CDS.844,Metabolic:Benzoate degradation
g.32186.CDS.846,"Metabolic:Transport, extracellular"
g.32186.CDS.863,"Metabolic:Valine, leucine, and isoleucine metabolism"
g.32186.CDS.869,"Metabolic:Transport, extracellular"
g.32186.CDS.904,Metabolic:Butanoate metabolism
g.32186.CDS.912,"Metabolic:Transport, extracellular"
g.32186.CDS.918,Metabolic:Propanoate metabolism
g.32186.CDS.919,Metabolic:Nucleotide interconversion
g.32186.CDS.922,Metabolic:NAD metabolism
g.32186.CDS.938,Metabolic:Propanoate metabolism
g.32186.CDS.954,Metabolic:Lysine metabolism
398525.3.peg.956,Metabolic:Pentose phosphate pathway
g.32186.CDS.967,Metabolic:Pyruvate metabolism
g.32186.CDS.976,Metabolic:Benzoate degradation
398525.3.peg.980,"Metabolic:Glycine, serine, alanine, and threonine metabolism"
g.32186.CDS.984,"Metabolic:Transport, extracellular"
398525.3.peg.993,Metabolic:Glyoxylate and dicarboxylate metabolism
g.32186.CDS.1003,Metabolic:Fatty acid synthesis
g.32186.CDS.1006,Metabolic:Folate metabolism
g.32186.CDS.1014,Metabolic:Citric acid cycle
g.32186.CDS.1020,Metabolic:Citric acid cycle
g.32186.CDS.1023,Metabolic:Glyoxylate and dicarboxylate metabolism
g.32186.CDS.1024,Metabolic:Exchange/demand reaction
398525.3.peg.1024,Metabolic:CoA synthesis
g.32186.CDS.1025,Translation
g.32186.CDS.1031,tRNA-Charging
g.32186.CDS.1033,"Metabolic:Transport, extracellular"
g.32186.CDS.1038,Metabolic:Histidine metabolism
g.32186.CDS.1040,tRNA-Charging
g.32186.CDS.1045,Metabolic:Nucleotide interconversion
398525.3.peg.1047,Metabolic:CoA synthesis
g.32186.CDS.1049,Metabolic:Citric acid cycle
g.32186.CDS.1050,Metabolic:Starch and sucrose metabolism
g.32186.CDS.1056,"Metabolic:Transport, extracellular"
g.32186.CDS.1057,tRNA-Charging
g.32186.CDS.1061,Metabolic:Starch and sucrose metabolism
g.32186.CDS.1066,Metabolic:Fatty acid synthesis
g.32186.CDS.1070,Metabolic:Nucleotide interconversion
g.32186.CDS.1074,Metabolic:NAD metabolism
g.32186.CDS.1075,tRNA-Charging
g.32186.CDS.1076,Translation
g.32186.CDS.1082,"Metabolic:Valine, leucine, and isoleucine metabolism"
g.32186.CDS.1092,Metabolic:Pentose phosphate pathway
g.32186.CDS.1097,Metabolic:Lysine metabolism
g.32186.CDS.1102,"Metabolic:Transport, extracellular"
398525.3.peg.1102,Metabolic:Vitamin B12 metabolism
398525.3.peg.1104,Metabolic:Vitamin B12 metabolism
398525.3.peg.1106,Metabolic:Citric acid cycle
398525.3.peg.1107,Metabolic:Citric acid cycle
g.32186.CDS.1113,Metabolic:Nucleotide interconversion
398525.3.peg.1113,Metabolic:Phenylalanine metabolism
g.32186.CDS.1115,"Metabolic:Transport, extracellular"
g.32186.CDS.1119,Metabolic:Citric acid cycle
g.32186.CDS.1120,Metabolic:Propanoate metabolism
g.32186.CDS.1131,tRNA-Charging
398525.3.peg.1142,Metabolic:Arginine and proline metabolism
g.32186.CDS.1150,Translation
g.32186.CDS.1152,Metabolic:Butanoate metabolism
398525.3.peg.1156,Metabolic:Alanine and aspartate metabolism
g.32186.CDS.1171,Metabolic:Respiration
g.32186.CDS.1175,Metabolic:Exchange/demand reaction
g.32186.CDS.1187,Metabolic:Pyrimidine catabolism
g.32186.CDS.1192,Metabolic:Pentose and glucuronate interconversions
g.32186.CDS.1194,Metabolic:Fatty acid synthesis
g.32186.CDS.1199,"Metabolic:Valine, leucine, and isoleucine metabolism"
g.32186.CDS.1202,tRNA-Charging
g.32186.CDS.1207,Metabolic:Propanoate metabolism
g.32186.CDS.1209,Metabolic:Fatty acid synthesis
g.32186.CDS.1215,Metabolic:Starch and sucrose metabolism
g.32186.CDS.1217,tRNA-Charging
g.32186.CDS.1232,Metabolic:Terpenoid backbone biosynthesis
g.32186.CDS.1235,"Metabolic:Transport, extracellular"
g.32186.CDS.1239,Metabolic:Fatty acid synthesis
g.32186.CDS.1242,Metabolic:Glutathione metabolism
g.32186.CDS.1246,Metabolic:Tyrosine metabolism
g.32186.CDS.1251,Metabolic:Biotin metabolism
g.32186.CDS.1254,Metabolic:Lysine metabolism
398525.3.peg.1258,Metabolic:Glutamate metabolism
g.32186.CDS.1261,Metabolic:Cholesterol metabolism
g.32186.CDS.1263,Metabolic:Ubiquinone and other terpenoid-quinone biosynthesis
g.32186.CDS.1264,Metabolic:Exchange/demand reaction
g.32186.CDS.1265,Metabolic:Citric acid cycle
g.32186.CDS.1268,Metabolic:Aminosugar metabolism
g.32186.CDS.1269,Translation
g.32186.CDS.1272,Metabolic:Sulfur metabolism
398525.3.peg.1272,Metabolic:Biotin metabolism
398525.3.peg.1273,Metabolic:Biotin metabolism
398525.3.peg.1274,Metabolic:Biotin metabolism
398525.3.peg.1275,Metabolic:Biotin metabolism
398525.3.peg.1285,"Metabolic:Glycine, serine, alanine, and threonine metabolism"
g.32186.CDS.1294,Metabolic:Biotin metabolism
g.32186.CDS.1304,Metabolic:Propanoate metabolism
g.32186.CDS.1313,Metabolic:Starch and sucrose metabolism
g.32186.CDS.1314,Metabolic:Pyruvate metabolism
g.32186.CDS.1315,"Metabolic:Transport, extracellular"
g.32186.CDS.1317,"Metabolic:Transport, extracellular"
g.32186.CDS.1320,Metabolic:Fatty acid synthesis
g.32186.CDS.1325,"Metabolic:Valine, leucine, and isoleucine metabolism"
g.32186.CDS.1327,Metabolic:Glycerophospholipid metabolism
g.32186.CDS.1328,Metabolic:Glycolysis/gluconeogenesis
g.32186.CDS.1329,Translation
398525.3.peg.1330,Metabolic:Purine synthesis
g.32186.CDS.1351,Metabolic:Fructose and mannose metabolism
g.32186.CDS.1352,Metabolic:ROS detoxification
g.32186.CDS.1354,Metabolic:Benzoate degradation
g.32186.CDS.1359,Metabolic:Citric acid cycle
g.32186.CDS.1372,Translation
g.32186.CDS.1373,Metabolic:NAD metabolism
g.32186.CDS.1388,Metabolic:Propanoate metabolism
g.32186.CDS.1390,Metabolic:Tetrahydrobiopterin metabolism
g.32186.CDS.1393,Metabolic:Methionine and cysteine metabolism
g.32186.CDS.1394,"Metabolic:Valine, leucine, and isoleucine metabolism"
g.32186.CDS.1395,Metabolic:Fatty acid synthesis
398525.3.peg.1395,Metabolic:CoA synthesis
g.32186.CDS.1406,Translation
g.32186.CDS.1408,Metabolic:Glutathione metabolism
398525.3.peg.1408,Metabolic:Folate metabolism
398525.3.peg.1410,Metabolic:Tryptophan metabolism
398525.3.peg.1411,Metabolic:Tryptophan metabolism
398525.3.peg.1412,Metabolic:Tryptophan metabolism
g.32186.CDS.1418,Metabolic:Fatty acid synthesis
398525.3.peg.1418,Metabolic:Phenylalanine metabolism
g.32186.CDS.1426,Translation
g.32186.CDS.1431,"Metabolic:Valine, leucine, and isoleucine metabolism"
g.32186.CDS.1438,Metabolic:Galactose metabolism
g.32186.CDS.1440,Metabolic:Pyruvate metabolism
g.32186.CDS.1441,Metabolic:Fructose and mannose metabolism
g.32186.CDS.1443,"Metabolic:Transport, extracellular"
g.32186.CDS.1446,Metabolic:Pyrimidine catabolism
g.32186.CDS.1454,Metabolic:Nucleotide interconversion
g.32186.CDS.1455,Metabolic:Pyrimidine synthesis
g.32186.CDS.1456,Metabolic:Aminobenzoate degradation
g.32186.CDS.1460,Metabolic:Histidine metabolism
g.32186.CDS.1462,Metabolic:Fatty acid synthesis
g.32186.CDS.1463,Metabolic:Benzoate degradation
g.32186.CDS.1471,Metabolic:Pyrimidine catabolism
g.32186.CDS.1473,Metabolic:Pyrimidine synthesis
g.32186.CDS.1474,"Metabolic:Transport, extracellular"
g.32186.CDS.1477,Metabolic:Miscellaneous
g.32186.CDS.1483,Metabolic:Glutathione metabolism
398525.3.peg.1486,Metabolic:Glycolysis/gluconeogenesis
398525.3.peg.1489,Metabolic:Pyrimidine synthesis
g.32186.CDS.1494,Translation
g.32186.CDS.1497,tRNA-Charging
g.32186.CDS.1507,Translation
g.32186.CDS.1511,Metabolic:Phenylalanine metabolism
g.32186.CDS.1517,Metabolic:Oxidative phosphorylation
398525.3.peg.1517,Metabolic:CoA synthesis
398525.3.peg.1518,Metabolic:Histidine metabolism
g.32186.CDS.1519,Post-translation
398525.3.peg.1520,Metabolic:Histidine metabolism
398525.3.peg.1521,Metabolic:Histidine metabolism
398525.3.peg.1523,Metabolic:Histidine metabolism
g.32186.CDS.1533,Metabolic:Exchange/demand reaction
398525.3.peg.1534,Metabolic:CoA synthesis
g.32186.CDS.1539,Metabolic:Aminosugar metabolism
g.32186.CDS.1547,"Metabolic:Valine, leucine, and isoleucine metabolism"
g.32186.CDS.1551,Metabolic:Phenylalanine metabolism
g.32186.CDS.1578,"Metabolic:Valine, leucine, and isoleucine metabolism"
398525.3.peg.1592,Metabolic:CoA synthesis
398525.3.peg.1603,Metabolic:Purine synthesis
g.32186.CDS.1605,Post-translation
g.32186.CDS.1608,Metabolic:Propanoate metabolism
g.32186.CDS.1611,Metabolic:Heme synthesis
g.32186.CDS.1620,Metabolic:Butanoate metabolism
g.32186.CDS.1645,Metabolic:Nucleotide interconversion
g.32186.CDS.1649,Metabolic:Butanoate metabolism
g.32186.CDS.1651,Metabolic:Propanoate metabolism
398525.3.peg.1669,Metabolic:Alanine and aspartate metabolism
g.32186.CDS.1674,"Metabolic:Transport, extracellular"
g.32186.CDS.1682,Metabolic:Pyrimidine catabolism
g.32186.CDS.1684,"Metabolic:Transport, extracellular"
398525.3.peg.1685,Metabolic:Citric acid cycle
398525.3.peg.1686,Metabolic:Citric acid cycle
398525.3.peg.1687,Metabolic:Citric acid cycle
398525.3.peg.1688,Metabolic:Citric acid cycle
g.32186.CDS.1689,Metabolic:Citric acid cycle
g.32186.CDS.1691,Metabolic:Cell wall biosynthesis
g.32186.CDS.1694,tRNA-Charging
g.32186.CDS.1698,tRNA-Charging
g.32186.CDS.1701,Metabolic:Vitamin B6 metabolism
398525.3.peg.1701,"Metabolic:Valine, leucine, and isoleucine metabolism"
g.32186.CDS.1703,Metabolic:Starch and sucrose metabolism
398525.3.peg.1704,"Metabolic:Glycine, serine, alanine, and threonine metabolism"
g.32186.CDS.1706,"Metabolic:Transport, extracellular"
g.32186.CDS.1708,"Metabolic:Transport, extracellular"
g.32186.CDS.1711,Metabolic:Aminosugar metabolism
398525.3.peg.1711,"Metabolic:Valine, leucine, and isoleucine metabolism"
398525.3.peg.1712,Metabolic:Arginine and proline metabolism
398525.3.peg.1719,"Metabolic:Valine, leucine, and isoleucine metabolism"
g.32186.CDS.1720,Translation
g.32186.CDS.1732,Translation
398525.3.peg.1744,Metabolic:Citric acid cycle
g.32186.CDS.1745,Translation
g.32186.CDS.1746,Metabolic:Exchange/demand reaction
g.32186.CDS.1747,Translation
g.32186.CDS.1750,Metabolic:Fatty acid synthesis
398525.3.peg.1753,Metabolic:Citric acid cycle
398525.3.peg.1754,Metabolic:Citric acid cycle
398525.3.peg.1756,Metabolic:Citric acid cycle
g.32186.CDS.1758,tRNA-Charging
g.32186.CDS.1763,"Metabolic:Transport, extracellular"
g.32186.CDS.1766,Metabolic:Terpenoid backbone biosynthesis
g.32186.CDS.1768,"Metabolic:Transport, extracellular"
g.32186.CDS.1771,Metabolic:Histidine metabolism
398525.3.peg.1781,Metabolic:NAD metabolism
398525.3.peg.1782,Metabolic:Arginine and proline metabolism
398525.3.peg.1783,Metabolic:Arginine and proline metabolism
g.32186.CDS.1787,Metabolic:Unassigned
g.32186.CDS.1789,Metabolic:Glyoxylate and dicarboxylate metabolism
398525.3.peg.1798,Metabolic:Pentose phosphate pathway
g.32186.CDS.1803,tRNA-Charging
g.32186.CDS.1812,Transcription
398525.3.peg.1813,"Metabolic:Glycine, serine, alanine, and threonine metabolism"
g.32186.CDS.1814,Metabolic:Propanoate metabolism
g.32186.CDS.1829,Metabolic:Propanoate metabolism
g.32186.CDS.1830,Metabolic:Ubiquinone and other terpenoid-quinone biosynthesis
398525.3.peg.1830,"Metabolic:Valine, leucine, and isoleucine metabolism"
g.32186.CDS.1832,Translation
g.32186.CDS.1836,Metabolic:Tyrosine metabolism
398525.3.peg.1837,"Metabolic:Glycine, serine, alanine, and threonine metabolism"
g.32186.CDS.1844,Translation
g.32186.CDS.1850,"Metabolic:Transport, extracellular"
398525.3.peg.1855,Metabolic:Arginine and proline metabolism
g.32186.CDS.1864,Metabolic:Exchange/demand reaction
g.32186.CDS.1865,Metabolic:Sulfur metabolism
g.32186.CDS.1869,Metabolic:Respiration
g.32186.CDS.1876,Metabolic:Cell wall biosynthesis
g.32186.CDS.1877,Translation
g.32186.CDS.1882,Metabolic:Pyrimidine catabolism
g.32186.CDS.1889,Metabolic:Glyoxylate and dicarboxylate metabolism
g.32186.CDS.1892,"Metabolic:Transport, extracellular"
g.32186.CDS.1901,tRNA-Charging
398525.3.peg.1912,Metabolic:Alanine and aspartate metabolism
g.32186.CDS.1920,tRNA-Charging
g.32186.CDS.1923,Metabolic:Ubiquinone and other terpenoid-quinone biosynthesis
g.32186.CDS.1924,Metabolic:Fatty acid synthesis
g.32186.CDS.1927,Post-translation
g.32186.CDS.1933,Metabolic:Exchange/demand reaction
g.32186.CDS.1939,Metabolic:Citric acid cycle
g.32186.CDS.1946,Metabolic:Tryptophan metabolism
g.32186.CDS.1951,Metabolic:Propanoate metabolism
g.32186.CDS.1959,"Metabolic:Transport, extracellular"
g.32186.CDS.1976,Metabolic:Glyoxylate and dicarboxylate metabolism
g.32186.CDS.1978,Metabolic:Arginine and proline metabolism
g.32186.CDS.1982,Metabolic:Inositol phosphate metabolism
g.32186.CDS.1987,"Metabolic:Transport, extracellular"
g.32186.CDS.1993,Metabolic:Glycerophospholipid metabolism
g.32186.CDS.1995,Metabolic:Fatty acid synthesis
g.32186.CDS.1997,Translation
g.32186.CDS.2009,Metabolic:Fatty acid synthesis
g.32186.CDS.2010,Metabolic:Pyruvate metabolism
g.32186.CDS.2015,"Metabolic:Transport, extracellular"
g.32186.CDS.2017,Metabolic:Nucleotide interconversion
g.32186.CDS.2018,"Metabolic:Transport, extracellular"
g.32186.CDS.2021,Metabolic:Pyrimidine synthesis
g.32186.CDS.2036,Metabolic:Pyrimidine synthesis
g.32186.CDS.2040,Metabolic:Vitamin B12 metabolism
g.32186.CDS.2047,Metabolic:Exchange/demand reaction
398525.3.peg.2049,Metabolic:Cell wall biosynthesis
g.32186.CDS.2057,Metabolic:Folate metabolism
g.32186.CDS.2058,"Metabolic:Transport, extracellular"
398525.3.peg.2068,Metabolic:Arginine and proline metabolism
g.32186.CDS.2074,Metabolic:Pyruvate metabolism
g.32186.CDS.2075,Metabolic:Histidine metabolism
g.32186.CDS.2077,"Metabolic:Transport, extracellular"
g.32186.CDS.2095,"Metabolic:Transport, extracellular"
g.32186.CDS.2101,"Metabolic:Transport, extracellular"
g.32186.CDS.2103,"Metabolic:Transport, extracellular"
g.32186.CDS.2109,Metabolic:Arginine and proline metabolism
g.32186.CDS.2114,"Metabolic:Transport, extracellular"
g.32186.CDS.2119,"Metabolic:Transport, extracellular"
g.32186.CDS.2122,Metabolic:Arginine and proline metabolism
g.32186.CDS.2129,Metabolic:Arginine and proline metabolism
g.32186.CDS.2142,Translation
g.32186.CDS.2143,"Metabolic:Transport, extracellular"
g.32186.CDS.2148,Metabolic:Arginine and proline metabolism
g.32186.CDS.2158,Metabolic:Nucleotide interconversion
g.32186.CDS.2159,Metabolic:Exchange/demand reaction
g.32186.CDS.2163,Metabolic:Lysine metabolism
g.32186.CDS.2170,Metabolic:Glutamate metabolism
g.32186.CDS.2172,Metabolic:Propanoate metabolism
g.32186.CDS.2173,Metabolic:Methionine and cysteine metabolism
g.32186.CDS.2177,Metabolic:Pentose phosphate pathway
g.32186.CDS.2186,Metabolic:Vitamin B12 metabolism
g.32186.CDS.2192,Metabolic:Heme synthesis
g.32186.CDS.2194,Metabolic:NAD metabolism
g.32186.CDS.2203,Metabolic:Glutathione metabolism
g.32186.CDS.2207,"Metabolic:Transport, extracellular"
g.32186.CDS.2209,"Metabolic:Transport, extracellular"
g.32186.CDS.2213,Translation
g.32186.CDS.2224,"Metabolic:Transport, extracellular"
g.32186.CDS.2243,"Metabolic:Transport, extracellular"
g.32186.CDS.2248,Translation
g.32186.CDS.2263,Metabolic:Methionine and cysteine metabolism
398525.3.peg.2263,Metabolic:Citric acid cycle
g.32186.CDS.2269,"Metabolic:Transport, extracellular"
398525.3.peg.2273,Metabolic:Pyrimidine synthesis
g.32186.CDS.2276,Metabolic:Glycerophospholipid metabolism
g.32186.CDS.2277,"Metabolic:Transport, extracellular"
g.32186.CDS.2288,Metabolic:Lipopolysaccharide biosynthesis
g.32186.CDS.2289,Metabolic:Exchange/demand reaction
g.32186.CDS.2292,Metabolic:Unassigned
g.32186.CDS.2295,"Metabolic:Transport, extracellular"
g.32186.CDS.2303,Metabolic:Glyoxylate and dicarboxylate metabolism
g.32186.CDS.2312,Metabolic:Respiration
g.32186.CDS.2315,Metabolic:Unassigned
g.32186.CDS.2317,Metabolic:Nucleotide interconversion
g.32186.CDS.2323,"Metabolic:Transport, extracellular"
g.32186.CDS.2327,Metabolic:Fatty acid synthesis
g.32186.CDS.2334,"Metabolic:Transport, extracellular"
398525.3.peg.2338,Metabolic:Arginine and proline metabolism
398525.3.peg.2339,Metabolic:Arginine and proline metabolism
g.32186.CDS.2346,"Metabolic:Transport, extracellular"
g.32186.CDS.2348,Metabolic:Pentose phosphate pathway
g.32186.CDS.2351,Metabolic:Sulfur metabolism
398525.3.peg.2351,Metabolic:Methionine and cysteine metabolism
g.32186.CDS.2353,tRNA-Charging
398525.3.peg.2354,Metabolic:Phenylalanine metabolism
g.32186.CDS.2362,"Metabolic:Transport, extracellular"
g.32186.CDS.2376,"Metabolic:Transport, extracellular"
g.32186.CDS.2385,Metabolic:Propanoate metabolism
g.32186.CDS.2395,Metabolic:Lysine metabolism
g.32186.CDS.2404,Metabolic:Arginine and proline metabolism
g.32186.CDS.2408,Metabolic:Histidine metabolism
g.32186.CDS.2411,Metabolic:Fatty acid synthesis
g.32186.CDS.2412,Metabolic:Exchange/demand reaction
g.32186.CDS.2432,"Metabolic:Transport, extracellular"
g.32186.CDS.2433,Metabolic:Folate metabolism
398525.3.peg.2434,Metabolic:Nucleotide interconversion
398525.3.peg.2435,Metabolic:Sulfur metabolism
g.32186.CDS.2436,"Metabolic:Valine, leucine, and isoleucine metabolism"
398525.3.peg.2437,Metabolic:Vitamin B12 metabolism
g.32186.CDS.2438,Metabolic:Nucleotide interconversion
398525.3.peg.2441,Metabolic:Sulfur metabolism
g.32186.CDS.2453,"Metabolic:Transport, extracellular"
g.32186.CDS.2457,"Metabolic:Transport, extracellular"
g.32186.CDS.2458,"Metabolic:Transport, extracellular"
g.32186.CDS.2474,Metabolic:Glyoxylate and dicarboxylate metabolism
g.32186.CDS.2478,Metabolic:Propanoate metabolism
g.32186.CDS.2481,Metabolic:ROS detoxification
398525.3.peg.2486,"Metabolic:Glycine, serine, alanine, and threonine metabolism"
g.32186.CDS.2492,"Metabolic:Transport, extracellular"
398525.3.peg.2495,Metabolic:Histidine metabolism
g.32186.CDS.2501,Metabolic:Glyoxylate and dicarboxylate metabolism
g.32186.CDS.2504,Post-translation
g.32186.CDS.2513,"Metabolic:Transport, extracellular"
g.32186.CDS.2528,"Metabolic:Transport, extracellular"
g.32186.CDS.2530,Metabolic:Pentose phosphate pathway
g.32186.CDS.2532,Metabolic:Nucleotide interconversion
g.32186.CDS.2536,"Metabolic:Transport, extracellular"
398525.3.peg.2548,Metabolic:Thiamine metabolism
398525.3.peg.2549,Metabolic:Glycolysis/gluconeogenesis
398525.3.peg.2550,Metabolic:Glycolysis/gluconeogenesis
g.32186.CDS.2551,Metabolic:Glutathione metabolism
398525.3.peg.2551,Metabolic:Glycolysis/gluconeogenesis
398525.3.peg.2552,Metabolic:Glycolysis/gluconeogenesis
398525.3.peg.2553,Metabolic:Pentose phosphate pathway
g.32186.CDS.2559,Metabolic:Arginine and proline metabolism
g.32186.CDS.2561,tRNA-Charging
g.32186.CDS.2564,"Metabolic:Valine, leucine, and isoleucine metabolism"
398525.3.peg.2569,Metabolic:Folate metabolism
398525.3.peg.2571,"Metabolic:Glycine, serine, alanine, and threonine metabolism"
g.32186.CDS.2578,Metabolic:Urea cycle
398525.3.peg.2581,Metabolic:Vitamin B12 metabolism
g.32186.CDS.2587,"Metabolic:Transport, extracellular"
398525.3.peg.2591,Metabolic:Methionine and cysteine metabolism
g.32186.CDS.2607,Metabolic:Fructose and mannose metabolism
g.32186.CDS.2612,Metabolic:Pyruvate metabolism
g.32186.CDS.2624,Translation
398525.3.peg.2624,Metabolic:Glutamate metabolism
398525.3.peg.2625,Metabolic:Glutamate metabolism
g.32186.CDS.2632,Metabolic:Butanoate metabolism
g.32186.CDS.2634,Metabolic:Arginine and proline metabolism
g.32186.CDS.2635,"Metabolic:Transport, extracellular"
398525.3.peg.2635,Metabolic:Histidine metabolism
g.32186.CDS.2642,tRNA-Charging
g.32186.CDS.2645,Metabolic:Lipopolysaccharide biosynthesis
g.32186.CDS.2653,Metabolic:Fatty acid synthesis
g.32186.CDS.2655,Metabolic:Glutamate metabolism
g.32186.CDS.2663,"Metabolic:Transport, extracellular"
g.32186.CDS.2675,"Metabolic:Transport, extracellular"
g.32186.CDS.2707,Metabolic:Terpenoid backbone biosynthesis
398525.3.peg.2710,Metabolic:Arginine and proline metabolism
g.32186.CDS.2723,Metabolic:Respiration
g.32186.CDS.2736,Metabolic:Glutamate metabolism
398525.3.peg.2739,Metabolic:Citric acid cycle
g.32186.CDS.2744,Metabolic:Histidine metabolism
g.32186.CDS.2749,Translation
g.32186.CDS.2755,Metabolic:ROS detoxification
g.32186.CDS.2760,Metabolic:Folate metabolism
g.32186.CDS.2765,Metabolic:Galactose metabolism
g.32186.CDS.2770,"Metabolic:Transport, extracellular"
g.32186.CDS.2781,Metabolic:Nucleotide interconversion
g.32186.CDS.2782,tRNA-Charging
g.32186.CDS.2795,"Metabolic:Transport, extracellular"
g.32186.CDS.2800,Metabolic:Propanoate metabolism
398525.3.peg.2800,Metabolic:Histidine metabolism
398525.3.peg.2801,Metabolic:Histidine metabolism
g.32186.CDS.2810,Metabolic:Nucleotide interconversion
398525.3.peg.2816,Metabolic:Purine synthesis
g.32186.CDS.2817,"Metabolic:Transport, extracellular"
g.32186.CDS.2818,"Metabolic:Transport, extracellular"
g.32186.CDS.2826,"Metabolic:Valine, leucine, and isoleucine metabolism"
398525.3.peg.2839,Metabolic:Vitamin B2 metabolism
g.32186.CDS.2842,Metabolic:Arginine and proline metabolism
g.32186.CDS.2843,Metabolic:Vitamin B6 metabolism
g.32186.CDS.2849,tRNA-Charging
g.32186.CDS.2851,Metabolic:Lipopolysaccharide biosynthesis
g.32186.CDS.2853,Metabolic:NAD metabolism
g.32186.CDS.2861,Transcription
398525.3.peg.2863,"Metabolic:Valine, leucine, and isoleucine metabolism"
g.32186.CDS.2865,Metabolic:Glycerophospholipid metabolism
g.32186.CDS.2867,Translation
398525.3.peg.2867,Metabolic:Arginine and proline metabolism
398525.3.peg.2869,Metabolic:Vitamin B2 metabolism
g.32186.CDS.2889,Metabolic:Glyoxylate and dicarboxylate metabolism
398525.3.peg.2890,Metabolic:Pyrimidine synthesis
g.32186.CDS.2899,Metabolic:Starch and sucrose metabolism
g.32186.CDS.2903,"Metabolic:Transport, extracellular"
398525.3.peg.2904,Metabolic:Pyrimidine synthesis
g.32186.CDS.2905,Metabolic:Taurine and hypotaurine metabolism
398525.3.peg.2907,Metabolic:Tetrahydrobiopterin metabolism
g.32186.CDS.2910,Metabolic:Propanoate metabolism
g.32186.CDS.2912,Metabolic:Folate metabolism
g.32186.CDS.2914,"Metabolic:Transport, extracellular"
g.32186.CDS.2916,Metabolic:Fatty acid synthesis
g.32186.CDS.2928,Metabolic:Vitamin B2 metabolism
g.32186.CDS.2943,"Metabolic:Transport, extracellular"
g.32186.CDS.2948,Metabolic:Pentose phosphate pathway
g.32186.CDS.2958,"Metabolic:Transport, extracellular"
g.32186.CDS.2968,Metabolic:Benzoate degradation
g.32186.CDS.2974,"Metabolic:Transport, extracellular"
g.32186.CDS.2982,Metabolic:Lysine metabolism
g.32186.CDS.2986,Metabolic:Nitrogen metabolism
g.32186.CDS.2997,Translation
g.32186.CDS.2998,Metabolic:Fatty acid synthesis
398525.3.peg.3001,Metabolic:Aminosugar metabolism
g.32186.CDS.3002,"Metabolic:Transport, extracellular"
g.32186.CDS.3011,Metabolic:Respiration
g.32186.CDS.3013,"Metabolic:Transport, extracellular"
g.32186.CDS.3025,tRNA-Charging
g.32186.CDS.3031,"Metabolic:Valine, leucine, and isoleucine metabolism"
g.32186.CDS.3038,"Metabolic:Transport, extracellular"
g.32186.CDS.3048,"Metabolic:Transport, extracellular"
g.32186.CDS.3082,Metabolic:Fatty acid synthesis
g.32186.CDS.3089,Metabolic:Vitamin B6 metabolism
g.32186.CDS.3105,Metabolic:Pentose phosphate pathway
g.32186.CDS.3107,Metabolic:Cholesterol metabolism
g.32186.CDS.3119,"Metabolic:Transport, extracellular"
g.32186.CDS.3139,Metabolic:Butanoate metabolism
g.32186.CDS.3146,Metabolic:Glyoxylate and dicarboxylate metabolism
g.32186.CDS.3149,Metabolic:Propanoate metabolism
g.32186.CDS.3157,"Metabolic:Transport, extracellular"
398525.3.peg.3163,Metabolic:Arginine and proline metabolism
398525.3.peg.3165,"Metabolic:Glycine, serine, alanine, and threonine metabolism"
g.32186.CDS.3167,Metabolic:Biotin metabolism
g.32186.CDS.3170,Metabolic:Fructose and mannose metabolism
g.32186.CDS.3174,"Metabolic:Transport, extracellular"
g.32186.CDS.3181,Metabolic:Nucleotide interconversion
g.32186.CDS.3183,Translation
g.32186.CDS.3190,Metabolic:Arginine and proline metabolism
398525.3.peg.3192,Metabolic:CoA synthesis
g.32186.CDS.3198,Metabolic:Methionine and cysteine metabolism
398525.3.peg.3206,Metabolic:Alanine and aspartate metabolism
g.32186.CDS.3212,"Metabolic:Transport, extracellular"
g.32186.CDS.3215,Metabolic:Respiration
g.32186.CDS.3216,"Metabolic:Valine, leucine, and isoleucine metabolism"
g.32186.CDS.3227,"Metabolic:Transport, extracellular"
g.32186.CDS.3229,Metabolic:Starch and sucrose metabolism
398525.3.peg.3231,Metabolic:Folate metabolism
398525.3.peg.3233,Metabolic:Biotin metabolism
g.32186.CDS.3241,Metabolic:NAD metabolism
g.32186.CDS.3246,Metabolic:Biotin metabolism
g.32186.CDS.3252,"Metabolic:Transport, extracellular"
g.32186.CDS.3258,"Metabolic:Transport, extracellular"
g.32186.CDS.3259,Metabolic:Sulfur metabolism
g.32186.CDS.3262,Metabolic:Heme synthesis
g.32186.CDS.3272,Metabolic:Fatty acid synthesis
g.32186.CDS.3278,Metabolic:Squalene and cholesterol synthesis
398525.3.peg.3281,Metabolic:Sulfur metabolism
g.32186.CDS.3296,Metabolic:Fatty acid synthesis
g.32186.CDS.3297,Metabolic:Oxidative phosphorylation
g.32186.CDS.3308,Metabolic:Respiration
g.32186.CDS.3310,Metabolic:Pyrimidine catabolism
g.32186.CDS.3316,Metabolic:Methionine and cysteine metabolism
g.32186.CDS.3321,Metabolic:Respiration
g.32186.CDS.3335,Metabolic:Respiration
g.32186.CDS.3337,Metabolic:Fatty acid synthesis
g.32186.CDS.3345,Metabolic:Glycolysis/gluconeogenesis
g.32186.CDS.3346,Metabolic:Selenoamino acid metabolism
g.32186.CDS.3347,Metabolic:Methionine and cysteine metabolism
g.32186.CDS.3348,"Metabolic:Transport, extracellular"
g.32186.CDS.3367,Metabolic:NAD metabolism
g.32186.CDS.3371,Metabolic:Vitamin B12 metabolism
g.32186.CDS.3382,Metabolic:Respiration
g.32186.CDS.3390,"Metabolic:Transport, extracellular"
g.32186.CDS.3398,Metabolic:Fatty acid synthesis
g.32186.CDS.3403,"Metabolic:Transport, extracellular"
g.32186.CDS.3408,"Metabolic:Transport, extracellular"
g.32186.CDS.3414,Metabolic:Pyruvate metabolism
g.32186.CDS.3417,Metabolic:Sulfur metabolism
g.32186.CDS.3418,Metabolic:Galactose metabolism
g.32186.CDS.3424,Metabolic:Nucleotide interconversion
g.32186.CDS.3427,Metabolic:Butanoate metabolism
g.32186.CDS.3429,Metabolic:Propanoate metabolism
398525.3.peg.3434,Metabolic:Tryptophan metabolism
g.32186.CDS.3438,"Metabolic:Transport, extracellular"
g.32186.CDS.3444,"Metabolic:Transport, extracellular"
398525.3.peg.3449,Metabolic:Alanine and aspartate metabolism
g.32186.CDS.3456,Metabolic:Starch and sucrose metabolism
g.32186.CDS.3471,"Metabolic:Transport, extracellular"
g.32186.CDS.3474,Metabolic:NAD metabolism
398525.3.peg.3476,Metabolic:Biotin metabolism
g.32186.CDS.3478,Metabolic:NAD metabolism
398525.3.peg.3488,Metabolic:Methionine and cysteine metabolism
g.32186.CDS.3507,Metabolic:Pyrimidine catabolism
g.32186.CDS.3513,"Metabolic:Valine, leucine, and isoleucine metabolism"
398525.3.peg.3514,Metabolic:Sulfur metabolism
g.32186.CDS.3515,Metabolic:Lysine metabolism
398525.3.peg.3515,Metabolic:Nucleotide interconversion
398525.3.peg.3516,Metabolic:Nucleotide interconversion
398525.3.peg.3517,Metabolic:Methionine and cysteine metabolism
g.32186.CDS.3518,Metabolic:Miscellaneous
g.32186.CDS.3519,Metabolic:Respiration
g.32186.CDS.3532,Metabolic:Nucleotide interconversion
g.32186.CDS.3542,Metabolic:Nucleotide interconversion
g.32186.CDS.3549,Metabolic:Vitamin B12 metabolism
g.32186.CDS.3550,"Metabolic:Transport, extracellular"
g.32186.CDS.3559,Metabolic:Nucleotide interconversion
g.32186.CDS.3565,"Metabolic:Transport, extracellular"
g.32186.CDS.3580,Metabolic:Respiration
g.32186.CDS.3582,"Metabolic:Transport, extracellular"
g.32186.CDS.3591,Metabolic:Respiration
g.32186.CDS.3600,Metabolic:Exchange/demand reaction
g.32186.CDS.3601,Metabolic:Fatty acid synthesis
g.32186.CDS.3602,"Metabolic:Transport, extracellular"
g.32186.CDS.3606,Metabolic:Fatty acid synthesis
398525.3.peg.3613,"Metabolic:Glycine, serine, alanine, and threonine metabolism"
398525.3.peg.3615,Metabolic:Citric acid cycle
g.32186.CDS.3616,Metabolic:Sulfur metabolism
g.32186.CDS.3620,"Metabolic:Valine, leucine, and isoleucine metabolism"
g.32186.CDS.3621,"Metabolic:Transport, extracellular"
g.32186.CDS.3628,"Metabolic:Valine, leucine, and isoleucine metabolism"
398525.3.peg.3648,Metabolic:Alanine and aspartate metabolism
g.32186.CDS.3649,Metabolic:Oxidative phosphorylation
398525.3.peg.3656,Metabolic:Biotin metabolism
g.32186.CDS.3658,Metabolic:Nucleotide interconversion
g.32186.CDS.3667,"Metabolic:Transport, extracellular"
g.32186.CDS.3671,"Metabolic:Transport, extracellular"
g.32186.CDS.3677,"Metabolic:Transport, extracellular"
g.32186.CDS.3687,Metabolic:Oxidative phosphorylation
g.32186.CDS.3700,"Metabolic:Transport, extracellular"
g.32186.CDS.3704,"Metabolic:Transport, extracellular"
g.32186.CDS.3710,Metabolic:Histidine metabolism
398525.3.peg.3711,"Metabolic:Valine, leucine, and isoleucine metabolism"
398525.3.peg.3714,Metabolic:Vitamin B2 metabolism
g.32186.CDS.3722,Metabolic:Arginine and proline metabolism
398525.3.peg.3724,Metabolic:Vitamin B6 metabolism
g.32186.CDS.3727,"Metabolic:Transport, extracellular"
398525.3.peg.3730,Metabolic:Phenylalanine metabolism
398525.3.peg.3740,Metabolic:Terpenoid backbone biosynthesis
g.32186.CDS.3745,Translation
g.32186.CDS.3768,"Metabolic:Transport, extracellular"
g.32186.CDS.3782,tRNA-Charging
g.32186.CDS.3787,"Metabolic:Transport, extracellular"
g.32186.CDS.3807,"Metabolic:Transport, extracellular"
398525.3.peg.3822,Metabolic:Glycolysis/gluconeogenesis
g.32186.CDS.3842,"Metabolic:Transport, extracellular"
g.32186.CDS.3843,Metabolic:Aminobenzoate degradation
g.32186.CDS.3844,Metabolic:Nitrogen metabolism
g.32186.CDS.3856,Metabolic:Vitamin B2 metabolism
g.32186.CDS.3867,Metabolic:Nucleotide sugar metabolism
g.32186.CDS.3870,Metabolic:Oxidative phosphorylation
g.32186.CDS.3874,Metabolic:Fructose and mannose metabolism
398525.3.peg.3878,Metabolic:Methionine and cysteine metabolism
g.32186.CDS.3884,Metabolic:Sulfur metabolism
g.32186.CDS.3887,"Metabolic:Transport, extracellular"
g.32186.CDS.3894,"Metabolic:Transport, extracellular"
g.32186.CDS.3901,Metabolic:Nucleotide interconversion
g.32186.CDS.3917,Metabolic:Respiration
g.32186.CDS.3919,Metabolic:Nucleotide interconversion
g.32186.CDS.3922,"Metabolic:Transport, extracellular"
g.32186.CDS.3927,Metabolic:Tryptophan metabolism
g.32186.CDS.3931,Metabolic:Nitrogen metabolism
g.32186.CDS.3932,Metabolic:Nucleotide interconversion
398525.3.peg.3934,"Metabolic:Valine, leucine, and isoleucine metabolism"
398525.3.peg.3947,Metabolic:Pentose phosphate pathway
g.32186.CDS.3949,Metabolic:Alanine and aspartate metabolism
g.32186.CDS.3957,Metabolic:Lysine metabolism
g.32186.CDS.3959,"Metabolic:Valine, leucine, and isoleucine metabolism"
g.32186.CDS.3962,Metabolic:Fatty acid synthesis
g.32186.CDS.3964,"Metabolic:Transport, extracellular"
g.32186.CDS.3965,Metabolic:Butanoate metabolism
398525.3.peg.3965,Metabolic:Pentose phosphate pathway
g.32186.CDS.3969,Metabolic:Fatty acid oxidation
398525.3.peg.3969,"Metabolic:Valine, leucine, and isoleucine metabolism"
g.32186.CDS.3972,Metabolic:Pentose phosphate pathway
g.32186.CDS.3984,Metabolic:Fatty acid synthesis
g.32186.CDS.3985,Metabolic:Cell wall biosynthesis
g.32186.CDS.3989,Metabolic:Nucleotide interconversion
398525.3.peg.3990,Metabolic:Arginine and proline metabolism
g.32186.CDS.3997,"Metabolic:Transport, extracellular"
g.32186.CDS.3998,Metabolic:Terpenoid backbone biosynthesis
g.32186.CDS.3999,Metabolic:Glyoxylate and dicarboxylate metabolism
g.32186.CDS.4001,Metabolic:Urea cycle
g.32186.CDS.4003,Metabolic:Propanoate metabolism
g.32186.CDS.4012,Metabolic:Fatty acid synthesis
g.32186.CDS.4013,"Metabolic:Valine, leucine, and isoleucine metabolism"
g.32186.CDS.4014,Metabolic:Histidine metabolism
g.32186.CDS.4018,Metabolic:Pentose and glucuronate interconversions
g.32186.CDS.4029,"Metabolic:Transport, extracellular"
g.32186.CDS.4033,tRNA-Charging
g.32186.CDS.4038,Metabolic:Fatty acid synthesis
398525.3.peg.4039,Metabolic:Alanine and aspartate metabolism
g.32186.CDS.4042,Metabolic:Fatty acid synthesis
g.32186.CDS.4047,"Metabolic:Valine, leucine, and isoleucine metabolism"
398525.3.peg.4050,"Metabolic:Glycine, serine, alanine, and threonine metabolism"
g.32186.CDS.4057,Metabolic:Benzoate degradation
g.32186.CDS.4066,Metabolic:Propanoate metabolism
g.32186.CDS.4069,Metabolic:Pyrimidine catabolism
g.32186.CDS.4070,Metabolic:Histidine metabolism
g.32186.CDS.4073,Metabolic:NAD metabolism
g.32186.CDS.4074,Metabolic:Fatty acid synthesis
g.32186.CDS.4082,Metabolic:Tyrosine metabolism
g.32186.CDS.4100,Metabolic:Butanoate metabolism
g.32186.CDS.4110,Metabolic:Glyoxylate and dicarboxylate metabolism
g.32186.CDS.4111,"Metabolic:Transport, extracellular"
g.32186.CDS.4112,Metabolic:Propanoate metabolism
g.32186.CDS.4113,Metabolic:Fatty acid synthesis
g.32186.CDS.4123,"Metabolic:Valine, leucine, and isoleucine metabolism"
g.32186.CDS.4125,"Metabolic:Transport, extracellular"
g.32186.CDS.4127,Metabolic:Glyoxylate and dicarboxylate metabolism
g.32186.CDS.4140,Metabolic:Carbon fixation in photosynthetic organisms
g.32186.CDS.4146,"Metabolic:Transport, extracellular"
398525.3.peg.4148,Metabolic:Arginine and proline metabolism
g.32186.CDS.4153,Metabolic:Ascorbate and aldarate metabolism
g.32186.CDS.4155,"Metabolic:Transport, extracellular"
g.32186.CDS.4169,Metabolic:Fatty acid synthesis
g.32186.CDS.4170,Metabolic:Glyoxylate and dicarboxylate metabolism
g.32186.CDS.4174,Metabolic:Vitamin B12 metabolism
g.32186.CDS.4178,Metabolic:Tyrosine metabolism
g.32186.CDS.4200,Metabolic:Arginine and proline metabolism
g.32186.CDS.4206,Metabolic:Fatty acid synthesis
g.32186.CDS.4211,Metabolic:Vitamin B12 metabolism
g.32186.CDS.4212,Metabolic:Fatty acid synthesis
g.32186.CDS.4215,"Metabolic:Valine, leucine, and isoleucine metabolism"
g.32186.CDS.4216,"Metabolic:Transport, extracellular"
398525.3.peg.4217,Metabolic:Folate metabolism
398525.3.peg.4218,Metabolic:Folate metabolism
398525.3.peg.4219,Metabolic:Folate metabolism
398525.3.peg.4223,Metabolic:Arginine and proline metabolism
g.32186.CDS.4224,Metabolic:Galactose metabolism
g.32186.CDS.4227,Metabolic:Aminosugar metabolism
g.32186.CDS.4238,Metabolic:Arginine and proline metabolism
g.32186.CDS.4244,Metabolic:Tyrosine metabolism
g.32186.CDS.4246,"Metabolic:Valine, leucine, and isoleucine metabolism"
398525.3.peg.4251,"Metabolic:Valine, leucine, and isoleucine metabolism"
g.32186.CDS.4253,"Metabolic:Transport, extracellular"
g.32186.CDS.4258,Metabolic:Fatty acid synthesis
g.32186.CDS.4276,Metabolic:Pentose phosphate pathway
g.32186.CDS.4283,"Metabolic:Transport, extracellular"
g.32186.CDS.4285,"Metabolic:Transport, extracellular"
g.32186.CDS.4290,Metabolic:Vitamin B12 metabolism
g.32186.CDS.4300,Metabolic:Arginine and proline metabolism
g.32186.CDS.4306,"Metabolic:Transport, extracellular"
g.32186.CDS.4307,"Metabolic:Transport, extracellular"
g.32186.CDS.4314,Metabolic:NAD metabolism
g.32186.CDS.4316,"Metabolic:Transport, extracellular"
g.32186.CDS.4321,Metabolic:Vitamin B12 metabolism
g.32186.CDS.4325,Metabolic:Arginine and proline metabolism
g.32186.CDS.4326,Metabolic:Alanine and aspartate metabolism
g.32186.CDS.4327,"Metabolic:Transport, extracellular"
g.32186.CDS.4329,"Metabolic:Valine, leucine, and isoleucine metabolism"
g.32186.CDS.4330,Metabolic:Glycerophospholipid metabolism
g.32186.CDS.4343,Metabolic:Tyrosine metabolism
g.32186.CDS.4351,Metabolic:Biotin metabolism
398525.3.peg.4358,Metabolic:Nucleotide interconversion
g.32186.CDS.4361,"Metabolic:Transport, extracellular"
g.32186.CDS.4363,Metabolic:Glyoxylate and dicarboxylate metabolism
g.32186.CDS.4368,"Metabolic:Valine, leucine, and isoleucine metabolism"
g.32186.CDS.4370,Metabolic:Vitamin B12 metabolism
g.32186.CDS.4378,"Metabolic:Transport, extracellular"
g.32186.CDS.4380,Metabolic:Glutathione metabolism
398525.3.peg.4383,Metabolic:CoA synthesis
g.32186.CDS.4384,Metabolic:Fatty acid synthesis
g.32186.CDS.4386,Metabolic:Pentose and glucuronate interconversions
g.32186.CDS.4387,Metabolic:Fatty acid oxidation
398525.3.peg.4388,"Metabolic:Glycine, serine, alanine, and threonine metabolism"
398525.3.peg.4390,"Metabolic:Valine, leucine, and isoleucine metabolism"
g.32186.CDS.4399,Metabolic:Tryptophan metabolism
g.32186.CDS.4403,Metabolic:Alanine and aspartate metabolism
g.32186.CDS.4415,"Metabolic:Valine, leucine, and isoleucine metabolism"
398525.3.peg.4417,Metabolic:Glycolysis/gluconeogenesis
g.32186.CDS.4418,"Metabolic:Glycine, serine, alanine, and threonine metabolism"
398525.3.peg.4419,Metabolic:Pentose phosphate pathway
398525.3.peg.4420,Metabolic:Glycolysis/gluconeogenesis
g.32186.CDS.4424,"Metabolic:Transport, extracellular"
398525.3.peg.4436,Metabolic:Vitamin B12 metabolism
g.32186.CDS.4437,Metabolic:Glycolysis/gluconeogenesis
398525.3.peg.4437,Metabolic:Vitamin B12 metabolism
398525.3.peg.4439,Metabolic:Vitamin B12 metabolism
398525.3.peg.4440,Metabolic:Vitamin B12 metabolism
398525.3.peg.4442,Metabolic:Vitamin B12 metabolism
398525.3.peg.4445,Metabolic:Vitamin B12 metabolism
g.32186.CDS.4446,"Metabolic:Valine, leucine, and isoleucine metabolism"
398525.3.peg.4446,Metabolic:Vitamin B12 metabolism
g.32186.CDS.4447,Metabolic:Glutathione metabolism
398525.3.peg.4447,Metabolic:Vitamin B12 metabolism
398525.3.peg.4448,Metabolic:Vitamin B12 metabolism
g.32186.CDS.4449,Metabolic:Propanoate metabolism
398525.3.peg.4449,Metabolic:Vitamin B12 metabolism
g.32186.CDS.4451,"Metabolic:Transport, extracellular"
398525.3.peg.4451,Metabolic:Vitamin B12 metabolism
398525.3.peg.4452,Metabolic:Vitamin B12 metabolism
g.32186.CDS.4453,Metabolic:Vitamin B12 metabolism
g.32186.CDS.4457,Metabolic:Inositol phosphate metabolism
g.32186.CDS.4458,Metabolic:Starch and sucrose metabolism
g.32186.CDS.4469,Metabolic:Tyrosine metabolism
g.32186.CDS.4473,Metabolic:Terpenoid backbone biosynthesis
g.32186.CDS.4477,"Metabolic:Transport, extracellular"
g.32186.CDS.4483,"Metabolic:Transport, extracellular"
398525.3.peg.4487,Metabolic:Methionine and cysteine metabolism
g.32186.CDS.4488,Metabolic:Vitamin B12 metabolism
g.32186.CDS.4492,Metabolic:Tryptophan metabolism
g.32186.CDS.4499,Metabolic:Vitamin B12 metabolism
g.32186.CDS.4501,Metabolic:Lipopolysaccharide biosynthesis
g.32186.CDS.4509,Metabolic:Alanine and aspartate metabolism
g.32186.CDS.4519,Metabolic:Glyoxylate and dicarboxylate metabolism
g.32186.CDS.4522,"Metabolic:Transport, extracellular"
g.32186.CDS.4526,Metabolic:Pyruvate metabolism
g.32186.CDS.4529,Metabolic:Fatty acid synthesis
g.32186.CDS.4546,Metabolic:Vitamin B12 metabolism
g.32186.CDS.4549,"Metabolic:Transport, extracellular"
g.32186.CDS.4551,Metabolic:Galactose metabolism
g.32186.CDS.4554,"Metabolic:Transport, extracellular"
g.32186.CDS.4556,"Metabolic:Transport, extracellular"
g.32186.CDS.4562,Metabolic:Benzoate degradation
g.32186.CDS.4565,Metabolic:Bile acid synthesis
g.32186.CDS.4578,tRNA-Charging
g.32186.CDS.4581,"Metabolic:Transport, extracellular"
398525.3.peg.4588,Metabolic:CoA synthesis
g.32186.CDS.4592,"Metabolic:Transport, extracellular"
g.32186.CDS.4604,Metabolic:Pyruvate metabolism
g.32186.CDS.4607,"Metabolic:Valine, leucine, and isoleucine metabolism"
g.32186.CDS.4608,Metabolic:Phenylalanine metabolism
g.32186.CDS.4618,Metabolic:Unassigned
g.32186.CDS.4625,"Metabolic:Valine, leucine, and isoleucine metabolism"
g.32186.CDS.4627,Metabolic:Vitamin B12 metabolism
g.32186.CDS.4630,Metabolic:Tyrosine metabolism
g.32186.CDS.4633,"Metabolic:Transport, extracellular"
g.32186.CDS.4635,Metabolic:Respiration
g.32186.CDS.4637,Metabolic:Cell wall biosynthesis
g.32186.CDS.4641,"Metabolic:Valine, leucine, and isoleucine metabolism"
g.32186.CDS.4643,Metabolic:Unassigned
g.32186.CDS.4645,Metabolic:Vitamin B12 metabolism
g.32186.CDS.4651,Metabolic:Unassigned
g.32186.CDS.4652,Metabolic:Glyoxylate and dicarboxylate metabolism
g.32186.CDS.4653,Metabolic:Glyoxylate and dicarboxylate metabolism
g.32186.CDS.4657,Metabolic:Vitamin B12 metabolism
g.32186.CDS.4664,Metabolic:Vitamin B12 metabolism
g.32186.CDS.4668,Metabolic:Fatty acid synthesis
g.32186.CDS.4680,Metabolic:Folate metabolism
g.32186.CDS.4681,"Metabolic:Transport, extracellular"
g.32186.CDS.4697,"Metabolic:Transport, extracellular"
g.32186.CDS.4698,Metabolic:Fatty acid synthesis
g.32186.CDS.4707,Metabolic:Cell wall biosynthesis
g.32186.CDS.4710,Metabolic:Aminobenzoate degradation
g.32186.CDS.4719,Metabolic:Tyrosine metabolism
g.32186.CDS.4720,Metabolic:Glyoxylate and dicarboxylate metabolism
g.32186.CDS.4723,"Metabolic:Valine, leucine, and isoleucine metabolism"
g.32186.CDS.4728,Metabolic:Fatty acid synthesis
g.32186.CDS.4733,"Metabolic:Transport, extracellular"
g.32186.CDS.4740,Metabolic:Pentose and glucuronate interconversions
g.32186.CDS.4741,Metabolic:Fatty acid synthesis
g.32186.CDS.4751,Translation
398525.3.peg.4757,Metabolic:Vitamin B2 metabolism
g.32186.CDS.4760,Metabolic:Glutathione metabolism
g.32186.CDS.4766,"Metabolic:Transport, extracellular"
g.32186.CDS.4767,Metabolic:Nucleotide interconversion
g.32186.CDS.4768,Metabolic:Benzoate degradation
g.32186.CDS.4769,Metabolic:Arginine and proline metabolism
g.32186.CDS.4770,Metabolic:Glycerophospholipid metabolism
g.32186.CDS.4771,"Metabolic:Transport, extracellular"
g.32186.CDS.4773,Metabolic:Arginine and proline metabolism
g.32186.CDS.4780,Metabolic:Fatty acid synthesis
g.32186.CDS.4784,Metabolic:Nucleotide sugar metabolism
398525.3.peg.4790,Metabolic:NAD metabolism
g.32186.CDS.4791,Metabolic:Aminobenzoate degradation
g.32186.CDS.4794,Metabolic:Pentose and glucuronate interconversions
398525.3.peg.4796,"Metabolic:Valine, leucine, and isoleucine metabolism"
g.32186.CDS.4797,Metabolic:Fatty acid synthesis
g.32186.CDS.4798,Metabolic:Ascorbate and aldarate metabolism
g.32186.CDS.4799,Metabolic:Lipopolysaccharide biosynthesis
398525.3.peg.4807,Metabolic:Alanine and aspartate metabolism
g.32186.CDS.4812,"Metabolic:Transport, extracellular"
g.32186.CDS.4815,Metabolic:Propanoate metabolism
g.32186.CDS.4822,Metabolic:Vitamin B12 metabolism
g.32186.CDS.4823,Metabolic:Propanoate metabolism
g.32186.CDS.4828,Metabolic:Cell wall biosynthesis
g.32186.CDS.4830,Metabolic:Galactose metabolism
g.32186.CDS.4832,Metabolic:Glutathione metabolism
g.32186.CDS.4836,Metabolic:Fatty acid synthesis
398525.3.peg.4836,Metabolic:Alanine and aspartate metabolism
g.32186.CDS.4842,Metabolic:Fructose and mannose metabolism
g.32186.CDS.4844,Metabolic:Nucleotide interconversion
g.32186.CDS.4857,Metabolic:Cell wall biosynthesis
g.32186.CDS.4860,Metabolic:Histidine metabolism
g.32186.CDS.4865,Metabolic:NAD metabolism
g.32186.CDS.4866,Metabolic:Propanoate metabolism
g.32186.CDS.4880,"Metabolic:Transport, extracellular"
g.32186.CDS.4881,Metabolic:Urea cycle
398525.3.peg.4887,Metabolic:Pentose and glucuronate interconversions
g.32186.CDS.4888,"Metabolic:Transport, extracellular"
398525.3.peg.4897,Metabolic:Glutamate metabolism
g.32186.CDS.4908,Metabolic:Fatty acid synthesis
g.32186.CDS.4920,Metabolic:Vitamin B12 metabolism
g.32186.CDS.4922,"Metabolic:Transport, extracellular"
g.32186.CDS.4925,Metabolic:Carbon fixation in photosynthetic organisms
g.32186.CDS.4931,Metabolic:Fatty acid synthesis
398525.3.peg.4937,Metabolic:Nucleotide interconversion
g.32186.CDS.4938,"Metabolic:Transport, extracellular"
g.32186.CDS.4942,Metabolic:Glyoxylate and dicarboxylate metabolism
g.32186.CDS.4944,Metabolic:Folate metabolism
g.32186.CDS.4946,Metabolic:Fatty acid synthesis
398525.3.peg.4954,Metabolic:Nucleotide interconversion
g.32186.CDS.4959,"Metabolic:Transport, extracellular"
g.32186.CDS.4961,Metabolic:Exchange/demand reaction
g.32186.CDS.4963,Metabolic:Lipopolysaccharide biosynthesis
g.32186.CDS.4977,Metabolic:Biotin metabolism
g.32186.CDS.4989,Metabolic:Biotin metabolism
g.32186.CDS.4992,Metabolic:Fatty acid synthesis
g.32186.CDS.4996,Metabolic:Cell wall biosynthesis
g.32186.CDS.4997,Translation
g.32186.CDS.5001,Metabolic:Glyoxylate and dicarboxylate metabolism
g.32186.CDS.5018,Metabolic:Glycolysis/gluconeogenesis
g.32186.CDS.5021,"Metabolic:Transport, extracellular"
g.32186.CDS.5029,Metabolic:Glycerophospholipid metabolism
g.32186.CDS.5034,Translation
g.32186.CDS.5035,tRNA-Charging
398525.3.peg.5041,Metabolic:CoA synthesis
g.32186.CDS.5051,Metabolic:Respiration
g.32186.CDS.5055,Metabolic:Methionine and cysteine metabolism
398525.3.peg.5057,Metabolic:Purine synthesis
g.32186.CDS.5059,Metabolic:Nucleotide interconversion
398525.3.peg.5064,Metabolic:Alanine and aspartate metabolism
g.32186.CDS.5065,Metabolic:Pyrimidine catabolism
g.32186.CDS.5069,Metabolic:Pyrimidine catabolism
g.32186.CDS.5080,Metabolic:Terpenoid backbone biosynthesis
g.32186.CDS.5090,Metabolic:Citric acid cycle
g.32186.CDS.5097,"Metabolic:Transport, extracellular"
398525.3.peg.5100,Metabolic:Nucleotide interconversion
398525.3.peg.5106,Metabolic:Purine synthesis
398525.3.peg.5107,Metabolic:Purine synthesis
g.32186.CDS.5108,tRNA-Charging
g.32186.CDS.5116,Metabolic:Pyruvate metabolism
g.32186.CDS.5118,Metabolic:Respiration
g.32186.CDS.5124,Metabolic:Fatty acid synthesis
g.32186.CDS.5128,Metabolic:Exchange/demand reaction
g.32186.CDS.5135,"Metabolic:Transport, extracellular"
g.32186.CDS.5136,tRNA-Charging
398525.3.peg.5137,Metabolic:Arginine and proline metabolism
g.32186.CDS.5145,"Metabolic:Transport, extracellular"
g.32186.CDS.5149,"Metabolic:Transport, extracellular"
g.32186.CDS.5151,"Metabolic:Valine, leucine, and isoleucine metabolism"
g.32186.CDS.5169,Translation
g.32186.CDS.5173,Translation
g.32186.CDS.5177,"Metabolic:Valine, leucine, and isoleucine metabolism"
g.32186.CDS.5181,Translation
g.32186.CDS.5192,Metabolic:Nucleotide interconversion
g.32186.CDS.5193,Metabolic:Glutathione metabolism
g.32186.CDS.5194,"Metabolic:Transport, extracellular"
g.32186.CDS.5195,Metabolic:Propanoate metabolism
398525.3.peg.5199,Metabolic:Glycolysis/gluconeogenesis
398525.3.peg.5201,Metabolic:Methionine and cysteine metabolism
398525.3.peg.5203,Metabolic:beta-Alanine metabolism
g.32186.CDS.5207,"Metabolic:Valine, leucine, and isoleucine metabolism"
g.32186.CDS.5217,Metabolic:Respiration
g.32186.CDS.5224,Metabolic:Pentose and glucuronate interconversions
g.32186.CDS.5230,Metabolic:Glutathione metabolism
g.32186.CDS.5240,Metabolic:Folate metabolism
g.32186.CDS.5247,Metabolic:Biotin metabolism
398525.3.peg.5247,"Metabolic:Valine, leucine, and isoleucine metabolism"
g.32186.CDS.5251,Metabolic:Respiration
g.32186.CDS.5258,Metabolic:Sulfur metabolism
g.32186.CDS.5260,tRNA-Charging
g.32186.CDS.5262,"Metabolic:Transport, extracellular"
g.32186.CDS.5283,Metabolic:Methionine and cysteine metabolism
g.32186.CDS.5284,Metabolic:Benzoate degradation
g.32186.CDS.5285,Metabolic:NAD metabolism
g.32186.CDS.5295,Metabolic:Lipopolysaccharide biosynthesis
g.32186.CDS.5299,"Metabolic:Transport, extracellular"
398525.3.peg.5302,Metabolic:Urea cycle
398525.3.peg.5303,Metabolic:Urea cycle
398525.3.peg.5308,Metabolic:Alanine and aspartate metabolism
398525.3.peg.5309,"Metabolic:Glycine, serine, alanine, and threonine metabolism"
398525.3.peg.5310,Metabolic:Glycolysis/gluconeogenesis
g.32186.CDS.5312,tRNA-Charging
g.32186.CDS.5315,Metabolic:Exchange/demand reaction
g.32186.CDS.5323,"Metabolic:Transport, extracellular"
g.32186.CDS.5328,tRNA-Charging
g.32186.CDS.5336,Metabolic:Glutathione metabolism
398525.3.peg.5336,Metabolic:Arginine and proline metabolism
g.32186.CDS.5343,Metabolic:Respiration
g.32186.CDS.5347,tRNA-Charging
g.32186.CDS.5356,Metabolic:Exchange/demand reaction
g.32186.CDS.5371,Metabolic:Nucleotide interconversion
398525.3.peg.5373,"Metabolic:Valine, leucine, and isoleucine metabolism"
g.32186.CDS.5374,"Metabolic:Transport, extracellular"
g.32186.CDS.5375,Metabolic:Sulfur metabolism
g.32186.CDS.5378,Metabolic:Butanoate metabolism
g.32186.CDS.5383,Metabolic:NAD metabolism
g.32186.CDS.5391,"Metabolic:Transport, extracellular"
g.32186.CDS.5400,Metabolic:Lipopolysaccharide biosynthesis
g.32186.CDS.5407,Metabolic:Respiration
g.32186.CDS.5422,Metabolic:Terpenoid backbone biosynthesis
g.32186.CDS.5426,Metabolic:Vitamin B6 metabolism
g.32186.CDS.5432,"Metabolic:Transport, extracellular"
398525.3.peg.5434,Metabolic:CoA synthesis
g.32186.CDS.5437,Metabolic:Arginine and proline metabolism
398525.3.peg.5439,"Metabolic:Glycine, serine, alanine, and threonine metabolism"
g.32186.CDS.5442,Metabolic:Exchange/demand reaction
g.32186.CDS.5443,Metabolic:Glyoxylate and dicarboxylate metabolism
398525.3.peg.5445,Metabolic:Methionine and cysteine metabolism
g.32186.CDS.5446,Metabolic:Biotin metabolism
g.32186.CDS.5457,Metabolic:Arginine and proline metabolism
g.32186.CDS.5466,Metabolic:Terpenoid backbone biosynthesis
g.32186.CDS.5467,Metabolic:Biotin metabolism
g.32186.CDS.5469,Metabolic:Respiration
398525.3.peg.5474,Metabolic:Cell wall biosynthesis
g.32186.CDS.5477,Transcription
g.32186.CDS.5481,Metabolic:Fatty acid synthesis
g.32186.CDS.5484,Metabolic:Phenylalanine metabolism
398525.3.peg.5485,Metabolic:Aminosugar metabolism
g.32186.CDS.5488,Metabolic:Fatty acid synthesis
398525.3.peg.5495,Metabolic:Arginine and proline metabolism
g.32186.CDS.5504,Metabolic:Glycolysis/gluconeogenesis
g.32186.CDS.5511,Post-translation
398525.3.peg.5511,Metabolic:Arginine and proline metabolism
g.32186.CDS.5516,Metabolic:Alanine and aspartate metabolism
398525.3.peg.5530,Metabolic:Phenylalanine metabolism
g.32186.CDS.5531,tRNA-Charging
398525.3.peg.5533,"Metabolic:Glycine, serine, alanine, and threonine metabolism"
g.32186.CDS.5534,Metabolic:Glycerophospholipid metabolism
g.32186.CDS.5540,Translation
g.32186.CDS.5546,Metabolic:Phenylalanine metabolism
g.32186.CDS.5548,tRNA-Charging
g.32186.CDS.5550,Metabolic:Ubiquinone and other terpenoid-quinone biosynthesis
g.32186.CDS.5560,Metabolic:Nucleotide interconversion
g.32186.CDS.5563,Metabolic:Arginine and proline metabolism
398525.3.peg.5567,Metabolic:Pentose phosphate pathway
g.32186.CDS.5582,Metabolic:Exchange/demand reaction
g.32186.CDS.5590,Metabolic:Terpenoid backbone biosynthesis
g.32186.CDS.5610,Metabolic:Nucleotide interconversion
g.32186.CDS.5611,Metabolic:Arginine and proline metabolism
g.32186.CDS.5627,Metabolic:Glycerophospholipid metabolism
g.32186.CDS.5628,Transcription
g.32186.CDS.5644,tRNA-Charging
g.32186.CDS.5655,Metabolic:beta-Alanine metabolism
g.32186.CDS.5657,Metabolic:Nucleotide interconversion
398525.3.peg.5659,Metabolic:Methionine and cysteine metabolism
398525.3.peg.5665,Metabolic:Methionine and cysteine metabolism
g.32186.CDS.5669,"Metabolic:Transport, extracellular"
g.32186.CDS.5673,tRNA-Charging
g.32186.CDS.5685,Metabolic:Pyruvate metabolism
g.32186.CDS.5697,Metabolic:Fatty acid synthesis
g.32186.CDS.5701,Metabolic:Vitamin B6 metabolism
g.32186.CDS.5710,Metabolic:Fatty acid synthesis
g.32186.CDS.5711,Metabolic:Cholesterol metabolism
g.32186.CDS.5712,Transcription
g.32186.CDS.5715,Metabolic:Respiration
g.32186.CDS.5721,Translation
g.32186.CDS.5722,Metabolic:Fatty acid synthesis
g.32186.CDS.5726,Translation
g.32186.CDS.5727,Metabolic:Cell wall biosynthesis
g.32186.CDS.5731,"Metabolic:Transport, extracellular"
g.32186.CDS.5733,Metabolic:Galactose metabolism
g.32186.CDS.5738,"Metabolic:Transport, extracellular"
g.32186.CDS.5746,Metabolic:Butanoate metabolism
g.32186.CDS.5757,Metabolic:Nucleotide interconversion
g.32186.CDS.5758,tRNA-Charging
g.32186.CDS.5759,"Metabolic:Valine, leucine, and isoleucine metabolism"
g.32186.CDS.5763,Metabolic:Nucleotide interconversion
g.32186.CDS.5764,"Metabolic:Valine, leucine, and isoleucine metabolism"
g.32186.CDS.5766,"Metabolic:Transport, extracellular"
398525.3.peg.5766,"Metabolic:Glycine, serine, alanine, and threonine metabolism"
g.32186.CDS.5770,"Metabolic:Transport, extracellular"
g.32186.CDS.5774,"Metabolic:Transport, extracellular"
398525.3.peg.5777,Metabolic:Glycolysis/gluconeogenesis
g.32186.CDS.5779,tRNA-Charging
398525.3.peg.5788,Metabolic:Pyrimidine synthesis
g.32186.CDS.5791,"Metabolic:Valine, leucine, and isoleucine metabolism"
g.32186.CDS.5792,Metabolic:Exchange/demand reaction
398525.3.peg.5792,Metabolic:Glycolysis/gluconeogenesis
398525.3.peg.5794,Metabolic:Tryptophan metabolism
398525.3.peg.5795,Metabolic:Tryptophan metabolism
398525.3.peg.5808,"Metabolic:Glycine, serine, alanine, and threonine metabolism"
g.32186.CDS.5817,Metabolic:Respiration
398525.3.peg.5820,Metabolic:Glutamate metabolism
g.32186.CDS.5823,tRNA-Charging
398525.3.peg.5824,Metabolic:Citric acid cycle
g.32186.CDS.5826,Metabolic:Lysine metabolism
g.32186.CDS.5827,Metabolic:Respiration
g.32186.CDS.5828,Metabolic:Cell wall biosynthesis
g.32186.CDS.5829,Metabolic:Fatty acid synthesis
g.32186.CDS.5833,Metabolic:Pyruvate metabolism
g.32186.CDS.5834,Metabolic:Lipopolysaccharide biosynthesis
398525.3.peg.5839,Metabolic:Nucleotide interconversion
g.32186.CDS.5846,Metabolic:Nucleotide interconversion
g.32186.CDS.5848,Metabolic:Nucleotide interconversion
g.32186.CDS.5860,Metabolic:Respiration
g.32186.CDS.5864,Metabolic:Respiration
g.32186.CDS.5869,Metabolic:Aminosugar metabolism
g.32186.CDS.5870,Metabolic:Methionine and cysteine metabolism
g.32186.CDS.5872,Metabolic:Glyoxylate and dicarboxylate metabolism
g.32186.CDS.5877,Translation
g.32186.CDS.5880,Metabolic:Galactose metabolism
g.32186.CDS.5894,"Metabolic:Transport, extracellular"
g.32186.CDS.5914,tRNA-Charging
g.32186.CDS.5915,Metabolic:Exchange/demand reaction
g.32186.CDS.5918,Metabolic:Respiration
398525.3.peg.5920,Metabolic:Glutamate metabolism
g.32186.CDS.5930,Metabolic:Respiration
g.32186.CDS.5932,Metabolic:Glycerophospholipid metabolism
398525.3.peg.5934,Metabolic:Methionine and cysteine metabolism
398525.3.peg.5935,Metabolic:Methionine and cysteine metabolism
398525.3.peg.5938,Metabolic:NAD metabolism
398525.3.peg.5939,Metabolic:NAD metabolism
g.32186.CDS.5940,tRNA-Charging
398525.3.peg.5940,Metabolic:NAD metabolism
g.32186.CDS.5950,"Metabolic:Transport, extracellular"
g.32186.CDS.5959,tRNA-Charging
g.32186.CDS.5961,"Metabolic:Transport, extracellular"
g.32186.CDS.5965,Metabolic:Heme synthesis
g.32186.CDS.5968,tRNA-Charging
398525.3.peg.5981,Metabolic:Vitamin B2 metabolism
398525.3.peg.5982,Metabolic:Vitamin B2 metabolism
398525.3.peg.5983,Metabolic:Vitamin B2 metabolism
g.32186.CDS.5984,"Metabolic:Glycine, serine, alanine, and threonine metabolism"
g.32186.CDS.5986,Metabolic:Nucleotide interconversion
398525.3.peg.5986,"Metabolic:Glycine, serine, alanine, and threonine metabolism"
g.32186.CDS.5987,Metabolic:Exchange/demand reaction
g.32186.CDS.5993,tRNA-Charging
g.32186.CDS.6017,Metabolic:Nucleotide interconversion
g.32186.CDS.6018,Metabolic:Exchange/demand reaction
398525.3.peg.6023,Metabolic:Vitamin B6 metabolism
g.32186.CDS.6025,Metabolic:Pyruvate metabolism
g.32186.CDS.6026,"Metabolic:Glycine, serine, alanine, and threonine metabolism"
g.32186.CDS.6029,Metabolic:Naphthalene degradation
g.32186.CDS.6032,tRNA-Charging
g.32186.CDS.6038,Metabolic:Exchange/demand reaction
g.32186.CDS.6041,"Metabolic:Transport, extracellular"
g.32186.CDS.6045,Transcription
g.32186.CDS.6062,Metabolic:Fatty acid synthesis
g.32186.CDS.6065,Metabolic:Propanoate metabolism
398525.3.peg.6068,Metabolic:Pyrimidine synthesis
398525.3.peg.6069,Metabolic:Pyrimidine synthesis
g.32186.CDS.6072,"Metabolic:Valine, leucine, and isoleucine metabolism"
g.32186.CDS.6074,Metabolic:Pyruvate metabolism
g.32186.CDS.6083,Metabolic:Pyruvate metabolism
g.32186.CDS.6086,tRNA-Charging
g.32186.CDS.6089,Metabolic:Cell wall biosynthesis
g.32186.CDS.6091,tRNA-Charging
g.32186.CDS.6099,tRNA-Charging
g.32186.CDS.6116,Metabolic:Vitamin B2 metabolism
g.32186.CDS.6119,Metabolic:Methionine and cysteine metabolism
g.32186.CDS.6121,Metabolic:Pyrimidine synthesis
g.32186.CDS.6123,tRNA-Charging
398525.3.peg.6131,Metabolic:CoA synthesis
g.32186.CDS.6135,Translation
g.32186.CDS.6137,Metabolic:Fatty acid synthesis
g.32186.CDS.6140,Metabolic:Propanoate metabolism
g.32186.CDS.6146,Metabolic:Nucleotide interconversion
g.32186.CDS.6153,"Metabolic:Transport, extracellular"
g.32186.CDS.6154,Metabolic:Folate metabolism
g.32186.CDS.6163,tRNA-Charging
g.32186.CDS.6165,tRNA-Charging
g.32186.CDS.6166,"Metabolic:Transport, extracellular"
g.32186.CDS.6178,"Metabolic:Glycine, serine, alanine, and threonine metabolism"
g.32186.CDS.6190,tRNA-Charging
g.32186.CDS.6192,tRNA-Charging
g.32186.CDS.6201,Metabolic:Arginine and proline metabolism
g.32186.CDS.6213,Metabolic:Pyrimidine catabolism
g.32186.CDS.6218,Metabolic:Nucleotide interconversion
g.32186.CDS.6228,Metabolic:Fatty acid synthesis
g.32186.CDS.6229,Transcription
g.32186.CDS.6231,Metabolic:Fatty acid synthesis
g.32186.CDS.6237,Metabolic:Glycerophospholipid metabolism
g.32186.CDS.6238,Metabolic:Benzoate degradation
398525.3.peg.6255,Metabolic:Alanine and aspartate metabolism
g.32186.CDS.6259,tRNA-Charging
g.32186.CDS.6262,"Metabolic:Transport, extracellular"
398525.3.peg.6265,Metabolic:Glutamate metabolism
g.32186.CDS.6269,Metabolic:Pentose phosphate pathway
g.32186.CDS.6283,tRNA-Charging
398525.3.peg.6285,Metabolic:Nucleotide interconversion
g.32186.CDS.6288,Metabolic:Nucleotide interconversion
g.32186.CDS.6310,Metabolic:Nucleotide interconversion
g.32186.CDS.6315,Metabolic:Alanine and aspartate metabolism
g.32186.CDS.6317,Metabolic:Glyoxylate and dicarboxylate metabolism
398525.3.peg.6323,"Metabolic:Glycine, serine, alanine, and threonine metabolism"
g.32186.CDS.6324,"Metabolic:Transport, extracellular"
g.32186.CDS.6326,Metabolic:Nucleotide interconversion
g.32186.CDS.6327,Metabolic:Exchange/demand reaction
g.32186.CDS.6329,tRNA-Charging
g.32186.CDS.6333,"Metabolic:Transport, extracellular"
398525.3.peg.6345,Metabolic:Arginine and proline metabolism
g.32186.CDS.6351,Metabolic:Pyruvate metabolism
g.32186.CDS.6353,Translation
398525.3.peg.6364,Metabolic:Pentose phosphate pathway
g.32186.CDS.6370,tRNA-Charging
g.32186.CDS.6379,tRNA-Charging
g.32186.CDS.6381,Metabolic:Nucleotide salvage pathway
g.32186.CDS.6388,Metabolic:Heme synthesis
g.32186.CDS.6396,Metabolic:Tryptophan metabolism
g.32186.CDS.6398,Metabolic:Miscellaneous
g.32186.CDS.6401,Metabolic:Cell wall biosynthesis
g.32186.CDS.6406,Metabolic:Exchange/demand reaction
g.32186.CDS.6426,Translation
g.32186.CDS.6427,tRNA-Charging
g.32186.CDS.6433,Metabolic:Sulfur metabolism
g.32186.CDS.6459,tRNA-Charging
g.32186.CDS.6460,tRNA-Charging
g.32186.CDS.6475,"Metabolic:Valine, leucine, and isoleucine metabolism"
g.32186.CDS.6481,Metabolic:Pentose and glucuronate interconversions
g.32186.CDS.6489,tRNA-Charging
g.32186.CDS.6493,Metabolic:Pyrimidine catabolism
g.32186.CDS.6498,Metabolic:Nucleotide interconversion
g.32186.CDS.6507,Metabolic:Nucleotide interconversion
g.32186.CDS.6513,Metabolic:Cell wall biosynthesis
g.32186.CDS.6514,Metabolic:Terpenoid backbone biosynthesis
398525.3.peg.6522,Metabolic:Tetrahydrobiopterin metabolism
g.32186.CDS.6530,Metabolic:Pyruvate metabolism
g.32186.CDS.6542,tRNA-Charging
398525.3.peg.6549,Metabolic:Arginine and proline metabolism
398525.3.peg.6558,Metabolic:Alanine and aspartate metabolism
g.32186.CDS.6562,tRNA-Charging
g.32186.CDS.6566,Metabolic:Oxidative phosphorylation
g.32186.CDS.6567,Metabolic:Pentose phosphate pathway
g.32186.CDS.6571,tRNA-Charging
g.32186.CDS.6578,Metabolic:Propanoate metabolism
g.32186.CDS.6579,Metabolic:Biotin metabolism
398525.3.peg.6581,Metabolic:Methionine and cysteine metabolism
g.32186.CDS.6585,Metabolic:Oxidative phosphorylation
g.32186.CDS.6591,Metabolic:Fatty acid synthesis
g.32186.CDS.6592,tRNA-Charging
398525.3.peg.6601,Metabolic:CoA synthesis
398525.3.peg.6605,Metabolic:Methionine and cysteine metabolism
g.32186.CDS.6607,Metabolic:Ubiquinone and other terpenoid-quinone biosynthesis
g.32186.CDS.6613,"Metabolic:Valine, leucine, and isoleucine metabolism"
g.32186.CDS.6621,Metabolic:Nucleotide interconversion
g.32186.CDS.6634,Metabolic:Nucleotide interconversion
g.32186.CDS.6638,tRNA-Charging
g.32186.CDS.6643,tRNA-Charging
g.32186.CDS.6646,Metabolic:NAD metabolism
g.32186.CDS.6654,Metabolic:Oxidative phosphorylation
g.32186.CDS.6660,tRNA-Charging
g.32186.CDS.6669,tRNA-Charging
g.32186.CDS.6674,Metabolic:Nitrogen metabolism
g.32186.CDS.6689,Metabolic:Exchange/demand reaction
g.32186.CDS.6696,tRNA-Charging
398525.3.peg.6699,Metabolic:Glutamate metabolism
g.32186.CDS.6701,Translation
g.32186.CDS.6708,Metabolic:Fatty acid synthesis
g.32186.CDS.6712,Metabolic:Tyrosine metabolism
g.32186.CDS.6719,tRNA-Charging
g.32186.CDS.6720,"Metabolic:Transport, extracellular"
398525.3.peg.6722,Metabolic:Purine synthesis
398525.3.peg.6724,Metabolic:CoA synthesis
g.32186.CDS.6725,Metabolic:Cell wall biosynthesis
398525.3.peg.6728,Metabolic:Purine synthesis
398525.3.peg.6729,Metabolic:Purine synthesis
398525.3.peg.6730,Metabolic:Purine synthesis
g.32186.CDS.6731,Metabolic:Glycerophospholipid metabolism
398525.3.peg.6734,Metabolic:Purine synthesis
g.32186.CDS.6736,Metabolic:Arginine and proline metabolism
g.32186.CDS.6744,"Metabolic:Transport, extracellular"
g.32186.CDS.6753,tRNA-Charging
g.32186.CDS.6756,Metabolic:Unassigned
398525.3.peg.6756,Metabolic:Citric acid cycle
g.32186.CDS.6774,Metabolic:Oxidative phosphorylation
g.32186.CDS.6776,Metabolic:Biotin metabolism
g.32186.CDS.6782,"Metabolic:Transport, extracellular"
398525.3.peg.6782,Metabolic:Pentose phosphate pathway
g.32186.CDS.6790,Metabolic:Pentose phosphate pathway
g.32186.CDS.6805,Metabolic:Naphthalene degradation
398525.3.peg.6805,Metabolic:Citric acid cycle
g.32186.CDS.6811,Metabolic:Vitamin B6 metabolism
g.32186.CDS.6812,Metabolic:Benzoate degradation
g.32186.CDS.6821,tRNA-Charging
g.32186.CDS.6824,"Metabolic:Transport, extracellular"
g.32186.CDS.6829,Metabolic:Thiamine metabolism
g.32186.CDS.6831,Metabolic:Urea cycle
g.32186.CDS.6832,"Metabolic:Transport, extracellular"
g.32186.CDS.6837,Metabolic:Methionine and cysteine metabolism
g.32186.CDS.6838,Metabolic:Propanoate metabolism
g.32186.CDS.6840,Translation
g.32186.CDS.6841,Metabolic:Nucleotide interconversion
g.32186.CDS.6843,Metabolic:Fatty acid synthesis
g.32186.CDS.6860,"Metabolic:Valine, leucine, and isoleucine metabolism"
g.32186.CDS.6890,Metabolic:Exchange/demand reaction
g.32186.CDS.6891,Metabolic:Benzoate degradation
g.32186.CDS.6892,Metabolic:Pyrimidine catabolism
g.32186.CDS.6894,Metabolic:Vitamin B6 metabolism
g.32186.CDS.6897,Metabolic:Pyruvate metabolism
g.32186.CDS.6898,Metabolic:Nucleotide interconversion
g.32186.CDS.6900,Metabolic:Lysine metabolism
g.32186.CDS.6904,Metabolic:Others
g.32186.CDS.6909,Metabolic:Purine catabolism
g.32186.CDS.6914,"Metabolic:Transport, extracellular"
g.32186.CDS.6920,"Metabolic:Transport, extracellular"
g.32186.CDS.6923,Metabolic:Urea cycle
g.32186.CDS.6935,"Metabolic:Transport, extracellular"
g.32186.CDS.6938,tRNA-Charging
g.32186.CDS.6943,Metabolic:CoA synthesis
g.32186.CDS.6944,Transcription
g.32186.CDS.6947,tRNA-Charging
g.32186.CDS.6948,tRNA-Charging
398525.3.peg.6948,Metabolic:Alanine and aspartate metabolism
g.32186.CDS.6951,"Metabolic:Transport, extracellular"
g.32186.CDS.6952,Metabolic:Fatty acid synthesis
g.32186.CDS.6953,tRNA-Charging
g.32186.CDS.6957,Metabolic:Pentose and glucuronate interconversions
g.32186.CDS.6962,Metabolic:Pyruvate metabolism
398525.3.peg.6967,"Metabolic:Glycine, serine, alanine, and threonine metabolism"
g.32186.CDS.6968,"Metabolic:Transport, extracellular"
g.32186.CDS.6969,Metabolic:Fructose and mannose metabolism
398525.3.peg.6970,Metabolic:Thiamine metabolism
g.32186.CDS.6972,Metabolic:Oxidative phosphorylation
g.32186.CDS.6976,Metabolic:Cell wall biosynthesis
g.32186.CDS.6978,Metabolic:Glyoxylate and dicarboxylate metabolism
g.32186.CDS.6985,Metabolic:Glyoxylate and dicarboxylate metabolism
g.32186.CDS.6988,Metabolic:Fatty acid oxidation
g.32186.CDS.6991,"Metabolic:Valine, leucine, and isoleucine metabolism"
g.32186.CDS.6992,Metabolic:Galactose metabolism
g.32186.CDS.7001,Metabolic:Cell wall biosynthesis
g.32186.CDS.7002,"Metabolic:Transport, extracellular"
g.32186.CDS.7008,Metabolic:Cell wall biosynthesis
g.32186.CDS.7019,"Metabolic:Transport, extracellular"
g.32186.CDS.7021,Metabolic:Benzoate degradation
g.32186.CDS.7023,Metabolic:Galactose metabolism
g.32186.CDS.7028,Metabolic:Nucleotide interconversion
g.32186.CDS.7035,Metabolic:Histidine metabolism
g.32186.CDS.7045,"Metabolic:Valine, leucine, and isoleucine metabolism"
398525.3.peg.7051,Metabolic:Alanine and aspartate metabolism
398525.3.peg.7060,Metabolic:Alanine and aspartate metabolism
g.32186.CDS.7066,Metabolic:Nucleotide interconversion
g.32186.CDS.7070,Metabolic:Butanoate metabolism
398525.3.peg.7078,"Metabolic:Glycine, serine, alanine, and threonine metabolism"
398525.3.peg.7080,"Metabolic:Glycine, serine, alanine, and threonine metabolism"
g.32186.CDS.7087,Metabolic:Cell wall biosynthesis
g.32186.CDS.7091,Metabolic:Glycolysis/gluconeogenesis
g.32186.CDS.7098,"Metabolic:Transport, extracellular"
g.32186.CDS.7099,"Metabolic:Transport, extracellular"
g.32186.CDS.7101,"Metabolic:Transport, extracellular"
g.32186.CDS.7113,Metabolic:Fatty acid synthesis
g.32186.CDS.7114,Metabolic:Folate metabolism
g.32186.CDS.7115,Metabolic:Pentose phosphate pathway
g.32186.CDS.7118,Metabolic:Fatty acid synthesis
g.32186.CDS.7124,Metabolic:Terpenoid backbone biosynthesis
g.32186.CDS.7126,Metabolic:Fructose and mannose metabolism
g.32186.CDS.7127,"Metabolic:Transport, extracellular"
g.32186.CDS.7134,Metabolic:Fatty acid synthesis
g.32186.CDS.7136,Metabolic:Thiamine metabolism
g.32186.CDS.7149,Metabolic:Fructose and mannose metabolism
g.32186.CDS.7155,Metabolic:Pyrimidine catabolism
g.32186.CDS.7156,Metabolic:Nucleotide interconversion
g.32186.CDS.7162,Metabolic:Nucleotide interconversion
g.32186.CDS.7167,Metabolic:Nucleotide interconversion
g.32186.CDS.7169,Metabolic:Fatty acid synthesis
g.32186.CDS.7194,Translation
g.32186.CDS.7201,Metabolic:Starch and sucrose metabolism
g.32186.CDS.7209,"Metabolic:Transport, extracellular"
g.32186.CDS.7210,Metabolic:Pyruvate metabolism
g.32186.CDS.7224,"Metabolic:Transport, extracellular"
g.32186.CDS.7228,Metabolic:Glutathione metabolism
g.32186.CDS.7231,"Metabolic:Valine, leucine, and isoleucine metabolism"
g.32186.CDS.7233,Metabolic:Lipopolysaccharide biosynthesis
g.32186.CDS.7239,Metabolic:Exchange/demand reaction
g.32186.CDS.7244,Metabolic:Respiration
g.32186.CDS.7245,"Metabolic:Transport, extracellular"
g.32186.CDS.7263,Metabolic:Cell wall biosynthesis
g.32186.CDS.7265,Metabolic:Inositol phosphate metabolism
g.32186.CDS.7268,"Metabolic:Transport, extracellular"
g.32186.CDS.7269,Metabolic:Sulfur metabolism
398525.3.peg.7287,Metabolic:Pentose phosphate pathway
g.32186.CDS.7289,tRNA-Charging
g.32186.CDS.7297,Translation
g.32186.CDS.7299,Metabolic:Lysine metabolism
g.32186.CDS.7302,"Metabolic:Transport, extracellular"
g.32186.CDS.7304,"Metabolic:Transport, extracellular"
g.32186.CDS.7307,Metabolic:Nucleotide interconversion
g.32186.CDS.7324,"Metabolic:Glycine, serine, alanine, and threonine metabolism"
398525.3.peg.7324,Metabolic:Histidine metabolism
g.32186.CDS.7332,"Metabolic:Transport, extracellular"
g.32186.CDS.7335,"Metabolic:Transport, extracellular"
g.32186.CDS.7337,Metabolic:Aminosugar metabolism
g.32186.CDS.7338,Metabolic:Glycolysis/gluconeogenesis
g.32186.CDS.7340,Metabolic:Thiamine metabolism
g.32186.CDS.7345,"Metabolic:Transport, extracellular"
398525.3.peg.7345,Metabolic:Nucleotide interconversion
398525.3.peg.7353,Metabolic:Nucleotide interconversion
g.32186.CDS.7357,"Metabolic:Transport, extracellular"
398525.3.peg.7359,Metabolic:Nucleotide interconversion
398525.3.peg.7378,Metabolic:Nucleotide interconversion
398525.3.peg.7380,Metabolic:Glycolysis/gluconeogenesis
398525.3.peg.7381,Metabolic:Glycolysis/gluconeogenesis
g.32186.CDS.7391,Metabolic:Starch and sucrose metabolism
g.32186.CDS.7401,Metabolic:Cell wall biosynthesis
g.32186.CDS.7410,tRNA-Charging
g.32186.CDS.7411,"Metabolic:Transport, extracellular"
398525.3.peg.7412,"Metabolic:Valine, leucine, and isoleucine metabolism"
g.32186.CDS.7426,Metabolic:Pyruvate metabolism
398525.3.peg.7428,Metabolic:CoA synthesis
g.32186.CDS.7437,"Metabolic:Transport, extracellular"
g.32186.CDS.7439,Metabolic:Benzoate degradation
g.32186.CDS.7444,"Metabolic:Transport, extracellular"
g.32186.CDS.7445,Metabolic:Arginine and proline metabolism
g.32186.CDS.7447,Metabolic:Fatty acid synthesis
398525.3.peg.7454,"Metabolic:Valine, leucine, and isoleucine metabolism"
g.32186.CDS.7455,Metabolic:Nucleotide interconversion
398525.3.peg.7458,"Metabolic:Valine, leucine, and isoleucine metabolism"
398525.3.peg.7459,"Metabolic:Glycine, serine, alanine, and threonine metabolism"
398525.3.peg.7460,"Metabolic:Valine, leucine, and isoleucine metabolism"
g.32186.CDS.7461,Metabolic:Starch and sucrose metabolism
g.32186.CDS.7463,Metabolic:Pyruvate metabolism
398525.3.peg.7463,"Metabolic:Glycine, serine, alanine, and threonine metabolism"
398525.3.peg.7468,Metabolic:Folate metabolism
g.32186.CDS.7470,Metabolic:Glycerophospholipid metabolism
g.32186.CDS.7472,"Metabolic:Transport, extracellular"
398525.3.peg.7477,Metabolic:Citric acid cycle
g.32186.CDS.7479,Metabolic:Exchange/demand reaction
g.32186.CDS.7487,Metabolic:Glutathione metabolism
g.32186.CDS.7491,Metabolic:Fatty acid synthesis
g.32186.CDS.7492,"Metabolic:Transport, extracellular"
g.32186.CDS.7493,"Metabolic:Transport, extracellular"
g.32186.CDS.7494,"Metabolic:Transport, extracellular"
398525.3.peg.7494,"Metabolic:Glycine, serine, alanine, and threonine metabolism"
g.32186.CDS.7498,Metabolic:Fatty acid synthesis
g.32186.CDS.7501,"Metabolic:Transport, extracellular"
g.32186.CDS.7540,Metabolic:Pentose phosphate pathway
g.32186.CDS.7543,Metabolic:Cell wall biosynthesis
g.32186.CDS.7547,Metabolic:Fatty acid synthesis
g.32186.CDS.7556,Metabolic:Pentose phosphate pathway
g.32186.CDS.7558,Metabolic:Methane metabolism
g.32186.CDS.7564,Metabolic:Glycolysis/gluconeogenesis
g.32186.CDS.7571,"Metabolic:Transport, extracellular"
g.32186.CDS.7593,Metabolic:Arginine and proline metabolism
398525.3.peg.7605,Metabolic:Thiamine metabolism
398525.3.peg.7606,Metabolic:Thiamine metabolism
398525.3.peg.7607,Metabolic:Thiamine metabolism
g.32186.CDS.7610,Metabolic:Glutamate metabolism
g.32186.CDS.7613,"Metabolic:Transport, extracellular"
398525.3.peg.7622,Metabolic:Pyrimidine synthesis
g.32186.CDS.7628,"Metabolic:Transport, extracellular"
g.32186.CDS.7629,Metabolic:Glyoxylate and dicarboxylate metabolism
g.32186.CDS.7635,"Metabolic:Transport, extracellular"
g.32186.CDS.7644,Metabolic:Lipopolysaccharide biosynthesis
g.32186.CDS.7649,Metabolic:Arginine and proline metabolism
398525.3.peg.7652,Metabolic:Pentose phosphate pathway
g.32186.CDS.7668,"Metabolic:Transport, extracellular"
398525.3.peg.7686,Metabolic:Glutamate metabolism
g.32186.CDS.7687,"Metabolic:Transport, extracellular"
g.32186.CDS.7691,Metabolic:Nucleotide interconversion
398525.3.peg.7695,Metabolic:Pentose phosphate pathway
398525.3.peg.7696,Metabolic:Pentose phosphate pathway
398525.3.peg.7697,Metabolic:Pentose phosphate pathway
398525.3.peg.7698,Metabolic:Pentose phosphate pathway
g.32186.CDS.7704,Metabolic:Nucleotide interconversion
g.32186.CDS.7710,"Metabolic:Transport, extracellular"
g.32186.CDS.7728,"Metabolic:Transport, extracellular"
g.32186.CDS.7731,Metabolic:Naphthalene degradation
g.32186.CDS.7739,Metabolic:Fatty acid synthesis
g.32186.CDS.7743,Metabolic:Nucleotide interconversion
g.32186.CDS.7744,Metabolic:Lipopolysaccharide biosynthesis
g.32186.CDS.7746,Metabolic:Glyoxylate and dicarboxylate metabolism
g.32186.CDS.7756,Metabolic:Folate metabolism
g.32186.CDS.7758,Metabolic:Pentose and glucuronate interconversions
g.32186.CDS.7760,Metabolic:Ascorbate and aldarate metabolism
g.32186.CDS.7764,"Metabolic:Transport, extracellular"
g.32186.CDS.7770,Metabolic:Fatty acid synthesis
g.32186.CDS.7781,Metabolic:Alanine and aspartate metabolism
g.32186.CDS.7789,Metabolic:Lipopolysaccharide biosynthesis
g.32186.CDS.7791,Metabolic:Vitamin B12 metabolism
g.32186.CDS.7792,Metabolic:Methionine and cysteine metabolism
g.32186.CDS.7803,Metabolic:Propanoate metabolism
g.32186.CDS.7816,Metabolic:Propanoate metabolism
398525.3.peg.7817,"Metabolic:Glycine, serine, alanine, and threonine metabolism"
g.32186.CDS.7828,Translation
g.32186.CDS.7831,"Metabolic:Transport, extracellular"
398525.3.peg.7833,"Metabolic:Glycine, serine, alanine, and threonine metabolism"
g.32186.CDS.7834,Metabolic:Galactose metabolism
g.32186.CDS.7843,Metabolic:Cell wall biosynthesis
g.32186.CDS.7844,Metabolic:Glyoxylate and dicarboxylate metabolism
398525.3.peg.7845,"Metabolic:Glycine, serine, alanine, and threonine metabolism"
g.32186.CDS.7848,Metabolic:Glycerophospholipid metabolism
g.32186.CDS.7858,Metabolic:Pentose and glucuronate interconversions
g.32186.CDS.7864,Metabolic:Citric acid cycle
g.32186.CDS.7870,Metabolic:Fatty acid synthesis
g.32186.CDS.7871,Metabolic:Nucleotide interconversion
g.32186.CDS.7873,Metabolic:Nucleotide interconversion
g.32186.CDS.7880,"Metabolic:Valine, leucine, and isoleucine metabolism"
g.32186.CDS.7889,Metabolic:Nucleotide interconversion
g.32186.CDS.7896,Metabolic:Terpenoid backbone biosynthesis
g.32186.CDS.7909,Metabolic:Inositol phosphate metabolism
g.32186.CDS.7913,Metabolic:Alanine and aspartate metabolism
g.32186.CDS.7919,Metabolic:Exchange/demand reaction
g.32186.CDS.7925,Metabolic:Galactose metabolism
g.32186.CDS.7932,"Metabolic:Transport, extracellular"
g.32186.CDS.7933,"Metabolic:Transport, extracellular"
g.32186.CDS.7934,Metabolic:Glutathione metabolism
g.32186.CDS.7936,Metabolic:Nucleotide interconversion
g.32186.CDS.7938,"Metabolic:Transport, extracellular"
g.32186.CDS.7940,Metabolic:Methionine and cysteine metabolism
g.32186.CDS.7944,Metabolic:Respiration
g.32186.CDS.7946,Metabolic:Galactose metabolism
g.32186.CDS.7954,"Metabolic:Valine, leucine, and isoleucine metabolism"
g.32186.CDS.7960,"Metabolic:Valine, leucine, and isoleucine metabolism"
398525.3.peg.7968,Metabolic:Histidine metabolism
g.32186.CDS.7977,Metabolic:Pentose phosphate pathway
g.32186.CDS.7993,"Metabolic:Transport, extracellular"
g.32186.CDS.8002,Metabolic:Nucleotide interconversion
g.32186.CDS.8005,Metabolic:Pyruvate metabolism
g.32186.CDS.8008,"Metabolic:Transport, extracellular"
g.32186.CDS.8015,Metabolic:Pyruvate metabolism
g.32186.CDS.8018,Metabolic:Propanoate metabolism
g.32186.CDS.8019,Metabolic:Pyruvate metabolism
g.32186.CDS.8021,Metabolic:Oxidative phosphorylation
g.32186.CDS.8028,"Metabolic:Transport, extracellular"
g.32186.CDS.8036,Metabolic:Propanoate metabolism
g.32186.CDS.8037,Metabolic:Biotin metabolism
g.32186.CDS.8043,"Metabolic:Valine, leucine, and isoleucine metabolism"
g.32186.CDS.8047,Metabolic:Pyruvate metabolism
g.32186.CDS.8051,Metabolic:ROS detoxification
g.32186.CDS.8056,"Metabolic:Valine, leucine, and isoleucine metabolism"
g.32186.CDS.8059,Metabolic:Exchange/demand reaction
g.32186.CDS.8066,Metabolic:Ascorbate and aldarate metabolism
g.32186.CDS.8073,Metabolic:Tyrosine metabolism
g.32186.CDS.8077,Metabolic:Oxidative phosphorylation
g.32186.CDS.8082,"Metabolic:Transport, extracellular"
g.32186.CDS.8083,Metabolic:Nucleotide interconversion
g.32186.CDS.8084,"Metabolic:Transport, extracellular"
g.32186.CDS.8091,Metabolic:Fatty acid synthesis
g.32186.CDS.8095,"Metabolic:Valine, leucine, and isoleucine metabolism"
g.32186.CDS.8099,Metabolic:Ascorbate and aldarate metabolism
g.32186.CDS.8114,Metabolic:Propanoate metabolism
g.32186.CDS.8128,Metabolic:Vitamin B12 metabolism
g.32186.CDS.8133,"Metabolic:Glycine, serine, alanine, and threonine metabolism"
398525.3.peg.8142,Metabolic:Methionine and cysteine metabolism
g.32186.CDS.8143,"Metabolic:Transport, extracellular"
g.32186.CDS.8152,Metabolic:Aminosugar metabolism
398525.3.peg.8155,"Metabolic:Glycine, serine, alanine, and threonine metabolism"
g.32186.CDS.8158,Metabolic:Fatty acid synthesis
g.32186.CDS.8167,Metabolic:Pentose and glucuronate interconversions
g.32186.CDS.8168,Metabolic:Pyrimidine catabolism
g.32186.CDS.8186,Metabolic:Fatty acid synthesis
g.32186.CDS.8193,Metabolic:Glutathione metabolism
g.32186.CDS.8197,"Metabolic:Valine, leucine, and isoleucine metabolism"
398525.3.peg.8200,Metabolic:Tryptophan metabolism
g.32186.CDS.8201,Metabolic:Exchange/demand reaction
398525.3.peg.8207,Metabolic:Folate metabolism
g.32186.CDS.8208,"Metabolic:Transport, extracellular"
g.32186.CDS.8209,Metabolic:Nucleotide salvage pathway
g.32186.CDS.8212,"Metabolic:Valine, leucine, and isoleucine metabolism"
g.32186.CDS.8222,"Metabolic:Transport, extracellular"
g.32186.CDS.8236,Metabolic:Fatty acid synthesis
g.32186.CDS.8244,"Metabolic:Transport, extracellular"
g.32186.CDS.8252,Metabolic:Nucleotide interconversion
g.32186.CDS.8254,Metabolic:Oxidative phosphorylation
398525.3.peg.8257,Metabolic:Pentose phosphate pathway
g.32186.CDS.8259,"Metabolic:Transport, extracellular"
g.32186.CDS.8260,Metabolic:Arginine and proline metabolism
g.32186.CDS.8264,"Metabolic:Valine, leucine, and isoleucine metabolism"
g.32186.CDS.8269,Metabolic:Fatty acid synthesis
g.32186.CDS.8271,Metabolic:Ascorbate and aldarate metabolism
398525.3.peg.8273,"Metabolic:Glycine, serine, alanine, and threonine metabolism"
g.32186.CDS.8295,"Metabolic:Transport, extracellular"
g.32186.CDS.8299,Metabolic:Pentose and glucuronate interconversions
g.32186.CDS.8309,"Metabolic:Transport, extracellular"
398525.3.peg.8309,Metabolic:Methionine and cysteine metabolism
g.32186.CDS.8311,"Metabolic:Transport, extracellular"
g.32186.CDS.8323,Metabolic:Cell wall biosynthesis
398525.3.peg.8323,"Metabolic:Valine, leucine, and isoleucine metabolism"
398525.3.peg.8324,"Metabolic:Valine, leucine, and isoleucine metabolism"
398525.3.peg.8325,"Metabolic:Valine, leucine, and isoleucine metabolism"
g.32186.CDS.8330,"Metabolic:Transport, extracellular"
g.32186.CDS.8331,"Metabolic:Valine, leucine, and isoleucine metabolism"
398525.3.peg.8335,"Metabolic:Glycine, serine, alanine, and threonine metabolism"
g.32186.CDS.8343,Metabolic:Starch and sucrose metabolism
g.32186.CDS.8346,Metabolic:Fatty acid synthesis
g.32186.CDS.8351,"Metabolic:Transport, extracellular"
g.32186.CDS.8356,Metabolic:Fatty acid synthesis
g.32186.CDS.8358,Metabolic:Nucleotide interconversion
g.32186.CDS.8362,Metabolic:Methionine and cysteine metabolism
g.32186.CDS.8365,Metabolic:Methionine and cysteine metabolism
398525.3.peg.8376,Metabolic:Pentose phosphate pathway
g.32186.CDS.8377,Metabolic:Fatty acid synthesis
g.32186.CDS.8379,"Metabolic:Transport, extracellular"
g.32186.CDS.8380,Metabolic:Pyruvate metabolism
g.32186.CDS.8382,Metabolic:Galactose metabolism
g.32186.CDS.8384,Metabolic:Methionine and cysteine metabolism
g.32186.CDS.8388,"Metabolic:Transport, extracellular"
g.32186.CDS.8396,"Metabolic:Valine, leucine, and isoleucine metabolism"
398525.3.peg.8400,Metabolic:Methionine and cysteine metabolism
398525.3.peg.8409,Metabolic:Citric acid cycle
g.32186.CDS.8413,Metabolic:Glycolysis/gluconeogenesis
398525.3.peg.8417,Metabolic:Methionine and cysteine metabolism
398525.3.peg.8418,Metabolic:Methionine and cysteine metabolism
g.32186.CDS.8420,Metabolic:Fatty acid synthesis
g.32186.CDS.8421,"Metabolic:Transport, extracellular"
g.32186.CDS.8429,"Metabolic:Transport, extracellular"
g.32186.CDS.8435,Metabolic:Ascorbate and aldarate metabolism
g.32186.CDS.8443,Metabolic:Fatty acid synthesis
g.32186.CDS.8444,"Metabolic:Transport, extracellular"
g.32186.CDS.8467,Metabolic:Methane metabolism
398525.3.peg.8471,Metabolic:Alanine and aspartate metabolism
g.32186.CDS.8479,"Metabolic:Transport, extracellular"
g.32186.CDS.8490,"Metabolic:Transport, extracellular"
g.32186.CDS.8503,"Metabolic:Transport, extracellular"
g.32186.CDS.8504,"Metabolic:Transport, extracellular"
g.32186.CDS.8509,"Metabolic:Transport, extracellular"
g.32186.CDS.8520,Metabolic:Fatty acid synthesis
g.32186.CDS.8521,Metabolic:Exchange/demand reaction
g.32186.CDS.8522,Metabolic:Citric acid cycle
g.32186.CDS.8528,"Metabolic:Glycine, serine, alanine, and threonine metabolism"
g.32186.CDS.8531,"Metabolic:Transport, extracellular"
g.32186.CDS.8533,Metabolic:Pyrimidine catabolism
g.32186.CDS.8546,"Metabolic:Transport, extracellular"
g.32186.CDS.8550,Metabolic:Oxidative phosphorylation
g.32186.CDS.8558,Metabolic:Pyrimidine catabolism
g.32186.CDS.8562,"Metabolic:Transport, extracellular"
g.32186.CDS.8580,"Metabolic:Transport, extracellular"
g.32186.CDS.8582,"Metabolic:Transport, extracellular"
g.32186.CDS.8588,Metabolic:Terpenoid backbone biosynthesis
g.32186.CDS.8592,Metabolic:Benzoate degradation
g.32186.CDS.8593,"Metabolic:Transport, extracellular"
g.32186.CDS.8597,"Metabolic:Transport, extracellular"
g.32186.CDS.8599,"Metabolic:Transport, extracellular"
g.32186.CDS.8602,Metabolic:Fatty acid synthesis
g.32186.CDS.8603,Metabolic:Butanoate metabolism
g.32186.CDS.8605,Metabolic:Sulfur metabolism
g.32186.CDS.8606,"Metabolic:Valine, leucine, and isoleucine metabolism"
g.32186.CDS.8612,Metabolic:Glycerophospholipid metabolism
g.32186.CDS.8641,"Metabolic:Transport, extracellular"
g.32186.CDS.8650,Metabolic:Glutamate metabolism
g.32186.CDS.8655,Metabolic:Sulfur metabolism
g.32186.CDS.8658,Metabolic:Fatty acid synthesis
g.32186.CDS.8661,Metabolic:Others
g.32186.CDS.8666,Metabolic:Glyoxylate and dicarboxylate metabolism
g.32186.CDS.8672,"Metabolic:Valine, leucine, and isoleucine metabolism"
g.32186.CDS.8676,Metabolic:Fatty acid synthesis
g.32186.CDS.8687,Metabolic:Exchange/demand reaction
g.32186.CDS.8689,"Metabolic:Transport, extracellular"
g.32186.CDS.8693,Metabolic:Nucleotide interconversion
g.32186.CDS.8698,"Metabolic:Transport, extracellular"
g.32186.CDS.8706,"Metabolic:Transport, extracellular"
g.32186.CDS.8709,Metabolic:Heme synthesis
g.32186.CDS.8714,Metabolic:Pentose and glucuronate interconversions
g.32186.CDS.8719,"Metabolic:Valine, leucine, and isoleucine metabolism"
398525.3.peg.8723,Metabolic:Nucleotide interconversion
g.32186.CDS.8724,"Metabolic:Transport, extracellular"
g.32186.CDS.8735,Metabolic:Galactose metabolism
g.32186.CDS.8742,"Metabolic:Transport, extracellular"
398525.3.peg.8744,"Metabolic:Glycine, serine, alanine, and threonine metabolism"
g.32186.CDS.8749,"Metabolic:Transport, extracellular"
g.32186.CDS.8752,"Metabolic:Valine, leucine, and isoleucine metabolism"
g.32186.CDS.8753,"Metabolic:Transport, extracellular"
g.32186.CDS.8755,Metabolic:Naphthalene degradation
g.32186.CDS.8758,Metabolic:Fatty acid synthesis
398525.3.peg.8762,"Metabolic:Glycine, serine, alanine, and threonine metabolism"
398525.3.peg.8763,"Metabolic:Glycine, serine, alanine, and threonine metabolism"
g.32186.CDS.8768,Metabolic:Oxidative phosphorylation
398525.3.peg.8769,Metabolic:Cell wall biosynthesis
g.32186.CDS.8770,Metabolic:Aminosugar metabolism
g.32186.CDS.8773,"Metabolic:Transport, extracellular"
g.32186.CDS.8776,Metabolic:Glutathione metabolism
398525.3.peg.8781,Metabolic:Alanine and aspartate metabolism
g.32186.CDS.8788,"Metabolic:Transport, extracellular"
g.32186.CDS.8793,Metabolic:Others
g.32186.CDS.8796,Metabolic:Vitamin B12 metabolism
g.32186.CDS.8807,Metabolic:Fructose and mannose metabolism
398525.3.peg.8815,Metabolic:Methionine and cysteine metabolism
g.32186.CDS.8816,"Metabolic:Transport, extracellular"
g.32186.CDS.8834,"Metabolic:Transport, extracellular"
g.32186.CDS.8841,Metabolic:Starch and sucrose metabolism
g.32186.CDS.8842,"Metabolic:Transport, extracellular"
g.32186.CDS.8845,"Metabolic:Transport, extracellular"
g.32186.CDS.8850,Metabolic:Fatty acid synthesis
g.32186.CDS.8853,Metabolic:Heme synthesis
g.32186.CDS.8854,"Metabolic:Transport, extracellular"
398525.3.peg.8855,Metabolic:Nucleotide interconversion
g.32186.CDS.8864,"Metabolic:Transport, extracellular"
g.32186.CDS.8877,Metabolic:Aminosugar metabolism
g.32186.CDS.8879,Metabolic:Phenylalanine metabolism
g.32186.CDS.8890,Metabolic:Galactose metabolism
g.32186.CDS.8903,Metabolic:Methionine and cysteine metabolism
g.32186.CDS.8908,"Metabolic:Valine, leucine, and isoleucine metabolism"
g.32186.CDS.8915,"Metabolic:Transport, extracellular"
398525.3.peg.8916,"Metabolic:Glycine, serine, alanine, and threonine metabolism"
g.32186.CDS.8917,"Metabolic:Transport, extracellular"
g.32186.CDS.8924,Metabolic:Methionine and cysteine metabolism
g.32186.CDS.8927,Metabolic:Alanine and aspartate metabolism
g.32186.CDS.8952,Metabolic:Glyoxylate and dicarboxylate metabolism
398525.3.peg.8956,Metabolic:Methionine and cysteine metabolism
g.32186.CDS.8985,Metabolic:Propanoate metabolism
398525.3.peg.9030,Metabolic:Arginine and proline metabolism
g.32186.CDS.9125,Metabolic:Fatty acid synthesis
g.32186.CDS.9137,Metabolic:Sulfur metabolism
g.32186.CDS.9175,Metabolic:Methionine and cysteine metabolism
g.32186.CDS.9210,tRNA-Charging
BRAEL_RS0100220,tRNA-Charging
BRAEL_RS0101935,tRNA-Charging
BRAEL_RS0102085,Translation
BRAEL_RS0102090,Translation
BRAEL_RS0102100,tRNA-Charging
BRAEL_RS0102105,tRNA-Charging
BRAEL_RS0102110,Translation
BRAEL_RS52525,tRNA-Charging
BRAEL_RS0103495,tRNA-Charging
BRAEL_RS0103560,tRNA-Charging
BRAEL_RS0104180,tRNA-Charging
BRAEL_RS0105255,tRNA-Charging
BRAEL_RS0106250,tRNA-Charging
BRAEL_RS0107070,tRNA-Charging
BRAEL_RS0107220,tRNA-Charging
BRAEL_RS0107535,tRNA-Charging
BRAEL_RS0107925,tRNA-Charging
BRAEL_RS0108075,tRNA-Charging
BRAEL_RS0108145,tRNA-Charging
BRAEL_RS0108920,tRNA-Charging
BRAEL_RS0109400,tRNA-Charging
BRAEL_RS0110290,tRNA-Charging
BRAEL_RS0112460,tRNA-Charging
BRAEL_RS0113070,tRNA-Charging
BRAEL_RS0114665,tRNA-Charging
BRAEL_RS52965,tRNA-Charging
BRAEL_RS0118850,tRNA-Charging
BRAEL_RS0124125,tRNA-Charging
BRAEL_RS0126510,tRNA-Charging
BRAEL_RS0126595,tRNA-Charging
BRAEL_RS0127130,tRNA-Charging
BRAEL_RS0127670,tRNA-Charging
BRAEL_RS0128025,tRNA-Charging
BRAEL_RS0128045,tRNA-Charging
BRAEL_RS0128195,tRNA-Charging
BRAEL_RS0129270,tRNA-Charging
BRAEL_RS0129305,tRNA-Charging
BRAEL_RS0129345,tRNA-Charging
BRAEL_RS0129665,tRNA-Charging
BRAEL_RS0129985,tRNA-Charging
BRAEL_RS0130635,tRNA-Charging
BRAEL_RS0130840,tRNA-Charging
BRAEL_RS0131490,tRNA-Charging
BRAEL_RS0131850,tRNA-Charging
BRAEL_RS0132100,tRNA-Charging
BRAEL_RS0132135,tRNA-Charging
BRAEL_RS0132745,tRNA-Charging
BRAEL_RS0134360,tRNA-Charging
BRAEL_RS0136925,tRNA-Charging
BRAEL_RS0138650,tRNA-Charging
BRAEL_RS0139625,tRNA-Charging
BRAEL_RS53540,tRNA-Charging
BRAEL_RS0140560,tRNA-Charging
BRAEL_RS0143420,tRNA-Charging
