,base,low_iron,low_zinc,mid_zinc,high_FA,high_carbs,high_prot,micro_oxygen
Abiotrophia_defectiva_ATCC_49176,0.0352926581397605,0.0035413287342386,,,0.0352926581397605,0.2242991195301726,0.0721939132686544,0.0352926581397605
Acidaminococcus_fermentans_DSM_20731,0.1190937945807326,0.0133039195270621,,,0.1190937945807326,0.2880983138176357,0.2593103904415134,0.1234164383849343
Acidaminococcus_intestini_RyC_MR95,0.0263197554011255,0.0002626513676809,,,0.0263197554011255,0.1797133131870517,0.0824719167714841,0.0264055115088344
Acidaminococcus_sp_D21,0.0690758747899262,0.00740128773155,,,0.0690758747899262,0.1395131277897311,0.1194193998021899,0.0692118786169957
Acinetobacter_calcoaceticus_PHEA_2,0.229390218455797,0.2267204279722893,,0.1116761721029881,0.2409706428444557,0.3715932741553035,0.3205127825924163,0.2564489503163204
Acinetobacter_haemolyticus_NIPH_261,0.1068614897795681,0.0010680278901003,,,0.1156039229787354,0.1704375841930697,0.2189581219469278,0.1271789876106622
Acinetobacter_johnsonii_SH046,0.1322660667187378,0.0148202941044978,,,0.1479393353417219,0.2066206319199015,0.2449107340119247,0.1604222087700984
Acinetobacter_junii_SH205,0.1416932088403933,0.0173181549501274,,,0.1416932088403933,0.212373660801904,0.2584246906415823,0.1560439574898043
Acinetobacter_lwoffii_WJ10621,0.0104622451404856,0.0010778973264855,,,0.0104622451404856,0.0104622451404856,0.0104622451404856,0.0104702847755833
Acinetobacter_pittii_ANC_4052,0.2152726192242196,0.2152717980243477,,,0.2338971038976545,0.2970799261609599,0.3099051540505805,0.2434843687516728
Actinobacillus_pleuropneumoniae_L20,0.3493764125323754,0.0446116510646675,,0.1997715145702708,0.3493764125323754,0.8447525984391506,0.519556058432727,0.3788691439187303
Actinomyces_cardiffensis_F0333,0.2348109424204275,0.029747281638269,,,0.2348109424204275,0.6234656621922527,0.3160996928933655,0.2654473118994315
Actinomyces_graevenitzii_C83,0.1039437722086911,0.0194696315879484,,,0.1039437722086911,0.1039437722086911,0.1549639665083453,0.1200866895152997
Actinomyces_odontolyticus_ATCC_17982,0.0704928604758974,0.0101593790770698,,,0.0704928604758974,0.1615691967107049,0.1441004095825657,0.0941729356866085
Actinomyces_turicensis_ACS_279_V_Col4,0.2506188749312982,0.1437771682054253,,0.0048509222847038,0.2506188749312982,1.0533509805930883,0.3935300884889946,0.2799990514262851
Actinomyces_urogenitalis_DSM_15434,0.292237385953773,0.2922329267651445,,0.0230211186929259,0.292237385953773,1.273048078999414,0.4624029624927035,0.3187842610464089
Actinomyces_viscosus_C505,0.2272329163712451,0.2094344030661503,,,0.2272329163712451,0.4576361288493534,0.3960799927541513,0.2571329892692171
Adlercreutzia_equolifaciens_DSM_19450,0.0216627967707775,0.0021730228572249,,,0.0216627967707775,0.0216627967707775,0.0311576058211721,0.0276241861957289
Aerococcus_viridans_ATCC_11563,0.1782420599641709,0.0207565130787897,,,0.1782420599641709,0.3835060034613341,0.2712197698995867,0.1853946553227662
Aeromonas_caviae_Ae398,0.4525081815961979,0.0045251853868653,,0.122252505077731,0.4525081815961979,0.4576334489709875,0.4576334489709875,0.4576334489709875
Aeromonas_hydrophila_subsp_hydrophila_ATCC_7966,0.5188546002704518,0.0051926233055478,,0.1581736197685743,0.5188546002704518,1.4054890077815272,0.6634226486278676,0.536269789831273
Aeromonas_veronii_B565,0.4576334489709875,0.0045755663671606,,0.1076872899369214,0.4576334489709875,0.4576334489709875,0.4576334489709875,0.4576334489709875
Afipia_birgiae_34632,0.148791536662079,0.0170096770122115,,,0.148791536662079,0.4819613847766557,0.2440752819313544,0.1793823482088627
Akkermansia_muciniphila_ATCC_BAA_835,0.1222399717823028,0.001221728233603,,,0.147659288052485,0.3629546862428149,0.2245208794649511,0.1398099243187549
Alcaligenes_faecalis_subsp_faecalis_NBRC_13111,0.2185708795230548,0.0260186375958386,,,0.2185748993406037,0.3180613638572066,0.4088656924378748,0.2386076600953207
Alistipes_finegoldii_DSM_17242,0.2237812330359619,0.2201591635940842,,,0.2237812330359619,0.4576334489709875,0.3923207933763807,0.254593804517524
Alistipes_indistinctus_YIT_12060,0.142211095334604,0.1082928507300911,,,0.142211095334604,0.4721711191364203,0.2210544567986555,0.1610077621930482
Alistipes_onderdonkii_DSM_19147,0.1303412440824279,0.0614146796667988,,,0.1303412440824279,0.3856143977657082,0.2999145675024938,0.1576478646917972
Alistipes_shahii_WAL_8301,0.1808154131650294,0.0252292074864856,,,0.1808154131650294,0.2640169268216307,0.3178958813681121,0.2106424593775306
Anaerobaculum_hydrogeniformans_OS1_ATCC_BAA_1850,0.129341649451946,0.0146440893391943,,,0.129341649451946,0.5276164625877718,0.2096783731353969,0.129699413213794
Anaerococcus_hydrogenalis_DSM_7454,0.1135598457551428,0.0125973522741682,,,0.1135598457551428,0.319375844195682,0.2278345490643903,0.1137340378489265
Anaerococcus_prevotii_DSM_20548,0.2029860468861455,0.023968620663886,,0.1452256511440146,0.2029900667036943,0.3624769979240926,0.4094773746748923,0.2171894022254318
Anaerofustis_stercorihominis_DSM_17244,0.0550507313619724,0.0059380807068845,0.0077595520486818,,0.0551371574392728,0.3100605869958028,0.1503003081820825,0.0563055844068065
Anaerostipes_caccae_DSM_14662,0.0027441954466847,0.0002880869243345,,,0.0027441954466847,0.0027441954466847,0.0027441954466847,0.0027441954466847
Anaerostipes_sp_3_2_56FAA,0.0024011710158491,0.000305422387514,,,0.0024011710158491,0.0024011710158491,0.0024011710158491,0.0024011710158491
Anaerotruncus_colihominis_DSM_17241,0.1637412381262694,0.1636275566941596,0.1636275566941596,0.1636375506662132,0.1637412381262694,0.3912615714522575,0.2051714876935395,0.1637412381262694
Arcanobacterium_haemolyticum_DSM_20595,0.0429303114825843,0.0084614690158163,,,0.0429303114825843,0.0429303114825843,0.1161532980437455,0.0631479838445485
Arcobacter_butzleri_RM4018,0.0032305933700961,0.0003722754078821,,,0.0032305933700961,0.0032305933700961,0.0409760101842495,0.0278868142755874
Atopobium_minutum_10063974,0.3333507399042751,0.0422951213248677,,0.0430040562518416,0.3333507399042751,0.3513849813676197,0.422466075144833,0.3444655354268581
Atopobium_parvulum_DSM_20469,0.0425591483289067,0.0044224212664772,,,0.0425591483289067,0.0425591483289067,0.204216111056095,0.0451452309520032
Atopobium_rimae_ATCC_49626,0.2913959041468794,0.2672333340768388,,0.0194722280536383,0.2913959041468794,0.3586159631684178,0.3740212439548116,0.3099500420132094
Bacillus_atrophaeus_ATCC_49822_1,0.5314419889550986,0.0053155551721201,,0.1435478648888984,0.5314419889550986,1.462536918495689,0.6553535348681336,0.554202865886305
Bacillus_cereus_AH187_F4810_72,0.449563665241662,0.0048230003862606,,0.1172210709702709,0.4822889999068873,0.45160573255648,0.5787110235120801,0.4509109740901197
Bacillus_cereus_G9842,0.4489338938256747,0.0048405149614696,,0.159944173739608,0.4841327562226286,0.4509069542725709,0.5836038114386277,0.4501706576915389
Bacillus_clausii_KSM_K16,0.3658556545739049,0.003660035912018,,0.1694844351334676,0.3658556545739049,1.4558285129762418,0.4930567511810859,0.4210711984553804
Bacillus_endophyticus_2102,0.375351133593891,0.0486628861477736,,0.1736040516549092,0.375351133593891,1.0214383190423235,0.5028195480680708,0.4050743345197135
Bacillus_fordii_DSM_16014,0.2456034825695106,0.029860970292875,,,0.2490652154486659,0.5152555236250441,0.3728588467136012,0.265943759366715
Bacillus_halodurans_C_125,0.5220731341879016,0.0052198550594577,,0.130354976368465,0.5379755324111702,1.4599293968456653,0.6396434179176181,0.5472405418916886
Bacillus_mojavensis_RO_H_1,0.4145738333572485,0.0041505776429981,,0.0996344225896454,0.4145738333572485,1.5145687668784715,0.5482414764613537,0.4358989654539221
Bacillus_mycoides_DSM_2048,0.4116494160904567,0.0041205141747335,,0.0814712333893015,0.4116494160904567,1.4380877181939635,0.5828628250704553,0.4470660186046402
Bacillus_pseudofirmus_OF4,0.4138542860160035,0.0041378482194822,,0.0769993404077855,0.4258279825548584,1.4421390243136176,0.5380458792182752,0.4415695880761731
Bacillus_pumilus_ATCC_7061,0.3701247008107885,0.0037055674639813,,0.0918901663901052,0.3773536727028121,1.6025123253035385,0.5050572465036,0.4004669536391346
Bacillus_sonorensis_L12,0.6555551957151678,0.0065550768156752,,0.1815821922488135,0.6681660333355162,1.462349996979667,0.8656797685984876,0.6729636855800741
Bacillus_vallismortis_DV1_F_3,0.4913945566246346,0.0668435611521829,,0.1547848614660871,0.4965111143947349,1.823264625816438,0.5841109784193746,0.5133327108975086
Bacteroides_caccae_ATCC_43185,0.4299121171844947,0.1607947479153807,,0.0435079708589403,0.4299121171844947,1.2094224068361432,0.5397375524367517,0.4488461278091914
Bacteroides_clarus_YIT_12056,0.2346963776202851,0.1206634685278851,,,0.2346963776202851,1.348227376767685,0.4319950526443928,0.2549100301647005
Bacteroides_coprocola_M16_DSM_17136,0.0511628978226385,0.0062439095578836,,,0.0511628978226385,0.5805072119868266,0.1213408725905424,0.0706683925088641
Bacteroides_coprophilus_DSM_18228,0.1624569064194103,0.0322541509685693,,,0.1624569064194103,1.0632109230708375,0.253637757910488,0.18295395610102
Bacteroides_dorei_DSM_17855,0.1254618555477099,0.0849503648224159,,,0.1254618555477099,0.8143540681651203,0.2363150241532906,0.1447703791740415
Bacteroides_eggerthii_1_2_48FAA,0.3297107951137872,0.1354580799978628,,,0.3297107951137872,1.0422026865909313,0.45255909928515,0.3496095619502091
Bacteroides_eggerthii_DSM_20697,0.3141152429634143,0.1297991276594063,0.3138971606337811,0.3139271169977418,0.3141152429634143,0.854968294769973,0.4355592908710439,0.3318546978065096
Bacteroides_faecis_MAJ27,0.2657668873945653,0.1643311330592059,,,0.2657668873945653,0.4576334489709875,0.4576334489709875,0.2837763399830255
Bacteroides_finegoldii_DSM_17565,0.1160729016927684,0.0778979242286886,,,0.1160729016927684,0.6810589281538759,0.189879431768105,0.135010932135014
Bacteroides_fluxus_YIT_12057,0.3825037289524863,0.1934982042388253,,,0.3825037289524863,0.4576334489709875,0.4576334489709875,0.4023140598028333
Bacteroides_fragilis_3_1_12,0.4004227356460973,0.0704097213730119,,0.0032749418076524,0.4004227356460973,1.1155690466446688,0.5465022354018825,0.4187068757670624
Bacteroides_fragilis_638R,0.4161770705896499,0.120316266567886,,0.0176666963253846,0.4161770705896499,1.0930962566377969,0.5819764553009329,0.4350085758668508
Bacteroides_fragilis_NCTC_9343,0.4292059692350792,0.1065492668572103,,0.0182394199267531,0.4308815631833601,1.090411018515162,0.6063218103159794,0.4482840233219431
Bacteroides_fragilis_YCH46,0.2280509492424369,0.0546290797288352,,,0.2284073730651021,0.7388297360572399,0.3089705464704718,0.2485607283462847
Bacteroides_intestinalis_341_DSM_17393,0.1879847577634115,0.0350800566292889,,,0.1879847577634115,1.3188271011849535,0.301888967888573,0.2077113424148241
Bacteroides_nordii_CL02T12C05,0.2579014443906399,0.031160402100314,,,0.2579014443906399,0.4576334489709875,0.4576334489709875,0.2762934496158327
Bacteroides_oleiciplenus_YIT_12058,0.1772893632050924,0.1046494453211455,,,0.1772893632050924,0.4576334489709875,0.4037645439683783,0.196918802265741
Bacteroides_ovatus_ATCC_8483,0.2765306188512151,0.1071869447585349,,,0.2765306188512151,1.1024148636856337,0.4091243007001846,0.2957587461265697
Bacteroides_ovatus_SD_CC_2a,0.2076269262462981,0.0437068049280146,,,0.2076269262462981,1.052411013256248,0.327809421413179,0.2259311654550077
Bacteroides_ovatus_SD_CMC_3f,0.2078728050863698,0.0398611075061097,,,0.2078728050863698,1.0984426139777734,0.3354490846647772,0.2257824322057
Bacteroides_plebeius_M12_DSM_17135,0.090371528224575,0.0105993767043792,,,0.090371528224575,0.6568281379389717,0.1560694163342804,0.1060977244452857
Bacteroides_salyersiae_WAL_10018,0.2578940747251336,0.0291112654311806,,,0.2578940747251336,1.042041223919386,0.4438809831667645,0.2762646409233993
Bacteroides_sp_1_1_14,0.1270972513205022,0.0329127113671912,,,0.1270972513205022,0.27572933521981,0.2187129130764477,0.1431758515463292
Bacteroides_sp_1_1_30,0.2682585043052637,0.0376911057684763,,,0.2682585043052637,0.3958991009644529,0.4637817599119607,0.2935069783296196
Bacteroides_sp_1_1_6,0.1151114953290007,0.018173234350914,,,0.1151114953290007,0.1938610610502455,0.1892871786492405,0.1308932990258039
Bacteroides_sp_20_3,0.0701042781128415,0.0104569148359997,,,0.0701042781128415,0.1942684025618628,0.1282569686833468,0.082006957875
Bacteroides_sp_2_1_22,0.096632394056916,0.0127971275027461,,,0.096632394056916,0.1716314700050795,0.1606674176405785,0.1125783403036308
Bacteroides_sp_2_1_33B,0.0632290501651171,0.0064274891998292,,,0.0632290501651171,0.1311237685652715,0.1206494639721394,0.0749937161914316
Bacteroides_sp_2_1_7,0.0730561641328837,0.0180622715369432,,,0.0730561641328837,0.2771536905712876,0.1335658077262007,0.0854365322137644
Bacteroides_sp_2_2_4,0.1171381533432149,0.0154903840019069,,,0.1171381533432149,0.1968987031779966,0.196475282396184,0.1338659541031819
Bacteroides_sp_3_1_19,0.0610958669858583,0.0061938620033881,,,0.0610958669858583,0.1296940534570623,0.1098817126979408,0.0729697380555833
Bacteroides_sp_3_1_23,0.1113415764377665,0.0234997052808713,,,0.1113415764377665,0.1876109147313681,0.1862790151835143,0.1269069799565231
Bacteroides_sp_3_1_33FAA,0.1026668101673383,0.017392073463101,,,0.1026668101673383,0.3799926829236351,0.2001386761223735,0.1211693603751246
Bacteroides_sp_3_1_40A,0.0761185951355194,0.0077418288555268,,,0.0761185951355194,0.2344659080808174,0.1714298091580453,0.0936845278544226
Bacteroides_sp_3_2_5,0.1010749624179918,0.0221841775424254,,,0.1010749624179918,0.1751401007556381,0.182830011726597,0.1170838858063053
Bacteroides_sp_4_1_36,0.0306022010298386,0.0041857624821697,,,0.0306022010298386,0.1706908326986475,0.095721235412509,0.0476629766767691
Bacteroides_sp_4_3_47FAA,0.0885049929427235,0.0090441579854952,,,0.0885049929427235,0.3256507793894441,0.1826451001193497,0.1067978426683778
Bacteroides_sp_9_1_42FAA,0.1839515408227274,0.0347470414997825,,,0.1839515408227274,0.4885947537018572,0.2885900714977789,0.2042636788970898
Bacteroides_sp_D1,0.0972253171453721,0.0128593299715589,,,0.0972253171453721,0.1728005669422047,0.1617896167063005,0.1133173167630286
Bacteroides_sp_D2,0.1081719503004947,0.0181142130824703,,,0.1081719503004947,0.1827496153756199,0.1808743704890792,0.1232817744970477
Bacteroides_sp_D20,0.0696219000069789,0.0093300527467543,,,0.0696219000069789,0.2137189597415873,0.1398186339234441,0.084300933756213
Bacteroides_sp_D22,0.1092264824374775,0.0144608089426997,,,0.1092264824374775,0.1849102673081292,0.1830685209011624,0.1245393074202477
Bacteroides_stercoris_ATCC_43183,0.3215606150334845,0.1328652878469539,,,0.3215606150334845,0.7376412100019619,0.4476535819363645,0.3399861187382511
Bacteroides_thetaiotaomicron_VPI_5482,0.216022315197081,0.0021616562888554,,,0.216119460787845,0.7206005334427756,0.3089899755886246,0.2364423183756709
Bacteroides_uniformis_ATCC_8492,0.2914186831129896,0.0536805167013551,,,0.2914186831129896,1.1030841633075177,0.4354413762229442,0.310378822551754
Bacteroides_ureolyticus_DSM_20703,0.0187377095343943,0.000186988251274,,,0.0187377095343943,0.0187377095343943,0.0965037598953527,0.0369856712974198
Bacteroides_vulgatus_ATCC_8482,0.3513400934049909,0.0446754264965639,,,0.3513400934049909,1.0878302956487973,0.4474338319103605,0.3716569212664937
Bacteroides_xylanisolvens_SD_CC_1b,0.1049105383291906,0.0139174227940976,,,0.1049105383291906,0.2495033755614911,0.1699900445059639,0.1216142201838645
Bartonella_quintana_Toulouse,0.0044593176008627,,0.0028727983669902,0.0028727983669902,0.0044593176008627,0.004459,0.0044593176008627,0.0012863416156334
Bifidobacterium_adolescentis_ATCC_15703,0.1199788244110721,0.001200044546531,,,0.1202220233727778,0.226597785198526,0.2797069446844017,0.1384585956527483
Bifidobacterium_angulatum_DSM_20098,0.1232790946186818,0.0559257373437609,,,0.1232790946186818,0.5880356602862399,0.2210115787448011,0.1293369596648057
Bifidobacterium_animalis_lactis_AD011,0.0523654932393375,0.0306797100588623,,,0.0523654932393375,0.3731281744893744,0.1378958211959086,0.0535774682303172
Bifidobacterium_animalis_lactis_BB_12,0.0660322029358517,0.0347163782998083,,,0.0660322029358517,0.1202247032511437,0.1594239540787995,0.0852717196942614
Bifidobacterium_animalis_lactis_Bi_07,0.0509732964282509,0.0175788493740066,,,0.0509732964282509,0.3323652146352143,0.1324603579002657,0.069924726262326
Bifidobacterium_animalis_lactis_Bl_04_ATCC_SD5219,0.0374412506196233,0.0161274576376548,,,0.0374412506196233,0.1201657459270939,0.1207064113874148,0.056389330605741
Bifidobacterium_animalis_lactis_CNCM_I_2494,0.0546889477825755,0.0140469216617446,,,0.0546889477825755,0.3333406903604029,0.1411049755390775,0.0747612367431895
Bifidobacterium_animalis_lactis_DSM_10140,0.0374412506196233,0.0161137462421642,,,0.0374412506196233,0.1201664158966853,0.1207084212961892,0.056389330605741
Bifidobacterium_animalis_lactis_V9,0.0374412506196233,0.0161331707191092,,,0.0374412506196233,0.1201570363224047,0.1207050714482319,0.056389330605741
Bifidobacterium_bifidum_BGN4,0.0391764718615455,0.0391764718615455,,,0.0391764718615455,0.1123672998823159,0.164402498113056,0.0518234878398336
Bifidobacterium_bifidum_NCIMB_41171,0.0325846410510154,0.0087895398635841,,,0.0325846410510154,0.258119854477461,0.1302313690694258,0.0332559505816742
Bifidobacterium_bifidum_PRL2010,0.077804908597264,0.0007805897125656,,,0.077804908597264,0.116759620524031,0.2016976953617376,0.0975288133703106
Bifidobacterium_bifidum_S17,0.0226731109147229,0.0002262605978123,,,0.0226731109147229,0.1171455230087211,0.1367997509442542,0.0349563334048397
Bifidobacterium_breve_HPH0326,0.0898663711526022,0.0775973912462536,,,0.0901263193540948,0.1226419535371883,0.2185420708306213,0.1186348654105717
Bifidobacterium_breve_UCC2003_NCIMB8807,0.1569725353435897,0.0015694618802473,,,0.1569725353435897,0.2995467541967737,0.2620230973173988,0.1765423471105969
Bifidobacterium_catenulatum_DSM_16992,0.0476817358253304,0.0442352578192789,,,0.0476817358253304,0.451719627387031,0.1799149740340859,0.0501224350470767
Bifidobacterium_dentium_ATCC_27678,0.1194709874607335,0.0012017701966619,,,0.1197858731687271,0.339446793217113,0.2581265541733757,0.1409756714079227
Bifidobacterium_gallicum_DSM_20093,0.1328951681651335,0.0149293129245567,,,0.1328951681651335,0.7983049466013186,0.2060089496828842,0.1340810143420456
Bifidobacterium_longum_DJO10A,0.0505619350990848,0.0005060915597401,,,0.05063697169333,0.2875643480532295,0.1966769432432182,0.0672924157374177
Bifidobacterium_longum_E18,0.15146136548411,0.0015143594319681,,,0.15146136548411,0.3336468664637073,0.252091468093362,0.1690989849493011
Bifidobacterium_longum_NCC2705,0.0602503653614159,0.0591719706078615,,,0.0602503653614159,0.7110125986191661,0.154750916178256,0.0662512829922643
Bifidobacterium_longum_infantis_157F_NC,0.0593170977204901,0.0561727557179116,,,0.0593170977204901,0.6396655269141369,0.1469611797381673,0.0652469985746422
Bifidobacterium_longum_infantis_ATCC_15697,0.1192478875867721,0.1092784177367977,,,0.1192478875867721,0.5610405755369066,0.2290069958494729,0.1256842854520798
Bifidobacterium_longum_longum_ATCC_55813,0.0459639337927866,0.0459632324388163,,,0.0459639337927866,0.3296129795534317,0.1371756038850722,0.0487885255904484
Bifidobacterium_longum_longum_BBMN68,0.1442323935920865,0.0014420818466371,,,0.1442323935920865,0.333199996746193,0.2508553741970892,0.1630203508458415
Bifidobacterium_longum_longum_CCUG_52486,0.0622120363252569,0.0620278759394064,,,0.0622120363252569,0.8357227482852401,0.1601622605686058,0.068637714677101
Bifidobacterium_longum_longum_JCM_1217,0.1443630376624242,0.0014461415744839,,,0.1443630376624242,0.3421481106099434,0.2427185935086159,0.1619611289217182
Bifidobacterium_longum_longum_JDM301,0.1504135330430419,0.0015038828663094,,,0.1504135330430419,0.3411786646110779,0.2524050138621726,0.167983485579494
Bifidobacterium_pseudocatenulatum_DSM_20438,0.0817644288828857,0.0782049514109181,,,0.0817644288828857,0.408074458350342,0.1973388731995963,0.0817644288828857
Bifidobacterium_thermophilum_RBL67,0.1126982648605049,0.0795161097282371,,,0.1127076444347856,0.4356644760969056,0.2249764587871547,0.1329675248810128
Bilophila_wadsworthia_3_1_6,0.1124999538614281,0.0291901468725075,,,0.1124999538614281,0.1124999538614281,0.2162380454055362,0.1238097105351306
Blautia_hansenii_VPI_C7_24_DSM_20583,0.1458088320408289,0.0166319873645205,,,0.1458088320408289,0.9061238229271056,0.2746975820489373,0.1458095020104204
Blautia_hydrogenotrophica_DSM_10507,0.1252380857041569,0.0141192870517755,,,0.1252380857041569,1.0000736587397523,0.2940201750366901,0.1253338913557379
Brachybacterium_paraconglomeratum_LC44,0.4632819625967198,0.4632722425543222,,0.1407630030816934,0.4632819625967198,1.943201242143248,0.6112628360531132,0.487676225391944
Brachyspira_pilosicoli_B2904,0.1372184819389266,0.0155092102102983,,,0.1372184819389266,0.1574441939359886,0.2573848978356121,0.1513829790419074
Bradyrhizobium_elkanii_USDA_76,0.2693123664726551,0.0026978083586013,,0.0850143520132519,0.2694590898131883,0.8386947333930266,0.4314409877922424,0.3018025418112726
Brevibacillus_agri_BAB_2500,0.2470646862485193,0.0299340114591187,,0.1172092650448784,0.2470646862485193,1.145745147014329,0.3475540952435614,0.2742654516624355
Brevibacillus_borstelensis_AK1,0.3109576762787889,0.0394669659664525,,0.1461860737199607,0.3109576762787889,0.6271913630904496,0.4523232699889506,0.3366871884698243
Brevibacillus_brevis_NBRC_100599,0.4530327677863235,0.0669463476505531,,0.1813451402850726,0.4545448891542842,1.4915204729925224,0.6155493014993751,0.481813991466531
Brevibacterium_casei_S18,0.2823044167905533,0.2823022629787797,0.0993731060637416,0.212532761290358,0.2823044167905533,0.8273327190911891,0.4039447657884853,0.3042204620669086
Brevibacterium_massiliense_5401308,0.0371551736040631,0.0059823820780956,,,0.0371551736040631,0.0544611581214737,0.0718106906623303,0.0574766912527062
Brevundimonas_diminuta_470_4,0.0592125824642199,0.0005918005602121,,,0.0804318593654404,0.0592125824642199,0.1806593102502155,0.083955899416603
Bulleidia_extructa_W1219,0.2199242180978359,0.0262111371842601,,,0.2199242180978359,0.3389644151112505,0.293410502708447,0.238999592306334
Burkholderiales_bacterium_1_1_47,0.004699166714611,0.0005965738993158,,,0.004699166714611,0.004699166714611,0.004699166714611,0.004699166714611
Butyricicoccus_pullicaecorum_1_2,0.3300826282370562,0.0420284193622454,,0.0408869860183699,0.3300826282370562,1.4005901901286562,0.5103205276142334,0.3435409773906215
Butyricimonas_synergistica_DSM_23225,0.3346538307596954,0.061462053992941,,,0.3457954250659374,0.350148887471347,0.5643736742544986,0.3486139871372761
Butyrivibrio_crossotus_DSM_2876,0.1111539849521533,0.0158566071368054,,,0.1111539849521533,0.2576662850640319,0.1529078298321062,0.1111539849521533
Butyrivibrio_fibrisolvens_16_4,0.1119438791005032,0.0617172282061742,,,0.1119438791005032,0.998894512258755,0.1974433884558665,0.1160782614495002
Campylobacter_coli_JV20,0.0706945213229316,0.0075844296176381,,,0.0706945213229316,0.1703712572035136,0.1868196806438352,0.0891682628382845
Campylobacter_concisus_13826,0.0081977479212975,0.0008214824540024,,,0.0082118172827185,0.0081977479212975,0.0201278964367065,0.0204380923575598
Campylobacter_curvus_525_92,0.0080979224521676,,,,0.0080979224521676,0.0080979224521676,0.0365528709413264,0.0251104602885118
Campylobacter_fetus_subsp_fetus_82_40,0.0022356885267546,,,,0.0022356885267546,0.0022356885267546,0.0463062882540307,0.0246970890505712
Campylobacter_gracilis_RM3268,0.0280596664301881,0.0028857750204386,,,0.0280596664301881,0.0280596664301881,0.0280596664301881,0.0321886890224533
Campylobacter_hominis_ATCC_BAA_381,0.0017224918196842,1.6984775971397423e-05,,,0.001739241059471,0.0017224918196842,0.0104736346235406,0.0118236233503643
Campylobacter_jejuni_jejuni_81_176,0.0722341114441429,0.0007217635281934,,,0.0722160222651731,0.0722341114441429,0.1409609320769103,0.0880708526474472
Campylobacter_jejuni_jejuni_M1,0.072246840866381,0.0007220715449139,,,0.072246840866381,0.072246840866381,0.140994430556484,0.0880909517351914
Campylobacter_jejuni_jejuni_NCTC_11168,0.0722984285249246,0.0007225871381198,,,0.0722984285249246,0.0722984285249246,0.141064777363589,0.0881485691200583
Campylobacter_lari_RM2100,0.0584608765825841,0.0105858645996936,,,0.0584608765825841,0.0584608765825841,0.1023237857365027,0.0748114844625502
Campylobacter_rectus_RM3267,0.0238368480951163,0.0024507550424941,,,0.0238368480951163,0.0238368480951163,0.0238368480951163,0.0238489075477629
Campylobacter_upsaliensis_JV21,0.0304454281454333,0.0031487901606711,,,0.0304454281454333,0.0304454281454333,0.109876352941209,0.0476194286533232
Capnocytophaga_granulosa_ATCC_51502,0.0535553592337985,0.0535520904740796,,,0.0535553592337985,0.0535553592337985,0.0842788247596943,0.0754459456656778
Capnocytophaga_ochracea_DSM_7271,0.0466640520158787,0.0048924057220627,0.0466092251725373,0.0466142094310229,0.0466640520158787,0.0466640520158787,0.0775878384496258,0.0618308236277072
Capnocytophaga_sputigena_ATCC_33612,0.1454577679748956,0.1454505545693488,0.1454128229095652,0.1454167070510136,0.1454577679748956,0.1592792406470408,0.1889267350090265,0.1658556621569669
Catenibacterium_mitsuokai_DSM_15897,0.1603532019021764,0.0230145601973247,,,0.1603532019021764,0.8948113863750371,0.3201329098340496,0.1603532019021764
Citrobacter_koseri_ATCC_BAA_895,0.5478522241287062,0.0054987171226147,0.246252183165576,0.1704237684553816,0.5494923096886387,1.5491887755483904,0.6559866561320783,0.5766019592381144
Citrobacter_sp_30_2,0.4759906157774237,0.3659328566877284,,0.2138302645916162,0.4761172400302126,1.7500135005324355,0.5776812802499818,0.4937789784006968
Citrobacter_youngae_ATCC_29220,0.4707353743018877,0.0646119637887684,,0.0216158945776328,0.4707742325381933,1.7536876137720885,0.5693441786536573,0.4882791980242722
Clostridiales_sp_1_7_47FAA,0.2931900827128516,0.0363054018972087,,,0.2931900827128516,0.674889848155567,0.3945745710821053,0.2937642466527463
Clostridium_beijerinckii_NCIMB_8052,0.6792252213820068,0.098113562948081,0.6782056476949729,0.6783170623545474,0.6792252213820068,1.7626216582744172,0.8474478861056575,0.7007620638695867
Clostridium_bolteae_ATCC_BAA_613,0.3306956504132565,0.0418339887962509,,0.0410102268191702,0.3306956504132565,0.6355344944130974,0.5018896302751025,0.3376519446815496
Clostridium_botulinum_A_str_ATCC_19397,0.2981632669903762,0.00298113221276,,0.0309083469346236,0.2981632669903762,0.3324677199827101,0.4962297271663152,0.310515496348415
Clostridium_botulinum_A_str_Hall,0.2965714192410297,0.0029652164071301,,0.0304735097834639,0.2965714192410297,0.3330807421589103,0.4961573704504357,0.3087641958362972
Clostridium_botulinum_Bf,0.330531507863345,0.0048033133667198,,0.0502276911983119,0.330531507863345,0.3314031383018549,0.6473540979459129,0.3307211092577327
Clostridium_botulinum_E1_str_BoNT_E_Beluga,0.4747317429150407,0.0522325527001459,,0.045433311333666,0.4747317429150407,1.869449649574412,0.5707269958904633,0.4897457614600127
Clostridium_botulinum_F_str_230613,0.3527885676617615,0.0051233904918225,,0.0561022697998034,0.3527885676617615,0.353811611227945,0.6496849221546571,0.3530465059544797
Clostridium_citroniae_WAL_17108,0.4591683493050585,0.0611794742756923,,0.0724019001713737,0.4624512003032898,1.6233463696896604,0.544758304555271,0.4751364045482921
Clostridium_clariflavum_DSM_19732,0.3707249935647508,0.0476841176338816,,,0.3707249935647508,0.9230097365106604,0.4410349523421755,0.3797159854823556
Clostridium_clostridioforme_CM201,0.5755286679525701,0.0797492641412473,,0.1715247511251963,0.5755286679525701,0.8207261489496465,0.661933306226017,0.5783787185947081
Clostridium_difficile_CD196,0.3440447945234113,0.0033591562331492,,,0.3441747686241576,0.3868484817532066,0.5974112147493517,0.3506949126883998
Clostridium_hathewayi_12489931,0.5694781725719524,0.0720998895226809,,0.1306071546641717,0.5694781725719524,0.5751186465625869,0.6963369147178893,0.5733030289696875
Clostridium_hylemonae_DSM_15053,0.0037732687391915,0.0003832226063241,,,0.0037732687391915,0.0037732687391915,0.0037732687391915,0.0037732687391915
Clostridium_innocuum_2959,0.4089085704917293,0.2255186671730509,,0.0094941025325695,0.4089085704917293,1.6183745253513189,0.6227353953375443,0.4221612389807115
Clostridium_leptum_DSM_753,0.0254889931076956,0.0026206182183784,,,0.0254889931076956,0.0949387109296653,0.0434783466084115,0.0319722888444066
Clostridium_perfringens_ATCC_13124,0.3402326675479141,0.0034017556062434,,,0.3402326675479141,0.3403713512533496,0.812290561823375,0.3402943047503299
Clostridium_saccharoperbutylacetonicum_N1_4_HMT,0.5751260162280931,0.0801042836113589,0.5750782982148905,0.5750826860781735,0.5751260162280931,1.522438229699946,0.7358597608582278,0.5906123633350556
Clostridium_scindens_ATCC_35704,0.1005095080827863,0.0110292683010461,,,0.1005095080827863,0.4528672852972289,0.2416861703681518,0.1035190114876954
Clostridium_sp_7_2_43FAA,0.2899427401029685,0.0352009492741282,0.2899095587896327,0.2899128769209663,0.2899427401029685,0.6795628860561106,0.3695465170533449,0.2899427401029685
Clostridium_sp_L2_50,0.0325069245784043,0.0033580303862884,,,0.0337389986571282,0.2014987143930693,0.0535325802676883,0.0354675202031357
Clostridium_sp_M62_1,0.0028299515543936,0.0002963987345788,,,0.0028299515543936,0.0028299515543936,0.0028299515543936,0.0028299515543936
Clostridium_sp_SY8519,0.035003231276243,0.0003498400342703,,,0.0361796978788744,0.2134422623003078,0.1364594063917846,0.041169631396186
Clostridium_spiroforme_DSM_1552,0.0997953204982731,0.0176632052630572,,,0.0997953204982731,0.6467940033674392,0.2250367560503874,0.1062839759917159
Clostridium_sporogenes_ATCC_15579,0.3164273080235971,0.0031697224755582,,0.0466836019051079,0.3167837318462623,0.3239812151674864,0.5223391121157173,0.3211566233698246
Clostridium_sporosphaeroides_DSM_1294,0.1954147205328778,0.0230753428424653,,,0.1954147205328778,0.1955266054546542,0.3591693580509767,0.1954810475224339
Clostridium_sticklandii_DSM_519,0.2918910116749801,0.0361684791058828,,,0.2918910116749801,0.6006290786972099,0.499955428064512,0.2980487021902338
Clostridium_symbiosum_WAL_14163,0.1342840151282628,0.0150663812749956,,,0.1342840151282628,0.4667034973003865,0.2866156711116998,0.1350229915876605
Clostridium_symbiosum_WAL_14673,0.2742011345816538,0.033419518470321,,,0.2742011345816538,0.7807336541256834,0.6289346239674695,0.2755779220921366
Collinsella_aerofaciens_ATCC_25986,0.1915751248041302,0.0266245458483279,,,0.1915751248041302,0.3197784959201589,0.3013489723978435,0.1979351461360097
Collinsella_intestinalis_DSM_13280,0.0684514631306708,0.0102281334336409,,,0.0684514631306708,0.3271716103620941,0.185276070705075,0.0746614112740596
Collinsella_stercoris_DSM_13279,0.0845287234173148,0.0135900405011983,,,0.0845287234173148,0.3104813278992497,0.1649759920833592,0.0911594124641504
Collinsella_tanakaei_YIT_12063,0.3586112733812775,0.0560282234887706,,0.1948795580537413,0.3586112733812775,0.8328619781296385,0.523177914044245,0.390807332069237
Coprobacillus_sp_29_1,0.1177190169790244,0.0262782342360632,,,0.1177190169790244,0.465324029911538,0.2269381297509957,0.1177190169790244
Coprobacillus_sp_D7,0.1174711282301783,0.0181119844848913,,,0.1174711282301783,0.4946914769842868,0.2287376680736996,0.1288539115893517
Coprococcus_comes_ATCC_27758,0.1755534719935786,0.0203483285771365,,,0.1755534719935786,1.1009074321048131,0.3078878756106469,0.1810673217314242
Coprococcus_eutactus_ATCC_27759,0.0453408620727141,0.0045620368119427,,,0.0453408620727141,0.6551022962713301,0.0705370784689348,0.0506597506594402
Corynebacterium_ammoniagenes_DSM_20306,0.0844757958195882,0.0008442939187901,,,0.0844757958195882,0.2942432749106515,0.1058082975817681,0.0978993065543967
Corynebacterium_amycolatum_SK46,0.1268929105951021,0.0142109759111442,,,0.1268929105951021,0.2919258500937368,0.2079116633226754,0.1458490302163175
Corynebacterium_aurimucosum_ATCC_700975,0.1940499924750417,0.1770910488120046,,,0.1940499924750417,0.4576361288493534,0.2683898183451931,0.2174500203965159
Corynebacterium_durum_F0235,0.1880530946617421,0.0220676013869648,,,0.1880530946617421,0.4576361288493534,0.2100488663194831,0.2018236496449351
Corynebacterium_glucuronolyticum_ATCC_51867,0.0856053645508163,0.0144926684523209,,,0.0856053645508163,0.0921757563344192,0.1763346565372394,0.1192277884990278
Corynebacterium_kroppenstedtii_DSM_44385,0.1339651096027203,0.0170420397759686,,,0.1339651096027203,0.4576361288493534,0.1627965810022885,0.1625393126791618
Corynebacterium_propinquum_DSM_44285,0.0051473763713083,0.0006358819443071,,,0.0051473763713083,0.005147,0.0131635625333159,0.0238214387945124
Corynebacterium_tuberculostearicum_SK141,0.1297362615413252,0.1297352717322009,,,0.1297362615413252,0.4260182539188375,0.2479403365045781,0.1544078917474204
Corynebacterium_ulcerans_809,0.1899363791833805,0.0026750378110696,0.1898950798455606,0.1898987025944921,0.1899363791833805,0.7271367567772133,0.2921851283256379,0.2107509944513496
Cronobacter_sakazakii_ATCC_BAA_894,0.4729797724333315,0.0047299059808119,,0.2697679277616196,0.4729797724333315,1.5321782476208203,0.6085266802415261,0.5018139237112658
Cryptobacterium_curtum_DSM_15641,0.0389627515618648,0.0059178959510315,,,0.0389627515618648,0.0389627515618648,0.1327933327872292,0.0415320849451743
Curtobacterium_flaccumfaciens_UCD_AKU,0.1436434903211793,0.0014361938023827,,,0.1436434903211793,0.7944934895954127,0.2138422341464189,0.1675989230339868
Delftia_acidovorans_SPH_1,0.2607099569181063,0.0318567708587676,,0.1256379247570321,0.2879643198993405,0.4753139464900331,0.4694302735376929,0.2857942883925505
Desulfovibrio_piger_ATCC_29098,0.0787086975761648,0.0671797037043631,,,0.0787086975761648,0.0787086975761648,0.1589630149998642,0.0831733749337593
Desulfovibrio_sp_3_1_syn3,0.0502135509115174,0.0383489751689507,,,0.0502135509115174,0.1457297756290348,0.1595103801560999,0.0527688149334059
Dialister_invisus_DSM_15470,0.0812224234833819,0.0087789770011068,,,0.0812224234833819,0.0812224234833819,0.0812224234833819,0.0828122613239539
Dialister_succinatiphilus_YIT_11850,0.1130439691697064,0.0125254635944492,,,0.1130439691697064,0.2795086336853249,0.1967553296854208,0.1179441267617602
Dorea_formicigenerans_ATCC_27755,0.2177468169255396,0.2030661176063029,,,0.2177468169255396,1.1251549715595035,0.3144924358434151,0.2347714142145304
Dorea_longicatena_DSM_13814,0.2088040628185211,0.0230872564727586,,,0.2088040628185211,0.4670311124306181,0.3126540392844056,0.2129223658973226
Edwardsiella_tarda_ATCC_23685,0.3860739969054607,0.3634443734944695,,0.1279802368930403,0.3860739969054607,0.8799400713530493,0.5065914768680794,0.4004200557677313
Edwardsiella_tarda_FL6_60,0.2820612178288475,0.0028899378618151,,0.009278697631634,0.2890423009720251,0.282518137090234,0.5623228973349912,0.2822360798922227
Eggerthella_sp_1_3_56FAA,0.0904948026294065,0.0109169297727674,,,0.0904948026294065,0.0904948026294065,0.2658693927420611,0.1022775578346908
Eggerthella_sp_YY7918,0.0591636746840422,0.0059997830497763,,,0.0591636746840422,0.0591636746840422,0.1199593952929193,0.0674645979224269
Eggerthia_catenaformis_OT_569,0.3375353699726326,0.0680378207577662,,0.0349736622588983,0.3375353699726326,0.3383487130566842,0.4337121847073453,0.3380679957978559
Eikenella_corrodens_ATCC_23834,0.0624297764424865,0.0006239548274204,,,0.0624297764424865,0.2083116351687864,0.1486856814666259,0.0889203740894384
Enterobacter_aerogenes_KCTC_2190,0.5795605449540713,0.0058051342045332,,0.1279008745819491,0.5795605449540713,1.624992484975916,0.7611980108078416,0.6016675315639972
Enterobacter_asburiae_LF7a,0.5510138106308802,0.0055191975145875,,0.0871300677424287,0.5510138106308802,1.533133624258265,0.7665256089992567,0.5732896295778581
Enterobacter_cancerogenus_ATCC_35316,0.4522261243981866,0.1134481301071088,,0.1237375234137379,0.4522261243981866,1.6649528212594884,0.5480143567698433,0.4737710065208644
Enterobacter_cloacae_EcWSU1,0.5519376986975252,0.0055284515852166,,0.099358428842108,0.5519376986975252,1.562778438741885,0.7677871617400057,0.5740212363717495
Enterococcus_asini_ATCC_700915,0.5072004792267308,0.069734648408088,,0.1592460214347675,0.5072004792267308,1.4045932584377243,0.6476663037755406,0.5140944663230165
Enterococcus_avium_ATCC_14025,0.2926755460665982,0.0397245112107185,,0.0251685517691777,0.2926755460665982,1.6671617110025845,0.398536771246093,0.3220811814060611
Enterococcus_caccae_ATCC_BAA_1240,0.4492387299897962,0.2315727423254248,,0.0246131563548219,0.4492387299897962,1.2349757170246205,0.559015927431467,0.4795133158894032
Enterococcus_casseliflavus_ATCC_12755,0.2808050248448305,0.0345484316398921,,0.0173178666559843,0.2808050248448305,1.463687926253844,0.4819855036819488,0.3095882584338124
Enterococcus_dispar_ATCC_51266,0.3648259113118066,0.3643722169793495,,0.0551990132154853,0.3648259113118066,1.4641776740252133,0.6025525613943369,0.3723690989422323
Enterococcus_faecalis_OG1RF_ATCC_47077,0.0713631509752244,0.0007132395002559,,,0.0713631509752244,0.1016350569964656,0.1001919424964268,0.0827104259460495
Enterococcus_faecalis_TX1322,0.2190197591493436,0.0260774411108753,,,0.2190197591493436,0.3383741719011603,0.2619319814529581,0.2320915358486273
Enterococcus_faecalis_V583,0.0713658308535903,0.0007137684854932,,,0.071416078572951,0.1016250074525934,0.1001778731350058,0.0827131058244154
Enterococcus_faecium_TX1330,0.1436260711118009,0.016316163626516,,,0.1436260711118009,0.2670445194055096,0.2073843972541839,0.1501475551152261
Enterococcus_hirae_ATCC_9790,0.3115010216174758,0.0408204606823514,,0.0366953393881579,0.3115010216174758,0.3117388608224497,0.4293614021803016,0.3115385399145984
Enterococcus_phoeniculicola_ATCC_BAA_412,0.2965519901228769,0.0369468231102491,,0.0455025127361773,0.2965519901228769,0.3388726292772184,0.4585861457300662,0.3254799371436176
Erysipelotrichaceae_bacterium_5_2_54FAA,0.106600871608484,0.0142644705745025,,,0.106600871608484,0.767860858395068,0.2592125748811579,0.106600871608484
Erysipelotrichaceae_bacterium_sp_3_1_53,0.0721537150931659,0.0283463382819548,,,0.0721537150931659,0.8806683282989836,0.2253616913022532,0.0768274229633008
Escherichia_albertii_TW07627,0.6017626672459868,0.0060177644050039,,0.1620629979892708,0.6130911830682505,1.671056914207424,0.7906076659648532,0.6283490705445197
Escherichia_coli_O157_H7_str_Sakai,0.4982985932647923,0.4346977760343897,,0.158777741798826,0.5048884141665481,1.6968192549084415,0.6667731665548381,0.5167455359964861
Escherichia_coli_SE11,0.5667540762130119,0.005705830006805,,0.1917473564885407,0.570406750425738,1.6278974731245557,0.7007794830789652,0.5930483727696615
Escherichia_coli_UTI89_UPEC,0.4532190193327537,0.4170064835911987,,0.0915803453962922,0.4612834433053475,1.5895115653809508,0.6180536478323115,0.4716250939193676
Escherichia_coli_str_K_12_substr_MG1655,0.4950700098034706,0.2292529720117874,,0.1628187783248764,0.5015646950232366,1.6349261241087274,0.6525932601512534,0.5133454403197466
Escherichia_fergusonii_ATCC_35469,0.63504541661132,0.0063608951670348,,0.3064924327960717,0.63504541661132,1.6209190698597435,0.8852455605479459,0.6567068734429147
Escherichia_sp_3_2_53FAA,0.5164232806229863,0.2278579037856181,,0.0806901525981033,0.5270248794384988,1.6945828964120957,0.6909456694152839,0.5429272776617677
Escherichia_sp_4_1_40B,0.462471299391034,0.4352357650282458,,0.0847013122204308,0.4709966624425632,1.6560026974869635,0.625588125858048,0.4818622292771173
Eubacterium_biforme_DSM_3989,0.1234318476855383,0.0147000972165775,,,0.1234318476855383,0.3054759850813342,0.2783884445283774,0.1276613657165248
Eubacterium_dolichum_DSM_3991,0.2125130144769309,0.0258766762622971,,,0.2125130144769309,0.3325447664857297,0.366325973227121,0.2125130144769309
Eubacterium_eligens_ATCC_27750,0.382927149734299,0.0498517849066058,,0.0675246827072819,0.382927149734299,0.8510509825686142,0.4664857571831569,0.3935568872726536
Eubacterium_limosum_KIST612,0.3253620224955179,0.0411592689132551,,0.0500347870363686,0.3253620224955179,0.3733526143025187,0.5709768945480836,0.3482481837403303
Eubacterium_rectale_ATCC_33656,0.2950680074777582,0.0029501848129242,,0.0292913618415592,0.2950680074777582,0.4172429922096878,0.3454302916385832,0.3000539211775208
Eubacterium_saphenum_ATCC_49989,0.0036037664325481,0.0003607285735704,,,0.0036231955507009,0.0036037664325481,0.1074778618037258,0.0044130896990508
Eubacterium_siraeum_DSM_15702,0.099661326579978,0.0147440550515163,,,0.099661326579978,0.4911171892137635,0.1470757445383096,0.1040020595631495
Eubacterium_ventriosum_ATCC_27560,0.0798248669155634,0.0101504597235236,,,0.0798248669155634,0.5126955698160152,0.1266617710860429,0.0850566594553977
Faecalibacterium_cf_prausnitzii_KLE1255,0.0830065525054818,0.0089445842558855,,,0.0830065525054818,0.3673550465196278,0.1248836717902662,0.0860750132344409
Faecalibacterium_prausnitzii_M21_2,0.5281524382609525,0.0052816452671092,,0.1888314189077508,0.5294099711841527,1.4656355278562645,0.6308313078809373,0.5426063622274507
Filifactor_alocis_ATCC_35896,0.0844476570967462,0.0091404641054652,,,0.0844476570967462,0.1522552794500088,0.1237929612953437,0.0884011476560447
Finegoldia_magna_ATCC_29328,0.0654935473843052,0.0069964649236682,,,0.0654935473843052,0.2582920366624702,0.1641907877221496,0.0654935473843052
Fusobacterium_gonidiaformans_ATCC_25563,0.113027889899511,0.1010112605221483,,,0.113027889899511,0.234159731977513,0.2512191676852605,0.113027889899511
Fusobacterium_mortiferum_ATCC_9817,0.2523346670550677,0.2523308167336099,,,0.2523346670550677,0.8772782821661163,0.3836326277141231,0.2531091519028137
Fusobacterium_necrophorum_D12,0.174410503870521,0.0321524124528762,,,0.1864619168819871,0.2927278036947333,0.3100625969045774,0.1751829788094925
Fusobacterium_nucleatum_subsp_animalis_3_1_33,0.0637261676019921,0.0637242228336937,,,0.0637261676019921,0.0696446789730891,0.1931354839826772,0.0685432489647029
Fusobacterium_nucleatum_subsp_animalis_7_1,0.0303315333148824,0.0303306076699449,,,0.0303315333148824,0.0303315333148824,0.1538471271993552,0.0383597789295366
Fusobacterium_nucleatum_subsp_animalis_D11,0.0872099417224008,0.087207280286191,,,0.0872099417224008,0.0960602400257957,0.2085883326100659,0.0920297029634775
Fusobacterium_nucleatum_subsp_vincentii_3_1_27,0.0682605217971002,0.0431945490903723,,,0.0682605217971002,0.0740658083072377,0.2367531842661157,0.0729858173257788
Fusobacterium_nucleatum_subsp_vincentii_3_1_36A2,0.0752087764302953,0.0466858801017618,,,0.0752087764302953,0.0946124357386166,0.2596038371225797,0.0803387335922253
Fusobacterium_nucleatum_subsp_vincentii_4_1_13,0.0677151665496389,0.0428313720547818,,,0.0677151665496389,0.0734715452795987,0.2350836200441581,0.0724009338724204
Fusobacterium_periodonticum_1_1_41FAA,0.0755002132025873,0.0754984851398462,,,0.0755002132025873,0.0970109268760998,0.185373216295839,0.0803869714028116
Fusobacterium_periodonticum_2_1_31,0.0541389027479739,0.0541380766538768,,,0.0541389027479739,0.0725463172737707,0.1562764369380463,0.0590022120124965
Fusobacterium_russii_ATCC_25533,0.2146683066527084,0.0318697401363758,,,0.2146683066527084,0.2969740709655066,0.3412416417526767,0.2172429997927499
Fusobacterium_sp_4_8,0.0610328898442596,0.0006118562107494,,,0.0610328898442596,0.0741763532898312,0.2100475263803001,0.0661769163676105
Fusobacterium_ulcerans_ATCC_49185,0.2361421719986898,0.0467737050585173,,,0.2361421719986898,0.3221588978786723,0.3701769584389236,0.2368938778803256
Fusobacterium_varium_ATCC_27725,0.2078640954816806,0.1938592139875497,,,0.2078640954816806,0.3125247351532508,0.3945397326633485,0.2125344535038582
Gemella_haemolysans_ATCC_10379,0.1240019918078841,0.0138616728513268,,,0.1240019918078841,0.4680106079733557,0.2492668762957001,0.145737145294541
Gemella_morbillorum_M424,0.1362517158184271,0.0154108557663588,,,0.1362517158184271,0.3339175341786635,0.2707059032229247,0.1639388791557547
Gemella_sanguinis_M325,0.1924635044824271,0.0225932290017613,,,0.1924635044824271,0.361457974175458,0.3065486063972868,0.2070139040700978
Gordonia_rubripertincta_NBRC_101908,0.1894298821722248,0.0222197702290105,,,0.1894298821722248,0.8460275505717288,0.2947363725299776,0.2186579755699467
Gordonia_terrae_NBRC_100016,0.3432234118042621,0.3432175199839148,,,0.3680973728269828,1.3790553575498503,0.5014889884593999,0.3609179786847285
Gordonibacter_pamelaeae_7_10_1_bT_DSM_19378,0.0269950847493331,0.0027804080514221,,,0.0269950847493331,0.0269950847493331,0.0567678634249248,0.0380737019139764
Grimontia_hollisae_CIP_101886,0.3375487693644622,0.0033807155378967,,0.0614084990897212,0.3375487693644622,0.4576334489709875,0.4576334489709875,0.3581778030555926
Haemophilus_haemolyticus_M19501,0.072894701461338,0.0132161688654116,,,0.072894701461338,0.072894701461338,0.2201406182758825,0.0931713311473522
Haemophilus_parainfluenzae_T3T1,0.3427852516914368,0.0039581716799544,0.3427800212035875,0.3427806750145686,0.3427852516914368,0.7624535338222669,0.5381309653563927,0.3594219365869631
Helicobacter_bilis_ATCC_43879,0.0116447414694403,0.001701508244497,,,0.0116447414694403,0.0116447414694403,0.0938600598873893,0.0348196596081786
Helicobacter_canadensis_MIT_98_5491,0.0339848774971998,0.003401171700899,0.0339817660887375,0.0339822846568146,0.0339888973147487,0.0339848774971998,0.095843839847749,0.0470579941356665
Helicobacter_cinaedi_CCUG_18818,0.0252404343892581,0.0041733603979797,,,0.0252404343892581,0.0252404343892581,0.0594611411826574,0.0428010073514295
Helicobacter_pullorum_MIT_98_5489,0.026404841539243,0.0035213976295926,0.0263701916312172,0.02637422069029,0.026404841539243,0.026404841539243,0.0563163039202701,0.0445415883500835
Helicobacter_pylori_26695,0.0260591372300415,0.0044213760542126,,,0.0261562828208054,0.0658245123624943,0.0875797649368954,0.0489057702689567
Helicobacter_winghamensis_ATCC_BAA_430,0.0023649926579094,0.0002361528313195,0.0023632604855525,0.0023632604855525,0.0023649926579094,0.0023649926579094,0.0182573413373061,0.0178339205554934
Holdemania_filiformis_VPI_J1_31B_1_DSM_12042,0.1787914350291811,0.0883181019012402,,,0.1787914350291811,0.3249787998891938,0.2769868681430101,0.185401355018681
Kingella_oralis_ATCC_51147,0.0432941049707556,0.000432703228086,,,0.0432941049707556,0.0763450448574382,0.1629982418493227,0.073201547534234
Klebsiella_pneumoniae_pneumoniae_MGH78578,0.3019794137834222,0.1960600890100929,,0.0560411282022202,0.3019358657599762,0.6620331316951469,0.3834349866846376,0.3281651752662526
Kocuria_palustris_PEL,0.1741987934796146,0.0299849401786066,,,0.1741987934796146,0.4576334489709875,0.2299925211185337,0.1950763858891825
Kocuria_rhizophila_DC2201,0.0401479277691854,0.0067975068134594,,,0.0401479277691854,0.0401479277691854,0.0648081684922255,0.0644571044262922
Kytococcus_sedentarius_DSM_20547,0.1164547843599096,0.0129407038437048,,,0.1164547843599096,0.4210604789419169,0.1403525996878503,0.1698466710133881
Lachnospiraceae_bacterium_sp_8_1_57FAA,0.0029157076621025,0.0004975780409691,,,0.0029157076621025,0.0029157076621025,0.0029157076621025,0.0029157076621025
Lactobacillus_acidophilus_NCFM,0.1042794269740204,0.0010422214457394,,,0.1042941663050329,0.3662013588831064,0.120216663616046,0.1147925898034582
Lactobacillus_amylovorus_GRL_1112,0.2584441197597352,0.0316587737034783,,0.0060691146897923,0.2584441197597352,0.3952746893051974,0.3392906903022992,0.2665025140060058
Lactobacillus_brevis_ATCC_367,0.072438452169543,0.0077643418466942,,,0.072438452169543,0.3717775157929592,0.0784279803173364,0.0856093843683652
Lactobacillus_brevis_subsp_gravesensis_ATCC_27305,0.0618033548744567,0.0606962208012357,,,0.0618033548744567,0.5262443648644296,0.1420161341834846,0.0739525834462783
Lactobacillus_buchneri_ATCC_11577,0.043835440400668,0.0147406835258472,,,0.043835440400668,0.4392407737762033,0.1155717644383445,0.0571597956359381
Lactobacillus_casei_ATCC_334,0.1292116753511997,0.0144893890709833,,,0.1292116753511997,0.3445579912304818,0.1793877079655945,0.1424087363640894
Lactobacillus_casei_casei_BL23,0.1299318926620362,0.0145751084732812,,,0.1299318926620362,0.3559789628563691,0.1797809801157908,0.1431524026106275
Lactobacillus_coleohominis_101_4_CHN,0.1351275068439307,0.0152476183030833,,,0.1351275068439307,0.3191460446258058,0.2397821167891777,0.1351275068439307
Lactobacillus_delbrueckii_subsp_bulgaricus_ATCC_11842,0.0930292975939593,0.0009297819507452,,,0.0930292975939593,0.3414044443634052,0.1075167200400314,0.0999567831698188
Lactobacillus_delbrueckii_subsp_bulgaricus_ATCC_BAA_365,0.0252873322606614,0.002589080802445,,,0.0252873322606614,0.334264578427048,0.0399811053409079,0.0318617438618131
Lactobacillus_fermentum_ATCC_14931,0.0894476401579299,0.0097758288975703,,,0.0894476401579299,0.3495740535618608,0.106144622316689,0.1011205203502122
Lactobacillus_fermentum_IFO_3956,0.0852998584171034,0.0008525300180542,,,0.0852998584171034,0.3800214916160686,0.1033079710663806,0.0989236900597631
Lactobacillus_gasseri_ATCC_33323,0.1980463610881946,0.0019687988929589,,,0.1980463610881946,0.3618545961736117,0.1980463610881946,0.2126523681519579
Lactobacillus_helveticus_DPC_4571,0.0995916497424645,0.0009953694241533,,,0.0996023692559281,0.3697763166232212,0.1308269720362478,0.0995943296208304
Lactobacillus_hilgardii_ATCC_8290,0.0404319948759711,0.015007762258192,,,0.0404319948759711,0.3665758718847414,0.1099520595050458,0.0538387563709927
Lactobacillus_johnsonii_DPC_6026,0.0970457652948566,0.0009677033633451,,,0.0970457652948566,0.3529419906982095,0.1002348205502812,0.1071428770079879
Lactobacillus_johnsonii_NCC_533,0.098954508660971,0.0009867366242972,,,0.098954508660971,0.3514593479922736,0.1046264712224049,0.1133327260636325
Lactobacillus_mucosae_LM1,0.1211680204359416,0.0135217638772317,,,0.1211680204359416,0.3439697579291659,0.2183296904701236,0.149123841579451
Lactobacillus_oris_F0423,0.2916739415273419,0.0361666163228845,,0.0201200099359089,0.2916739415273419,0.3857966294945897,0.3274730966782581,0.307225945654269
Lactobacillus_paracasei_subsp_paracasei_8700_2,0.1010240447290397,0.0110872717546633,,,0.1010240447290397,0.3556198591553381,0.1428073682710175,0.1139477581486073
Lactobacillus_paracasei_subsp_paracasei_ATCC_25302,0.098318037549069,0.0107925409260254,,,0.098318037549069,0.3656774426625724,0.143374162545406,0.1112986983839121
Lactobacillus_pentosus_KCA1,0.2146160490245733,0.0021458002643333,,,0.2146160490245733,0.4684601575692361,0.2623822010184298,0.2290398243594552
Lactobacillus_plantarum_JDM1,0.2480187229467808,0.0036094338533095,,0.1899148798974237,0.2480187229467808,0.3927133955569856,0.291713469733239,0.2617484097848938
Lactobacillus_plantarum_WCFS1,0.2399435794607233,0.0289888500408194,,0.1208550659227582,0.2399435794607233,0.3674622416542639,0.2779857928039004,0.255465434956034
Lactobacillus_plantarum_subsp_plantarum_ATCC_14917,0.1654563602804473,0.0333482828208073,,0.1340836268053347,0.1654563602804473,0.3325782649653035,0.2115140898160405,0.1778883160198717
Lactobacillus_reuteri_F275_JCM_1112,0.0463639056388976,0.0048545703200396,,,0.0463639056388976,0.3802043933145415,0.0769078193142779,0.0597854064649317
Lactobacillus_reuteri_SD2112_ATCC_55730,0.0515903384220001,0.0054301476201623,,,0.0515903384220001,0.2882510668844922,0.0701974038860566,0.0650084894000768
Lactobacillus_rhamnosus_GG_ATCC_53103,0.2200789810734668,0.0021853087911004,,,0.2200789810734668,0.3864022820052838,0.2655766160305863,0.23381335769872
Lactobacillus_rhamnosus_LMS2_1,0.1070303221166199,0.0118003477852422,,,0.1070303221166199,0.3641485720548247,0.1598038268371663,0.1203312284161884
Lactobacillus_sakei_subsp_sakei_23K,0.2195564047921157,0.0021784447054454,,0.0360159474139044,0.2195564047921157,0.3475976432670074,0.2322161501926418,0.2229859791308801
Lactobacillus_salivarius_salivarius_UCC118,0.1507351184469503,0.017173214140078,,0.1078946595206671,0.1507351184469503,0.3784195943228501,0.1889977517857229,0.1670140395806285
Lactococcus_garvieae_ATCC_49156,0.3459039601397565,0.0442124597184095,,0.2012484029260833,0.3459039601397565,0.382359685490319,0.4195577371482366,0.3772169989061511
Lactococcus_raffinolactis_4877,0.4684494380557724,0.3279748282960784,,0.0467298614698732,0.4684494380557724,1.102656052738565,0.557714846484821,0.4760495731014735
Laribacter_hongkongensis_HLHK9,0.0553448480126303,0.0005539889571576,,,0.0553448480126303,0.1053192197799908,0.1411364641098769,0.0865138433168575
Leptotrichia_buccalis_C_1013_b,0.2990851451482468,0.0373200402846211,,0.0189637899020446,0.2990851451482468,0.4781861061286897,0.5189597854963135,0.3086603505496185
Leuconostoc_argentinum_KCTC_3773,0.1563454438059683,0.0180026520587278,,,0.1563454438059683,0.3765135308351015,0.243562085224284,0.1709615004136037
Leuconostoc_gelidum_JB7,0.159285270373364,0.018473017844738,,,0.159285270373364,0.4370754320565536,0.2459820153886944,0.1739308056430243
Listeria_grayi_DSM_20601,0.2435111675353318,0.0268718378237231,,0.1500570316028212,0.2435111675353318,1.5730309834002385,0.3064112626310343,0.2633369076862828
Listeria_monocytogenes_4a_L99,0.1749404498173783,0.0017491108664373,,0.1298539640305135,0.1749404498173783,0.4852194469000024,0.2282901283865938,0.1885113538623115
Listeria_monocytogenes_4b_F2365,0.1763199172062269,0.0017629032249356,,0.0589526676303534,0.1763199172062269,0.4820257018574374,0.2364161895616034,0.1964732724874096
Listeria_monocytogenes_FSL_R2_561,0.1762944583617509,0.0017626486792226,,0.0575823227245643,0.1762944583617509,0.4827305098676698,0.2363820211124381,0.1964451337645675
Listeria_monocytogenes_Finland_1988,0.1763326466284649,0.001763030497792,,0.0604851973908675,0.1763326466284649,0.482271580697509,0.2363840310212126,0.196486671879239
Listeria_monocytogenes_J0161_FSL_R2_499,0.1762971382401167,0.0017626754735082,,0.0580411843058587,0.1762971382401167,0.4825710571048986,0.2363826910820296,0.1964484836125249
Listeria_monocytogenes_SLCC_2378,0.176289098605019,0.0017625950906515,,0.058472965712381,0.176289098605019,0.4810334768924618,0.2363820211124381,0.1964391040382443
Listeria_monocytogenes_SLCC_2540,0.1762944583617509,0.0017626486792226,,0.0584034574202266,0.1762944583617509,0.4823519770484861,0.2363867108995785,0.196445803734159
Listeria_monocytogenes_SLCC_7179,0.1763024979968486,0.0017627290620793,,0.0585096920804208,0.1763024979968486,0.4828269854888424,0.2363887208083529,0.1964545133388482
Listeria_monocytogenes_serotype_7_SLCC_2482,0.1762877586658361,0.0017625816935087,,0.0582566537683972,0.1762877586658361,0.4811855599897268,0.2363800112036637,0.1964377640990613
Lysinibacillus_fusiformis_ZB2,0.3294548667298435,0.0417536889547942,,0.1506886776092847,0.3294548667298435,0.6417632017050475,0.4931947649169299,0.3533446424226865
Lysinibacillus_sphaericus_C3_41,0.1376981801664233,0.0155802372814799,,,0.1376981801664233,0.3498353417025364,0.2285788852805199,0.152358454767096
Marvinbryantia_formatexigens_I_52_DSM_14469,0.1392779684631231,0.0216798305631169,,,0.1392779684631231,0.4217666268913322,0.1806733796116365,0.139669230704545
Megasphaera_elsdenii_DSM_20460,0.1390796574640463,0.0013905631340532,,,0.1390796574640463,0.7738939345663072,0.2311455387854635,0.1455515637177022
Melainabacterium_MEL_A1,0.1474616470229997,0.0151863940608212,,0.0362871396108995,0.1474616470229997,0.3680551647427199,0.1476941264712418,0.1474616470229997
Methanosphaera_stadtmanae_DSM_3091,0.0017834590525084,0.0001894790464251,,,0.0018048980794357,,,0.0017861389308744
Methylobacterium_mesophilicum_SR1_6_6,0.4594202578714534,0.0615889603128339,,0.0753727597824346,0.4784929522015857,1.0387282242895384,0.6001755092837807,0.4850251557184744
Methylobacterium_populi_BJ001,0.005487720923778,0.0005593563197454,,,0.005487720923778,0.01054725,0.005487720923778,0.0102907329250678
Methylobacterium_radiotolerans_JCM_2831,0.0102907329250678,0.0001023797281973,,,0.0102907329250678,0.0102907329250678,0.0102907329250678,0.0102907329250678
Methyloversatilis_universalis_FAM5,0.1220530502662811,0.0012198600452333,,,0.1763694949559961,0.3749317326296272,0.3078798359755492,0.1611136173885014
Micrococcus_luteus_NCTC_2665,0.0543425735037825,0.0543417443019163,,,0.0543425735037825,0.394857298249708,0.1334371735646374,0.090122299536546
Micromonospora_aurantiaca_ATCC_27029,0.1715946216775484,0.0017208948531733,,,0.1715946216775484,1.0571939261697936,0.2759792338774305,0.1959352869054545
Mitsuokella_multacida_DSM_20544,0.4201024224261065,0.0553677697891646,,0.1335119742048361,0.4201024224261065,1.099458287878451,0.4994837694721129,0.4394873225858663
Mobiluncus_curtisii_ATCC_43063,0.1440180033228142,0.0163963978163505,,0.0156459377923218,0.1440180033228142,0.4576361288493534,0.291433422444002,0.1678119733640762
Moraxella_catarrhalis_RH4,0.018343097445015,0.0029948599649301,,,0.018343097445015,0.018343097445015,0.0491643785312663,0.0375846241121991
Morganella_morganii_subsp_morganii_KT,0.4293995904470157,0.1593384951055077,,0.0385936117192159,0.4293995904470157,0.7962601994081344,0.5877388637572161,0.4567979968904173
Mycobacterium_avium_subsp_avium_ATCC_25291,0.114190957110313,0.0011430247171686,,,0.114190957110313,0.2152263913224078,0.3235872730476987,0.1388625873164082
Mycobacterium_fortuitum_subsp_fortuitum_DSM_46621,0.3756063920082433,0.0037676124869753,,0.1065641860810282,0.3756063920082433,0.973700305771309,0.5784309762228431,0.3987391020627186
Neisseria_cinerea_ATCC_14685,0.0323447919372671,0.0065512812526746,,,0.0323447919372671,0.057827085349048,0.1092331821333923,0.0577279298495096
Neisseria_elongata_subsp_glycolytica_ATCC_29315,0.025878245440343,0.021343550453818,,,0.025878245440343,0.2109472955416521,0.0966953711985147,0.0582826646712515
Neisseria_flavescens_SK114,0.0514523246861561,0.0514507544858177,,,0.0514523246861561,0.0616954897702291,0.1309066984176334,0.0819312513111632
Neisseria_mucosa_ATCC_25996,0.0690209372834251,0.0113142689397558,,,0.0690209372834251,0.093052746529661,0.1625165337130517,0.1007017893555398
Neisseria_subflava_NJ9703,0.0646547454557776,0.0646537589026547,,,0.0646547454557776,0.3845323968754749,0.1445104309725489,0.0935290949092003
Ochrobactrum_anthropi_ATCC_49188,0.0102907329250678,,,,0.010290371887207,0.0102907329250678,0.0102907329250678,0.0102907329250678
Odoribacter_laneus_YIT_12061,0.2693920928540407,0.0382352329359965,,0.2221001868134808,0.2693920928540407,0.2693920928540407,0.4367625562573344,0.2932557397328161
Odoribacter_splanchnicus_1651_6_DSM_20712,0.0962016036095971,0.0202183958025632,,,0.0962016036095971,0.410671260486902,0.2982811816384759,0.1127739714243417
Olsenella_uli_DSM_7084,0.3385758327481946,0.0560829509640063,,0.0425350872035838,0.3385758327481946,0.3804207934925881,0.5006026186898775,0.3793287430584826
Oxalobacter_formigenes_HOxBLS,0.027427215135835,0.0149239271811504,,,0.027427215135835,0.0362694738041322,0.093425919592113,0.0305921514859665
Oxalobacter_formigenes_OXCC13,0.0083109727822569,0.0011317004563729,,,0.0083109727822569,0.0184938406030971,0.066454953748073,0.008377299771813
Paenibacillus_alvei_DSM_29,0.4117525914075439,,,0.0742200444239996,0.4117525914075439,1.4600312322235691,0.6237423596335324,0.450072172161592
Paenibacillus_barengoltzii_G22,0.3406802072350199,0.003406230251934,,0.0821283570721462,0.3406802072350199,1.385950014615728,0.4428686591140446,0.3671721448211549
Paenibacillus_daejeonensis_DSM_15491,0.4682832855970864,0.004682940037509,,,0.4682832855970864,1.4668990905057877,0.5796590304840183,0.5000733427126116
Paenibacillus_lactis_154,0.4610147854991658,0.0046093740569813,0.0877741945329899,0.4596404147149114,0.4610147854991658,1.5110400370401684,0.5901668335567243,0.494490486106844
Parabacteroides_distasonis_ATCC_8503,0.3233748926872009,0.046933916252403,,,0.3233748926872009,1.085026472908471,0.3837739912979244,0.3377658395121004
Parabacteroides_goldsteinii_dnLKV18,0.1694286099883072,0.032093609075849,,,0.1694286099883072,0.8043199335935878,0.3042559704552569,0.1831160887421571
Parabacteroides_merdae_ATCC_43184,0.2706918338615037,0.0371702522186112,,0.0939533330598438,0.2706918338615037,1.1967633314052089,0.3437446481464301,0.2854291549651963
Paraprevotella_clara_YIT_11840,0.2376650128801142,0.0863211105588586,,,0.2376650128801142,0.4576334489709875,0.4003316197816565,0.270021864270028
Paraprevotella_xylaniphila_YIT_11841,0.284316335473755,0.0848028263569838,,,0.284316335473755,0.4576334489709875,0.4395603492713372,0.3143041743882103
Parvimonas_micra_ATCC_33270,0.0285219454483064,0.0028715178843372,,,0.0285219454483064,0.0285219454483064,0.1364104986116069,0.0285219454483064
Pediococcus_acidilactici_DSM_20284,0.0588253400403469,0.0062284703756708,,,0.0588253400403469,0.3747622303229837,0.0588253400403469,0.0719868926648884
Pediococcus_pentosaceus_ATCC_25745,0.1233420717602805,0.0137681415704701,,,0.1233420717602805,0.3750710863046542,0.1652218709234308,0.1310996496599784
Peptoniphilus_lacrimalis_DSM_7455,0.053030773043673,0.0055914709736904,,,0.0536169964362143,0.1708181269210279,0.152983536395943,0.0700948985385608
Porphyromonas_asaccharolytica_DSM_20707,0.0621658084234451,0.0175932197392217,,,0.0621658084234451,0.0621658084234451,0.1558938843013137,0.0685131003330865
Porphyromonas_endodontalis_ATCC_35406,0.0430147276511102,0.0062294430562849,,,0.0476221085316891,0.0430147276511102,0.1613259977489992,0.0526850687344715
Porphyromonas_gingivalis_W83,0.0693579319879375,0.0596071185972688,,,0.0693579319879375,0.0693579319879375,0.1578790042008564,0.075121010413812
Porphyromonas_somerae_DSM_23386,0.1402996720901237,0.015992334372425,,,0.1511357602626528,0.2399408995823574,0.2401164316153241,0.1525045081380378
Porphyromonas_uenonis_60_3,0.1321943799724498,0.1083216918777546,,,0.1393945431720399,0.1321943799724498,0.2237953023973829,0.1451167534528345
Prevotella_bivia_DSM_20514,0.2653669155484544,0.2653653971067836,,0.1092949007205114,0.2653669155484544,0.6665473868025107,0.3870534924481983,0.2889397956245293
Prevotella_buccae_ATCC_33574,0.1887424933713706,0.0276766259963817,,,0.1887424933713706,0.4576334489709875,0.3172734796176311,0.2227347405340767
Prevotella_copri_CB7_DSM_18205,0.0454668163559115,0.0047911656761768,,,0.0454668163559115,0.3867225274700092,0.1043316846021555,0.0627647612382244
Prevotella_denticola_F0289,0.2270017768621859,0.0314926171147307,,0.1749707223099501,0.2270017768621859,0.3515611833701779,0.40261219627104,0.2668113699876761
Prevotella_disiens_FB035_09AN,0.2872065842913814,0.0938085394420197,,,0.2872065842913814,0.3383225842426167,0.4084817998619592,0.3083354152977527
Prevotella_intermedia_17,0.1989347407664915,0.0237778558061083,,,0.1989347407664915,0.2949226240764079,0.3750161487981531,0.2345262053440502
Prevotella_melaninogenica_ATCC_25845,0.2024721802094836,0.0747360729272081,,,0.2024721802094836,0.3428770375254689,0.3347261874755748,0.2377655083188356
Prevotella_oralis_ATCC_33269,0.1185089111273743,0.017078512743263,,,0.1185089111273743,0.2833710083801827,0.224344677462393,0.1488370945942994
Prevotella_ruminicola_23,0.1629124857416138,0.001628851414218,,0.1592260165129381,0.1631710940039235,0.8962122927908128,0.2938366033686257,0.1828199621827249
Prevotella_timonensis_CRIS_5C_B1,0.0655062768065433,0.0069988243133455,,,0.0655062768065433,0.0655062768065433,0.155857705943374,0.0738922861830455
Propionibacterium_acidipropionici_ATCC_4875,0.3735603048758762,0.3731719870693322,,0.1633606698997813,0.3735603048758762,0.4576334489709875,0.4576334489709875,0.4016842883868461
Propionibacterium_acnes_KPA171202,0.4241081706135401,0.0779081001662457,,0.177697544202838,0.4241081706135401,1.200429405009764,0.5841746255305649,0.4506014481388578
Propionibacterium_avidum_44067,0.3620716663212497,0.0424958801023065,,0.0534915639080906,0.3620716663212497,0.4576334489709875,0.4576334489709875,0.388841641287847
Propionibacterium_propionicum_F0230a,0.2909677935779264,0.0355107598111671,,0.018142198890805,0.2909677935779264,0.783329786292652,0.4947933123621911,0.309076401665925
Providencia_rettgeri_DSM_1131,0.3021247971847723,0.0666948695689605,,0.1182197652192177,0.3021247971847723,0.3031069726058759,0.4937829982182457,0.3025281188788408
Providencia_rustigianii_DSM_4541,0.2953547544629097,,,0.0317438985046968,0.2953547544629097,0.2959262385244386,0.5219706288404058,0.2956528909311164
Providencia_stuartii_ATCC_25827,0.3095815587378977,0.0452443461898306,,0.1391029077172069,0.3095815587378977,0.3106635596281311,0.4981445002587529,0.3099962699150211
Pseudoflavonifractor_capillosus_strain_ATCC_29799,0.1130185103252304,0.0122889694912352,,,0.1130185103252304,0.5159429124258982,0.1832876009575749,0.1130252100211451
Pseudomonas_aeruginosa_NCGM2_S1,0.578394127895312,0.0058011732512235,0.5752968960035539,0.5755782118120661,0.6017887960600544,0.9691076642217424,0.7324194670059999,0.6046904343607358
Pseudomonas_alcaliphila_34,0.2116755524875862,0.0387508764796419,,,0.2116755524875862,0.4503401599981823,0.3717453572525685,0.2420901620318117
Pseudoramibacter_alactolyticus_ATCC_23263,0.1064253395755173,0.0117531340816926,,,0.1064253395755173,0.8200421099967498,0.1633747647597321,0.1197255759054943
Pyramidobacter_piscolens_W5455,0.0710609946894689,0.007591759556859,,,0.0710609946894689,0.0710609946894689,0.2039219944054371,0.0796546946393285
Ralstonia_sp_5_7_47FAA,0.0941796353825232,0.0196066262106545,,,0.1088874778241908,0.1142881027010769,0.1720247421552758,0.1218044915478436
Rhodococcus_equi_ATCC_33707,0.321478208773733,0.3214726902345352,,,0.321478208773733,0.7093899322686116,0.4354038579258216,0.3466643756260815
Roseburia_intestinalis_L1_82,0.3264373236898366,0.060430578852395,,0.0256131213848663,0.3264373236898366,0.4743659395180949,0.3986151576882956,0.3307144095618178
Rothia_dentocariosa_ATCC_17931,0.1007587367708153,0.0144951380962409,,,0.1007587367708153,0.4576334489709875,0.1265237573501989,0.117840951444673
Rothia_mucilaginosa_DY_18,0.1350008825911418,0.0262782670439842,,,0.1350008825911418,0.4576361288493534,0.1777168038044539,0.1491271914274085
Ruminococcaceae_bacterium_D16,0.0677875232655183,0.0134978223396817,,,0.0677875232655183,0.1975887718572167,0.1338652841335904,0.0678933784609714
Ruminococcus_albus_7,0.1350765891549786,0.0013505391699798,,,0.1350765891549786,0.8787669545983752,0.1740507301998985,0.1497911312925609
Ruminococcus_bicirculans_80_3,0.1029146989161843,0.0010285816618362,,,0.1029146989161843,0.3927495739149252,0.1490193263231808,0.1087414244532491
Ruminococcus_champanellensis_18P13,0.0167666589962725,0.0017177024612575,,,0.0167666589962725,0.316764972697701,0.056969524271959,0.0230838022742976
Ruminococcus_flavefaciens_FD_1,0.1269143496220293,0.0012684463348759,,,0.1269143496220293,0.8922159241776597,0.2037967100918312,0.1418258628195055
Ruminococcus_gnavus_ATCC_29149,0.2162862832161224,0.0380355745554475,,0.0083455496014826,0.2164149173776858,0.5106722616497583,0.2760174221441446,0.2231099235053031
Ruminococcus_lactaris_ATCC_29176,0.0776849840403898,0.0119006103099593,,,0.0776849840403898,0.4656047471703662,0.1160802713582746,0.0837743376573131
Ruminococcus_sp_5_1_39BFAA,0.0370747772530861,0.00385196164423,,,0.0370747772530861,0.4906837188880787,0.0984728005247,0.0432204083156933
Ruminococcus_torques_ATCC_27756,0.0029157076621025,0.0005096793667151,,,0.0029157076621025,0.002916,0.0029157076621025,0.0029157076621025
Scardovia_inopinata_F0304,0.1571862556432705,0.0951977489126136,,,0.1571862556432705,0.3447422328681375,0.2393372569804377,0.1637532975789159
Slackia_exigua_ATCC_700122,0.0103557199754409,0.0010511207470189,,,0.0103557199754409,0.0103557199754409,0.0661735665196531,0.0195872309763855
Solobacterium_moorei_F0204,0.0329169459683874,0.014363493406036,,,0.0329169459683874,0.0329169459683874,0.1767125193868317,0.0406088668481207
Staphylococcus_arlettae_CVD059,0.2318161783465308,0.0023204256133319,,0.0071514031764541,0.2318161783465308,0.9914277011617576,0.3573403410662479,0.2540893174151427
Staphylococcus_capitis_QN1,0.3230579970704328,0.0032300377285827,,0.0276752984627178,0.3230579970704328,0.9691920803902682,0.4172932399290485,0.3461270600137179
Staphylococcus_caprae_C87,0.3281423963001424,0.0032808731868845,,0.0514719057642505,0.3281423963001424,1.049222627970415,0.4368878405709404,0.3516509592954356
Staphylococcus_epidermidis_ATCC_12228,0.3398400653673094,0.0033978302434071,,0.0473576641384143,0.3398400653673094,1.24407323410727,0.4372301950321845,0.3640882747915919
Staphylococcus_equorum_subsp_equorum_Mu2,0.2547746963072225,0.0025502349972158,,0.0023412790046848,0.2547746963072225,0.822192712385387,0.3886882182513991,0.2747129913495413
Staphylococcus_haemolyticus_JCSC1435,0.3807309894134415,0.0494206380549083,,0.2110298643561289,0.3807309894134415,0.8229805966249625,0.4652335840166887,0.4064343727904093
Staphylococcus_hominis_subsp_hominis_C80,0.3207740707330919,0.0032072022987038,,0.048431691484758,0.3207740707330919,1.030816553383801,0.4088764119513385,0.3451951323119752
Staphylococcus_lugdunensis_HKU09_01,0.3222868620706443,0.0032266306667495,,0.0392648187918899,0.3222868620706443,1.1809694682557588,0.4472857686306443,0.3444079180419912
Staphylococcus_pettenkoferi_VCU012,0.1753303721196172,0.001753009434988,,,0.1753303721196172,0.4952964595253893,0.2903219428917438,0.1993682110921763
Staphylococcus_saprophyticus_subsp_saprophyticus_ATCC_15305,0.2886088306463402,0.0028894572297337,,0.068237210553971,0.2886088306463402,0.8222443000439306,0.4129518369762855,0.3121488822124328
Staphylococcus_simulans_ACS_120_V_Sch1,0.3887116671871008,0.0038916540929128,,,0.3887116671871008,1.255125722457846,0.561218787448239,0.4199670885686284
Staphylococcus_warneri_SG1,0.3581556940590739,0.0035809557881501,,0.0552711850178253,0.3581556940590739,0.8265341153381499,0.5343925350359578,0.3896100964092698
Staphylococcus_xylosus_DMB3_Bh1,0.3963198418678996,0.0039679051399407,,0.0743364275540302,0.3963278815029973,1.1980557027471654,0.5189396864085691,0.4119127141399066
Stenotrophomonas_maltophilia_D457,0.4191691547851808,0.0041909879863432,,0.0249604435203425,0.4191691547851808,0.4576334489709875,0.4576334489709875,0.4389506769430943
Streptococcus_agalactiae_A909,0.3736494108315424,0.048520658852068,,0.0042824922746405,0.3736494108315424,0.3751816312872477,0.6774417623294983,0.3740614421303002
Streptococcus_anginosus_1_2_62CV,0.0184054046170223,0.0018760391668961,,,0.0184054046170223,0.0184054046170223,0.1186020369005894,0.021648057439765
Streptococcus_australis_ATCC_700641,0.09147697805051,0.0099773779160315,,,0.09147697805051,0.09147697805051,0.2525879155606455,0.099744402809321
Streptococcus_constellatus_subsp_constellatus_SK53,0.265015851482521,0.0324445866456167,,0.0084662446908583,0.265015851482521,0.3889970742330695,0.4151091390608376,0.2818240485934652
Streptococcus_cristatus_ATCC_51100,0.3490749262162114,0.0445545118571022,,0.3002326135228657,0.3490749262162114,0.951825798609625,0.5261900973275202,0.3670528902338722
Streptococcus_dysgalactiae_subsp_dysgalactiae_ATCC_27957,0.3043062181746175,0.0381793188577807,,0.0246352636798924,0.3043062181746175,0.3596725052141751,0.4257985038928334,0.3206447666019371
Streptococcus_gallolyticus_subsp_gallolyticus_ATCC_43143,0.2688936354779828,0.0328018765340144,,,0.2688936354779828,0.8432150182267136,0.375668029210659,0.2757119160104316
Streptococcus_gordonii_str_Challis_substr_CH1,0.4856113791110157,0.071890283205186,,0.2068309085865139,0.4856113791110157,1.447831085962796,0.7105081115167848,0.5049909195140438
Streptococcus_intermedius_JTH08,0.0748724516953745,0.0080497939246461,,,0.0748724516953745,0.0748724516953745,0.2490792848100869,0.086761062096112
Streptococcus_mitis_NCTC_12261,0.0510985807418568,0.0053791673055735,,,0.0510985807418568,0.0510985807418568,0.1975097154454226,0.0548504104541212
Streptococcus_mutans_ATCC_25175,0.3098019787334932,0.0857550086320437,,0.0295095650061619,0.3098019787334932,0.7514084151371974,0.4528337868176552,0.3327531270286786
Streptococcus_oralis_Uo5,0.4097400027547507,0.0538793473623619,,0.0749177859193342,0.4097400027547507,0.7111968402568218,0.5256889600730963,0.4184683665924971
Streptococcus_parauberis_KCTC_11537,0.2286633014490458,0.0274620312481701,,,0.2286633014490458,0.3525245996427201,0.425399202016314,0.2482398129119677
Streptococcus_salivarius_JIM8777,0.2488675744191806,0.030346115174519,,0.003034136840224,0.2488675744191806,0.7903296285843908,0.4129766258511702,0.2565347064240293
Streptococcus_sanguinis_SK36,0.3997654954768594,0.0705503506364668,,0.3260881644461235,0.3997654954768594,1.3570327871084504,0.5986104603180934,0.4197480085122157
Streptococcus_sp_2_1_36FAA,0.0299603701612049,0.0031013664424684,,,0.0299603701612049,0.0299603701612049,0.1879278103481361,0.0353100773491389
Streptococcus_sp_I_G2,0.0233584898068026,0.0024022860915809,,,0.0233584898068026,0.0233584898068026,0.1465605379224647,0.0296133259128204
Streptococcus_sp_I_P16,0.0234241468267673,0.0002337553714707,,,0.0234241468267673,0.0234241468267673,0.1473504320708147,0.0301975393965873
Streptococcus_thermophilus_LMG_18311,0.0498571270888522,0.0095566594007898,,,0.0498571270888522,0.0923325292188245,0.1580672656560611,0.0498591369976267
Streptococcus_uberis_0140J,0.2439412880130593,0.0295751267075769,,0.192517492248557,0.2439412880130593,0.3702781238472364,0.4317056257808752,0.2640852637199612
Streptococcus_vestibularis_F0396,0.2784380222781466,0.0341796735301956,,0.013503198918236,0.2784380222781466,0.9139155692759684,0.408517978219899,0.2853594781276828
Subdoligranulum_variabile_DSM_15176,0.1589509555472176,0.0313919405768987,,,0.1589509555472176,0.3869945351241484,0.2444337156627939,0.1589509555472176
Sulfolobus_solfataricus_P2,0.0660643614762426,0.0073896745760145,,,0.0660650314458341,,,0.0896546607616959
Sutterella_wadsworthensis_3_1_45B,0.0201600549770973,0.0020659626651944,,,0.0201600549770973,0.0201600549770973,0.0297613891925366,0.0201600549770973
Tannerella_forsythia_ATCC_43037,0.2421752481699291,0.0295143693105045,,,0.2421752481699291,0.3230084193206636,0.364900947906052,0.2557434723364964
Tropheryma_whipplei_str_Twist,0.0301419319204948,0.0047851052810795,,,0.0301419319204948,0.0335487272931491,0.0301419319204948,0.0301419319204948
Ureaplasma_parvum_serovar_1_str_ATCC_27813,0.0127522012041497,0.0012912537718313,,,0.0127522012041497,0.0127522012041497,0.0127522012041497,0.0127522012041497
Ureaplasma_urealyticum_serovar_8_str_ATCC_27618,0.0033873662545014,0.0003390674229359,,,0.0033873662545014,0.0033873662545014,0.0033873662545014,0.0033873662545014
Varibaculum_cambriense_DSM_15806,0.0370707574355372,0.0003705039386028,,,0.0370707574355372,0.0370707574355372,0.0973104032834895,0.0581486707529564
Veillonella_atypica_ACS_049_V_Sch6,0.1692061800839372,0.0194241393175732,,,0.1692061800839372,0.3774307192058318,0.2671255857260782,0.1829465864355137
Veillonella_dispar_ATCC_17748,0.1550859009739939,0.0177274666697911,,,0.1550859009739939,0.3871915061840423,0.2933897336511113,0.170484482064473
Veillonella_parvula_Te3_DSM_2008,0.1069713647925701,0.0010691260366689,,0.0079449938679174,0.1069713647925701,0.315504759896135,0.223889768109781,0.121558612707772
Veillonella_ratti_ACS_216_V_Col6b,0.1385678006961588,0.0159852175172902,,,0.1385678006961588,0.4576334489709875,0.2706650350778448,0.1522921277775399
Veillonella_sp_3_1_44,0.0888989350625112,0.0096812698294241,,,0.0888989350625112,0.213769207460948,0.1947809292993417,0.1012364250895375
Veillonella_sp_6_1_27,0.1572927808083151,0.0180283313452401,,,0.1572927808083151,0.2822829777636261,0.2633945250711497,0.169655059710226
Vibrio_furnissii_NCTC_11218,0.4576334489709875,0.0045764392336938,,0.0476925545088306,0.4576334489709875,0.4576334489709875,0.4576334489709875,0.4576334489709875
Vibrio_mimicus_MB_451,0.4576334489709875,0.0045808035663599,,0.0338497641584299,0.4576334489709875,0.4576334489709875,0.4576334489709875,0.4576334489709875
Vibrio_parahaemolyticus_RIMD_2210633,0.4576334489709875,0.0045764392336938,,0.1043852358417347,0.4576334489709875,0.4576334489709875,0.4576334489709875,0.4576334489709875
Weissella_cibaria_KACC_11862,0.156150482654849,0.0178110335611825,,,0.156150482654849,0.3384056604719597,0.2423099120578157,0.1657913450761852
Yersinia_enterocolitica_subsp_enterocolitica_8081,0.4714462120384436,0.253023950439883,,0.2518297965214506,0.4714462120384436,1.4043788681684517,0.5682943363038148,0.5028068186458328
Yersinia_frederiksenii_ATCC_33641,0.5257204486438957,0.3552118580043948,,0.3550353771408974,0.5257204486438957,1.536250992767402,0.644008269806083,0.5456929121353797
Yersinia_kristensenii_ATCC_33638,0.4144894171887225,0.0552778521332791,,0.2211754451747951,0.4144894171887225,0.4576334489709875,0.4576334489709875,0.4429604449480768
Yersinia_pseudotuberculosis_YPIII,0.3218386524139469,0.0032245987722977,,0.1392323187775981,0.3218386524139469,0.9909446530863036,0.4658131077133153,0.3717708160970445
Yersinia_rohdei_ATCC_43380,0.4290458465027165,0.405459650770788,,0.2379970064020891,0.4290458465027165,0.4576334489709875,0.4576334489709875,0.4562606812780537
