,base,low_iron,low_zinc,high_FA,high_carbs,high_prot
Abiotrophia_defectiva_ATCC_49176,0.0017929133563685,0.0017929133563685,,0.0017929133563685,0.077969721116767,0.0017929133563685
Acidaminococcus_fermentans_DSM_20731,0.0010956339372292,0.0010956339372292,,0.0010956339372292,0.0010956339372292,0.0019752273797935
Acidaminococcus_intestini_RyC_MR95,0.0020541313064432,0.0003226229285335,,0.0020541313064432,0.0020541313064432,0.0020541313064432
Acidaminococcus_sp_D21,0.0433858596197561,0.0074007607244486,,0.0433858596197561,0.0893234876243146,0.0764866486493008
Acinetobacter_calcoaceticus_PHEA_2,0.0010908583516378,0.0010908583516378,0.0011150996483409,0.0010890627000302,0.0010908583516378,0.0009759366487492
Acinetobacter_haemolyticus_NIPH_261,0.0022436738576764,,,0.0022436738576764,0.0022436738576764,0.0022436738576764
Acinetobacter_johnsonii_SH046,0.0041348615613697,0.002191360522269,,0.0041348615613697,0.0041348615613697,0.0041348615613697
Acinetobacter_junii_SH205,0.0018545127850776,0.0018545127850776,,0.0018545127850776,0.0018545127850776,0.0103562999015119
Acinetobacter_lwoffii_WJ10621,0.0004285711730471,0.0001386159887824,,0.0004285711730471,0.0004285711730471,0.0004285711730471
Acinetobacter_pittii_ANC_4052,0.0033636346753784,0.0033636346753784,,0.0033636346753784,0.0033636346753784,0.0033636346753784
Actinobacillus_pleuropneumoniae_L20,0.001719950999929,0.0013818986456864,0.001719950999929,0.001719950999929,0.001719950999929,0.001719950999929
Actinomyces_cardiffensis_F0333,0.0015744974220345,0.0015744974220345,,0.0015744974220345,0.0015744974220345,0.0015744974220345
Actinomyces_graevenitzii_C83,0.0032482428815215,0.0032482428815215,,0.0032482428815215,0.0032482428815215,0.0032482428815215
Actinomyces_odontolyticus_ATCC_17982,0.0010330924966801,0.0010330924966801,,0.0010330924966801,0.0010330924966801,0.0022616498484243
Actinomyces_turicensis_ACS_279_V_Col4,0.0020111403327185,0.0020111403327185,0.002907163773578,0.0020111403327185,0.0020111403327185,0.0020111403327185
Actinomyces_urogenitalis_DSM_15434,0.0010963865898354,0.0010963865898354,0.0010963865898354,0.0010980996938821,0.0010963865898354,0.0027775126942499
Actinomyces_viscosus_C505,0.0014043762399771,0.0005703050720719,,0.0014043762399771,0.0035020295831918,0.0014043762399771
Adlercreutzia_equolifaciens_DSM_19450,0.0165730179518622,0.0021717006650391,,0.0165730179518622,0.0165730179518622,0.0165730179518622
Aerococcus_viridans_ATCC_11563,0.0010916740515762,0.000270453442455,,0.0010916740515762,0.0010916740515762,0.0252014715570987
Aeromonas_caviae_Ae398,0.0037419788279316,,0.0037821306884599,0.0037821306884599,0.0057513175874134,0.0053070285220024
Aeromonas_hydrophila_subsp_hydrophila_ATCC_7966,0.0019709035803848,,0.0019709035803848,0.0019709035803848,0.0019709035803848,0.0139362053780748
Aeromonas_veronii_B565,0.0018321468532373,0.0017867577935096,0.001815562389106,0.001815562389106,0.0018321468532373,0.0018295282536376
Afipia_birgiae_34632,0.0014187864183724,0.0014187864183724,,0.0014187864183724,0.00231719747696,0.0011796327369652
Akkermansia_muciniphila_ATCC_BAA_835,0.1231311776596865,0.0012499684598641,,0.1231311776596865,0.2561936919019681,0.2030177467341291
Alcaligenes_faecalis_subsp_faecalis_NBRC_13111,0.0025880585099775,0.0025880585099775,,0.0025880585099775,0.0025880585099775,0.0025613774944107
Alistipes_finegoldii_DSM_17242,0.2285413485412411,0.2246649586051255,,0.2285413485412411,0.4571175723855512,0.3984599282712806
Alistipes_indistinctus_YIT_12060,0.0255135822930811,0.0125550743519953,,0.0255135822930811,0.1536192209943565,0.0431977897140467
Alistipes_onderdonkii_DSM_19147,0.1357044826657062,0.0640552912116544,,0.1357044826657062,0.2722877014283991,0.2722877014283991
Alistipes_shahii_WAL_8301,0.1848707576440618,0.0258829954635112,,0.1848707576440618,0.2636169187582533,0.3225644169673979
Anaerobaculum_hydrogeniformans_OS1_ATCC_BAA_1850,0.00349913471672,,,0.00349913471672,0.00349913471672,0.0043061016323097
Anaerococcus_hydrogenalis_DSM_7454,0.0019063670677197,0.0019063670677197,,0.0019063670677197,0.0019063670677197,0.0019063670677197
Anaerococcus_prevotii_DSM_20548,0.0024636299778419,0.0024636299778419,0.0024636299778419,0.0024636299778419,0.0016424199852279,0.0024636299778419
Anaerofustis_stercorihominis_DSM_17244,0.0025710510391134,0.0007468975085692,,0.0025710510391134,0.081411828434049,0.0025710510391134
Anaerostipes_caccae_DSM_14662,0.0027441954466847,0.0002867469851516,,0.0027441954466847,0.0027441954466847,0.0027441954466847
Anaerostipes_sp_3_2_56FAA,0.0024011710158491,0.0002397653675493,,0.0024011710158491,0.0024011710158491,0.0024011710158491
Anaerotruncus_colihominis_DSM_17241,0.0692938418254148,0.0690545856719664,0.069084091792767,0.0692938418254148,0.334330006167258,0.1426133448278868
Arcanobacterium_haemolyticum_DSM_20595,0.0048625442830692,0.0013415722338307,,0.0048625442830692,0.0048625442830692,0.0107319228060787
Arcobacter_butzleri_RM4018,0.0008068596234395,,,0.0008068596234395,0.0008068596234395,0.0008068596234395
Atopobium_minutum_10063974,0.0028100793542396,0.0006636349766469,0.0028100793542396,0.0028100793542396,0.0028100793542396,0.0028100793542396
Atopobium_parvulum_DSM_20469,0.0011163204342253,0.0011163204342253,,0.0011163204342253,0.0011163204342253,0.0013293239842113
Atopobium_rimae_ATCC_49626,0.0017459322856927,0.0019432095579608,0.0017459322856927,0.0019432095579608,0.0017459322856927,0.0046567669658448
Bacillus_atrophaeus_ATCC_49822_1,0.024797597576553,0.0053764952221877,0.0230971938149209,0.024770428025945,0.024797597576553,0.0621695707542733
Bacillus_cereus_AH187_F4810_72,0.0021736146521113,0.0021736146521113,0.0021736146521113,0.0021736146521113,0.0021736146521113,0.0021736146521113
Bacillus_cereus_G9842,0.00744136871143,0.004489831351901,0.00744136871143,0.00744136871143,0.023786170635949,0.00744136871143
Bacillus_clausii_KSM_K16,0.001009805485716,,0.001009805485716,0.001009805485716,0.0025432138158773,0.0025432138158773
Bacillus_endophyticus_2102,0.001026814964107,0.0007451867634625,0.0010319090142478,0.0007211719556556,0.0013914034099026,0.0200909337555399
Bacillus_fordii_DSM_16014,0.0053817702053166,0.0053817702053166,,0.0039140146947757,0.0053817702053166,0.0058471327923176
Bacillus_halodurans_C_125,0.0020680444162109,0.0020680444162109,0.0020680444162109,0.0030901987259572,0.0020680444162109,0.0020680444162109
Bacillus_mojavensis_RO_H_1,0.0014386746429609,0.0014386746429609,0.0014386746429609,0.0014386746429609,0.0008212969641456,0.0014386746429609
Bacillus_mycoides_DSM_2048,0.0018479422762619,,0.0018479422762619,0.0018479422762619,0.0008148469606103,0.0018479422762619
Bacillus_pseudofirmus_OF4,0.0011226393747548,0.001027078512383,0.0011226393747548,0.0011226393747548,0.0011226393747548,0.0037027826587944
Bacillus_pumilus_ATCC_7061,0.0029451370905222,0.0037743783763274,0.005523480550723,0.0014722089436627,0.0029451370905222,0.0069791478208615
Bacillus_sonorensis_L12,0.0022893143476807,0.0022893143476807,0.0022893143476807,0.0022893143476807,0.0022893143476807,0.0022893143476807
Bacillus_vallismortis_DV1_F_3,0.0033958821961056,0.0038800607123472,0.0038800607123472,0.0050748730586891,0.0033958821961056,0.0037597267171169
Bacteroides_caccae_ATCC_43185,0.4355107863302964,0.1643691790125857,0.0464758169281525,0.4355107863302964,0.8710797235057823,0.5455895055476234
Bacteroides_clarus_YIT_12056,0.1712614937431796,0.1230712661942965,,0.1712614937431796,0.4845622067307645,0.3377909346862541
Bacteroides_coprocola_M16_DSM_17136,0.0534337507772178,0.0069584703915996,,0.0534337507772178,0.1139363686655522,0.1139363686655522
Bacteroides_coprophilus_DSM_18228,0.0026336818689158,0.0026336818689158,,0.0026336818689158,0.0026336818689158,0.0026336818689158
Bacteroides_dorei_DSM_17855,0.1312056743131867,0.0869544218388599,,0.1312056743131867,0.2624123496500462,0.2438498671757739
Bacteroides_eggerthii_1_2_48FAA,0.3355755328685803,0.1367162186421286,,0.3355755328685803,0.6712586129697684,0.4585257057369148
Bacteroides_eggerthii_DSM_20697,0.3194386368032674,0.1310180968687606,0.3191224152184255,0.3194386368032674,0.6388870222488421,0.4410468566849416
Bacteroides_faecis_MAJ27,0.2720543821260033,0.1672286724092345,,0.2720543821260033,0.457633528587125,0.457633528587125
Bacteroides_finegoldii_DSM_17565,0.096295626163322,0.0765016541954946,,0.096295626163322,0.2434146919141593,0.1527312422566096
Bacteroides_fluxus_YIT_12057,0.0314939898899477,0.0240720949874635,,0.0314939898899477,0.3238041496677055,0.0768256953618691
Bacteroides_fragilis_3_1_12,0.0015846173239078,0.0015846173239078,0.0015846173239078,0.0015846173239078,0.0015853914408223,0.0015846173239078
Bacteroides_fragilis_638R,0.4179025041198024,0.1212097301487931,0.0187030351974121,0.4179025041198024,0.8435439732961281,0.5860480115303195
Bacteroides_fragilis_NCTC_9343,0.429294529115334,0.0885628620901121,0.0192602970788526,0.429294529115334,0.8697250449918184,0.6059765058713652
Bacteroides_fragilis_YCH46,0.2272223543904949,0.046283225532756,,0.2272223543904949,0.4597961108122713,0.3108487542749382
Bacteroides_intestinalis_341_DSM_17393,0.1940389217402222,0.047828178521024,,0.1940389217402222,0.388085245619071,0.3102917295104018
Bacteroides_nordii_CL02T12C05,0.0041447528735359,0.0040157195463778,,0.0041447528735359,0.0041447528735359,0.0041447528735359
Bacteroides_oleiciplenus_YIT_12058,0.1405774853712986,0.1044228830627162,,0.1405774853712986,0.3545787264101848,0.3072704979343874
Bacteroides_ovatus_ATCC_8483,0.2311939556250182,0.1087214253993785,,0.2311939556250182,0.4595148278091244,0.2606534432589691
Bacteroides_ovatus_SD_CC_2a,0.0008334492205024,0.0016554924888181,,0.0008334492205024,0.0016603807540409,0.0008334492205024
Bacteroides_ovatus_SD_CMC_3f,0.2133012561789578,0.0400693624334681,,0.2133012561789578,0.4269461618030314,0.3409083929066663
Bacteroides_plebeius_M12_DSM_17135,0.0030118482984793,0.0015059241492396,,0.0030118482984793,0.0045177724477189,0.0045177724477189
Bacteroides_salyersiae_WAL_10018,0.2103877741242289,0.0299065034472817,,0.2103877741242289,0.5305234606451854,0.366012900301801
Bacteroides_sp_1_1_14,0.1229732232300931,0.0329098023419687,,0.1229732232300931,0.2541945026410044,0.1890769427107599
Bacteroides_sp_1_1_30,0.1420237602246073,0.0199949984926084,,0.1420237602246073,0.2196150383126937,0.236555471111341
Bacteroides_sp_1_1_6,0.1035337758853192,0.0181705996578752,,0.1035337758853192,0.1816445204078462,0.1784539071378094
Bacteroides_sp_20_3,0.0701042781128415,0.0104569148359997,,0.0701042781128415,0.140208556225683,0.1282572615599158
Bacteroides_sp_2_1_22,0.0966316568102572,0.0127971275027461,,0.0966316568102572,0.1716302849125366,0.1606659526034664
Bacteroides_sp_2_1_33B,0.0632271205676389,0.0064274891998292,,0.0632271205676389,0.1264581003302343,0.1206471175246846
Bacteroides_sp_2_1_7,0.0730505903898926,0.0180617141626441,,0.0730505903898926,0.1461123282657674,0.133565832792812
Bacteroides_sp_2_2_4,0.1122416083742858,0.0154894903087204,,0.1122416083742858,0.1882305526374914,0.1880920301935811
Bacteroides_sp_3_1_19,0.0610958669858583,0.0061938620033881,,0.0610958669858583,0.1221917339717166,0.1098813866275354
Bacteroides_sp_3_1_23,0.1088152561838151,0.0234997052808713,,0.1088152561838151,0.1842234523047027,0.1823036527842151
Bacteroides_sp_3_1_33FAA,0.1026668101673383,0.017392073463101,,0.1026668101673383,0.2053336203346766,0.2001373036640671
Bacteroides_sp_3_1_40A,0.0761168529191391,0.0077418288555268,,0.0761168529191391,0.1522371902710389,0.1522371902710389
Bacteroides_sp_3_2_5,0.098168532872754,0.0221834064016599,,0.098168532872754,0.1724293885921496,0.1698306442123535
Bacteroides_sp_4_1_36,0.0306012671247779,0.0041857624821697,,0.0306012671247779,0.0612044020596773,0.0612044020596773
Bacteroides_sp_4_3_47FAA,0.0939436657460138,0.0096151971555652,,0.0939436657460138,0.1878916319901964,0.1878916319901964
Bacteroides_sp_9_1_42FAA,0.1839508391032876,0.0347470414997825,,0.1839508391032876,0.3679030816454548,0.2885891368055528
Bacteroides_sp_D1,0.0972245753750691,0.0128593299715589,,0.0972245753750691,0.1727991009185803,0.1617882625419178
Bacteroides_sp_D2,0.0676429562567096,0.0181100866500401,,0.0676429562567096,0.1501509727002823,0.0810324042065023
Bacteroides_sp_D20,0.0696213688340357,0.0093300527467543,,0.0696213688340357,0.1392438000139579,0.1392438000139579
Bacteroides_sp_D22,0.109224815773622,0.014459975610772,,0.109224815773622,0.1849071881223255,0.1830655245619402
Bacteroides_stercoris_ATCC_43183,0.3269876465426391,0.1340301045707486,,0.3269876465426391,0.6540551337998535,0.4533124984013005
Bacteroides_thetaiotaomicron_VPI_5482,0.2051555337385104,0.0021791194261411,,0.2051555337385104,0.4357308030864617,0.3048406899431263
Bacteroides_uniformis_ATCC_8492,0.2970526680242371,0.0547255513707342,,0.2970526680242371,0.5941223340247972,0.4414493436887111
Bacteroides_ureolyticus_DSM_20703,0.0010527381363775,0.000186988251274,,0.0010527381363775,0.0010527381363775,0.0061517419180607
Bacteroides_vulgatus_ATCC_8482,0.3574133677517187,0.0454797275851977,,0.3574133677517187,0.7148267355034374,0.4541148822417492
Bacteroides_xylanisolvens_SD_CC_1b,0.0979990507614983,0.0139174227940976,,0.0979990507614983,0.1736164076196523,0.1626556767856074
Bartonella_quintana_Toulouse,0.0009155134467516,,,0.0009155134467516,0.0009155134467516,0.0009155134467516
Bifidobacterium_adolescentis_ATCC_15703,0.1189878445983219,0.0008447742429059,,0.1192245670510044,0.2214979498432581,0.2433543946509265
Bifidobacterium_angulatum_DSM_20098,0.0013524295983221,0.0013524295983221,,0.0013524295983221,0.0710233679680071,0.0013524295983221
Bifidobacterium_animalis_lactis_AD011,0.001112583505448,0.0009820800207704,,0.001112583505448,0.0346404154676958,0.0281317606622536
Bifidobacterium_animalis_lactis_BB_12,0.009210727396387,0.0034183127342741,,0.009210727396387,0.009210727396387,0.0340524713729191
Bifidobacterium_animalis_lactis_Bi_07,0.0025048036248029,,,0.0025048036248029,0.0226969118052753,0.0025048036248029
Bifidobacterium_animalis_lactis_Bl_04_ATCC_SD5219,0.0011208090546539,0.0007418002049826,,0.0011208090546539,0.0454185945748712,0.0011208090546539
Bifidobacterium_animalis_lactis_CNCM_I_2494,0.0019732259356007,0.0019732259356007,,0.0019732259356007,0.0771688912400966,0.0037691838425041
Bifidobacterium_animalis_lactis_DSM_10140,0.0011081954479295,0.0007411995570433,,0.0011081954479295,0.0447140345421225,0.0011081954479295
Bifidobacterium_animalis_lactis_V9,0.0024602539591974,0.0008048682386046,,0.0024602539591974,0.0023833710229725,0.0024602539591974
Bifidobacterium_bifidum_BGN4,0.0214674777764027,0.0098823087034982,,0.0214674777764027,0.0214674777764027,0.0832825799771699
Bifidobacterium_bifidum_NCIMB_41171,0.0034945410659633,0.0006083207451487,,0.0034945410659633,0.0034945410659633,0.0559982764826197
Bifidobacterium_bifidum_PRL2010,0.0012413601694699,0.0007974541391562,,0.0012413601694699,0.0012413601694699,0.0001546393958059
Bifidobacterium_bifidum_S17,0.0012650360592108,0.0002485978313473,,0.0012650360592108,0.0014588967533807,0.0018488988557696
Bifidobacterium_breve_HPH0326,0.0012624320758376,0.0012173452159863,,0.0012624320758376,0.0010820846364323,0.0012624320758376
Bifidobacterium_breve_UCC2003_NCIMB8807,0.0067806497984892,0.0011064760082253,,0.0067806497984892,0.0067806497984892,0.0815798822493837
Bifidobacterium_catenulatum_DSM_16992,0.0027786056475727,0.0015973955670005,,0.0027786056475727,0.0991822983220728,0.0289400253244604
Bifidobacterium_dentium_ATCC_27678,0.0044889069004899,0.0008505886335439,,0.0044889069004899,0.0044889069004899,0.0615697463195187
Bifidobacterium_gallicum_DSM_20093,0.0013330914769776,0.0010663689931118,,0.0013330914769776,0.0021332589285749,0.0010668899354631
Bifidobacterium_longum_DJO10A,0.014305191197668,0.0003657280437679,,0.014305191197668,0.014305191197668,0.0926658407160287
Bifidobacterium_longum_E18,0.1293068526813844,0.0015665480016913,,0.1293068526813844,0.3133621971425954,0.1919137851808743
Bifidobacterium_longum_NCC2705,0.0457463246107762,0.044443398344443,,0.0457463246107762,0.1274456355080696,0.0899787266867161
Bifidobacterium_longum_infantis_157F_NC,0.0529600853633677,0.0392518567303886,,0.0529600853633677,0.125498703875241,0.1078178943525344
Bifidobacterium_longum_infantis_ATCC_15697,0.0020115006064742,0.0020115006064742,,0.0020115006064742,0.0657472284627177,0.0197378497010284
Bifidobacterium_longum_longum_ATCC_55813,0.0110789807531822,0.0110789807531822,,0.0110789807531822,0.0170619507721218,0.0790085562493768
Bifidobacterium_longum_longum_BBMN68,0.1298634898437316,0.0014978072620559,,0.1298634898437316,0.2996117412471468,0.1978008499104975
Bifidobacterium_longum_longum_CCUG_52486,0.0478981315257361,0.0422194870664993,,0.0478981315257361,0.1320871848378137,0.1134675798065647
Bifidobacterium_longum_longum_JCM_1217,0.1330461395244516,0.0014987787568106,,0.1330461395244516,0.2991213235061866,0.1998436335660934
Bifidobacterium_longum_longum_JDM301,0.0065062677525307,0.0015559240674619,,0.0065062677525307,0.2374283137740361,0.0333677740968978
Bifidobacterium_pseudocatenulatum_DSM_20438,0.0032002104954952,0.0032002104954952,,0.0032002104954952,0.0088692823256303,0.0517950784957297
Bifidobacterium_thermophilum_RBL67,0.0022403940163072,0.0022403940163072,,0.0022403940163072,0.0017923152130458,0.0017923152130458
Bilophila_wadsworthia_3_1_6,0.1124578968413231,0.0291901468725075,,0.1124578968413231,0.1124578968413231,0.215320784952964
Blautia_hansenii_VPI_C7_24_DSM_20583,0.0016729526614556,0.0016729526614556,,0.0016729526614556,0.0016729526614556,0.0016729526614556
Blautia_hydrogenotrophica_DSM_10507,0.0071932339018986,0.0071932339018986,,0.0071932339018986,0.0124773870709455,0.0124449782733586
Brachybacterium_paraconglomeratum_LC44,0.0046241941567659,0.0036692559601149,0.0046241941567659,0.0046241941567659,0.0046241941567659,0.044031071521379
Brachyspira_pilosicoli_B2904,0.0027407906402843,0.0027488203003632,,0.0021920972015555,0.0027407906402843,0.0021926325122274
Bradyrhizobium_elkanii_USDA_76,0.0029146405919471,0.0027504133182694,0.0029156899674977,0.0029162146552731,0.0029162146552731,0.0053240068562534
Brevibacillus_agri_BAB_2500,0.0018161164716234,0.0014775184853885,0.0018161164716234,0.0018161164716234,0.0018161164716234,0.0018161164716234
Brevibacillus_borstelensis_AK1,0.0024752759336312,,0.0024752759336312,0.0026299806794832,0.0026299806794832,0.0026299806794832
Brevibacillus_brevis_NBRC_100599,0.0031398720287644,0.0031398720287644,0.0031398720287644,0.0054728740412086,0.0495256991233498,0.0054693697197479
Brevibacterium_casei_S18,0.0039263800901669,0.0039263800901669,0.0039263800901669,0.0039263800901669,0.0039263800901669,0.0128898093339565
Brevibacterium_massiliense_5401308,0.0012965985417555,0.0005215875200765,,0.0012965985417555,0.0052260801739845,0.0085086798927273
Brevundimonas_diminuta_470_4,0.0013886984138108,,,0.0013886984138108,0.0013886984138108,0.0159162727766372
Bulleidia_extructa_W1219,0.0032435538150974,0.0003653119732894,,0.0032435538150974,0.0032435538150974,0.0032435538150974
Burkholderiales_bacterium_1_1_47,0.004699166714611,0.0005965738993158,,0.004699166714611,0.004699166714611,0.004699166714611
Butyricicoccus_pullicaecorum_1_2,0.0061033338012165,0.0061033338012165,0.0061033338012165,0.0061033338012165,0.0995896107673595,0.0807638709053201
Butyricimonas_synergistica_DSM_23225,0.0019273199639098,0.0019273199639098,,0.0019273199639098,0.0019273199639098,0.0291487663544428
Butyrivibrio_crossotus_DSM_2876,0.0191812282589836,0.0049866565485841,,0.0191812282589836,0.0757209957439835,0.0191812282589836
Butyrivibrio_fibrisolvens_16_4,0.0073710891916153,0.0045844359657324,,0.0073710891916153,0.0073701894004542,0.0073710891916153
Campylobacter_coli_JV20,0.0022119005733134,0.0009924157656417,,0.0022119005733134,0.0441630409274518,0.0135885449997706
Campylobacter_concisus_13826,0.0081096861760491,0.0008395886848106,,0.0081096861760491,0.0081096861760491,0.016395495842595
Campylobacter_curvus_525_92,0.0010122403065209,,,0.0010122403065209,0.0010122403065209,0.0010122403065209
Campylobacter_fetus_subsp_fetus_82_40,0.0015108363872209,,,0.0015108363872209,0.0015108363872209,0.0044713770535092
Campylobacter_gracilis_RM3268,0.0182908470138189,0.0028027126533815,,0.0182908470138189,0.0182908470138189,0.0182908470138189
Campylobacter_hominis_ATCC_BAA_381,,,,,,0.0004297818944622
Campylobacter_jejuni_jejuni_81_176,0.0045140808627241,,,0.0045140808627241,0.0045140808627241,0.0045140808627241
Campylobacter_jejuni_jejuni_M1,0.0045154275541488,0.0007220715449139,,0.0045154275541488,0.0045154275541488,0.0047976417762831
Campylobacter_jejuni_jejuni_NCTC_11168,0.0105194345886141,,,0.0105194345886141,0.0105194345886141,0.0105194345886141
Campylobacter_lari_RM2100,0.0032559539722661,0.0032559539722661,,0.0032559539722661,0.0032559539722661,0.0141201357334247
Campylobacter_rectus_RM3267,0.0016753009388138,0.0016760283816878,,0.0016753009388138,0.0016753009388138,0.0016753009388138
Campylobacter_upsaliensis_JV21,0.0014865931711637,0.0014865931711637,,0.0014865931711637,0.0014865931711637,0.0014865931711637
Capnocytophaga_granulosa_ATCC_51502,0.001252752162253,0.0006488488041936,,0.001252752162253,0.001252752162253,0.0228723289427915
Capnocytophaga_ochracea_DSM_7271,0.0023312088973997,0.0023312088973997,0.0023312088973997,0.0023312088973997,0.0023312088973997,0.0047393177828626
Capnocytophaga_sputigena_ATCC_33612,0.0039773608430635,0.0022727776246077,0.0039773608430635,0.0039773608430635,0.0039773608430635,0.0042614580461395
Catenibacterium_mitsuokai_DSM_15897,0.1464406824623385,0.0240625484664336,,0.1464406824623385,0.335354618952379,0.3055705070198179
Citrobacter_koseri_ATCC_BAA_895,0.0010705862607003,0.0010705862607003,0.0010087911977985,0.0016119532647545,0.009866611709987,0.0009850238659132
Citrobacter_sp_30_2,0.0028322872882233,0.0028322872882233,0.0018881915254822,0.0018881915254822,0.0028322872882233,0.0028322872882233
Citrobacter_youngae_ATCC_29220,0.0019910074607639,0.0018610603740961,0.0027915905611442,0.0018610603740961,0.0019910074607639,0.0019910074607639
Clostridiales_sp_1_7_47FAA,0.202783454914686,0.0373842554684011,,0.202783454914686,0.5096686888908144,0.2396146854579492
Clostridium_beijerinckii_NCIMB_8052,0.0151350576229842,0.0095737825523528,0.0151350576229842,0.0173523579840857,0.0151003201358017,0.0231253350992445
Clostridium_bolteae_ATCC_BAA_613,0.2833495774140315,0.0429296039105201,0.0460265990776788,0.2833495774140315,0.2837811312084138,0.4995915721922207
Clostridium_botulinum_A_str_ATCC_19397,0.0100050121094278,0.0020756101439949,0.0100050121094278,0.0100050121094278,0.0100050121094278,0.032156511101953
Clostridium_botulinum_A_str_Hall,0.0105079362365227,0.0020656329400934,0.0105079362365227,0.0105079362365227,0.0105079362365227,0.0410609786513924
Clostridium_botulinum_Bf,0.0055104434005621,0.0032669192422831,0.0055104434005621,0.0055104434005621,0.0055104434005621,0.0577332288948475
Clostridium_botulinum_E1_str_BoNT_E_Beluga,0.0508553242046394,0.0452047326263461,0.0496293739159244,0.0508553242046394,0.0508553242046394,0.0508553242046394
Clostridium_botulinum_F_str_230613,0.0039803074477571,0.003481591211912,0.0039803074477571,0.0039803074477571,0.0039803074477571,0.0169651014263805
Clostridium_citroniae_WAL_17108,0.2686268006135059,0.0623862246058897,0.0775833486126692,0.2686268006135059,0.4933748446230495,0.306497599027728
Clostridium_clariflavum_DSM_19732,0.0030342248340482,0.0030342248340482,0.0014693095382124,0.0030342248340482,0.0030342248340482,0.0029443697986878
Clostridium_clostridioforme_CM201,0.4498184063907211,0.0809714883157614,0.169488892288373,0.4498184063907211,0.8180195655455815,0.5084082245490753
Clostridium_difficile_CD196,0.0022190553759446,0.0021901928892036,,0.0022197265965665,0.0022190553759446,0.0022190553759446
Clostridium_hathewayi_12489931,0.4864408439772949,0.0815619493974612,0.2623265496482934,0.4864408439772949,0.5732296073279113,0.5448404488187142
Clostridium_hylemonae_DSM_15053,0.0037723475310032,0.0002726776237306,,0.0037723475310032,0.0037723475310032,0.0037723475310032
Clostridium_innocuum_2959,0.2448278781505017,0.2242497036731943,0.0124159749479402,0.2448278781505017,0.3826039960890204,0.3105803854184444
Clostridium_leptum_DSM_753,0.0235574109304699,0.0030294370039487,,0.0235574109304699,0.0587040755442898,0.0415450290488306
Clostridium_perfringens_ATCC_13124,0.0013290757307085,0.0013290757307085,,0.0013290757307085,0.0013290757307085,0.0013290757307085
Clostridium_saccharoperbutylacetonicum_N1_4_HMT,0.002170490229866,0.001229500600558,0.002170490229866,0.0022725787273852,0.002170490229866,0.001237823032421
Clostridium_scindens_ATCC_35704,0.0059555795324003,0.0059555795324003,,0.0059555795324003,0.0059555795324003,0.0059555795324003
Clostridium_sp_7_2_43FAA,0.0182857143133556,0.0182857143133556,0.0182857143133556,0.0182857143133556,0.0371876671292497,0.0206122132640075
Clostridium_sp_L2_50,0.0019068381400887,0.000899682838976,,0.0019068381400887,0.0021792435886728,0.0021792435886728
Clostridium_sp_M62_1,0.0028299515543936,,,0.0028299515543936,0.0028299515543936,0.0028299515543936
Clostridium_sp_SY8519,0.0032821739748217,0.000421038768803,,0.0032821739748217,0.0842540358848097,0.0160271139275814
Clostridium_spiroforme_DSM_1552,0.0015088873252941,0.0015088873252941,,0.0015088873252941,0.0014568567278702,0.0015088873252941
Clostridium_sporogenes_ATCC_15579,0.0046543649299593,0.0031370235782043,0.0046543649299593,0.0046543649299593,0.0046543649299593,0.0376448957580606
Clostridium_sporosphaeroides_DSM_1294,0.001477569114423,0.001477569114423,,0.001477569114423,0.001477569114423,0.0007626403653152
Clostridium_sticklandii_DSM_519,0.0008784184604939,0.0005856123069959,,0.0008784184604939,0.0008784184604939,0.002272107124702
Clostridium_symbiosum_WAL_14163,0.1388945753384154,0.0159849896917467,,0.1388945753384154,0.2835257713558136,0.2835257713558136
Clostridium_symbiosum_WAL_14673,0.0398527224179414,0.0159896292025434,,0.0398527224179414,0.0398527224179414,0.0398527224179414
Collinsella_aerofaciens_ATCC_25986,0.0878169758818105,0.0273627589414943,,0.0878169758818105,0.3193841904367366,0.1079152056364615
Collinsella_intestinalis_DSM_13280,0.0023125466008267,0.0022690734347467,,0.0023125466008267,0.0023125466008267,0.0023125466008267
Collinsella_stercoris_DSM_13279,0.001362516839229,0.001362516839229,,0.001362516839229,0.0050007786500735,0.0050007786500735
Collinsella_tanakaei_YIT_12063,0.0016537064582604,0.0016537064582604,0.0016537064582604,0.0016537064582604,0.0016537064582604,0.0016537064582604
Coprobacillus_sp_29_1,0.001932420722845,0.0017521118034198,,0.001932420722845,0.001932420722845,0.001932420722845
Coprobacillus_sp_D7,0.003852626113888,0.0038535703849944,,0.0038535703849944,0.0038375177761865,0.003852626113888
Coprococcus_comes_ATCC_27758,0.039527377827393,0.021332135824924,,0.039527377827393,0.039527377827393,0.0350620734109333
Coprococcus_eutactus_ATCC_27759,0.0031970111443234,0.0039018209742365,,0.0031970111443234,0.0031970111443234,0.0032024747864157
Corynebacterium_ammoniagenes_DSM_20306,0.0027661934529102,0.0008840481637746,,0.0027661934529102,0.0027661934529102,0.0073045323089291
Corynebacterium_amycolatum_SK46,0.0040122614172023,0.0040122614172023,,0.0040769753110281,0.0040122614172023,0.0041411836275584
Corynebacterium_aurimucosum_ATCC_700975,0.0026981607632607,0.0026981607632607,,0.0026981607632607,0.0026981607632607,0.0227641090315172
Corynebacterium_durum_F0235,0.0015011977231372,0.0015011977231372,,0.0015011977231372,0.0015011977231372,0.0033776948770589
Corynebacterium_glucuronolyticum_ATCC_51867,0.0020063757316597,0.0018391777540214,,0.0020063757316597,0.0020063757316597,0.0020063757316597
Corynebacterium_kroppenstedtii_DSM_44385,0.0017009658774513,0.0010798444256108,,0.0017009658774513,0.0017009658774513,0.0017009658774513
Corynebacterium_propinquum_DSM_44285,0.0021594364676572,0.0006285158772703,,0.0021594364676572,0.0021594364676572,0.0021594364676572
Corynebacterium_tuberculostearicum_SK141,0.0013132137743343,0.0013132137743343,,0.0013132137743343,0.0013137237602661,0.0016166554037436
Corynebacterium_ulcerans_809,0.0001593618119661,0.0001593618119661,0.0245162810070717,0.0001593618119661,0.0490325620141434,0.0001436500840258
Cronobacter_sakazakii_ATCC_BAA_894,0.0011687016817991,,0.0011687016817991,0.0017032524901279,0.0061158095045207,0.0037418556583015
Cryptobacterium_curtum_DSM_15641,0.0024351719726165,0.0024351719726165,,0.0024351719726165,0.0024351719726165,0.0024351719726165
Curtobacterium_flaccumfaciens_UCD_AKU,0.0012029051713166,,,0.0011819110716285,0.0012029051713166,0.0336484351270847
Delftia_acidovorans_SPH_1,0.00401279889769,0.0025889025146387,0.00401279889769,0.00401279889769,0.00401279889769,0.0041417383783995
Desulfovibrio_piger_ATCC_29098,0.0157535093094872,0.0157535093094872,,0.0157535093094872,0.0157535093094872,0.0319754083903169
Desulfovibrio_sp_3_1_syn3,0.0015490895695067,0.0015436951775061,,0.0015490895695067,0.0015490895695067,0.0014951456495006
Dialister_invisus_DSM_15470,0.0022382766237028,0.0022382766237028,,0.0022388963016163,0.0022382766237028,0.0022382766237028
Dialister_succinatiphilus_YIT_11850,0.0015656813506963,0.0015656813506963,,0.0015656813506963,0.0015656813506963,0.0383587403212813
Dorea_formicigenerans_ATCC_27755,0.0978208075782392,0.0955883076021364,,0.0978208075782392,0.4507019435775792,0.1590026542471691
Dorea_longicatena_DSM_13814,0.1637511536629334,0.0238549538531143,,0.1637511536629334,0.2408781364220205,0.2003615212103832
Edwardsiella_tarda_ATCC_23685,0.0015200535383964,0.0015155937236138,0.0015200535383964,0.0015155937236138,0.0015200535383964,0.0015200535383964
Edwardsiella_tarda_FL6_60,0.0022034577396772,0.0022126051832852,,0.002240047514109,0.0022034577396772,0.0022034577396772
Eggerthella_sp_1_3_56FAA,0.0134783900217534,0.0108658386518981,,0.0134783900217534,0.0134783900217534,0.0363326911435691
Eggerthella_sp_YY7918,0.0036977296677526,0.0036977296677526,,0.0036977296677526,0.0036977296677526,0.0036977296677526
Eggerthia_catenaformis_OT_569,0.0026376650475026,0.0026376650475026,0.0026782346026766,0.0027104326623385,0.0026376650475026,0.0026376650475026
Eikenella_corrodens_ATCC_23834,0.0010517266393185,0.0010517266393185,,0.0010517266393185,0.001446124129063,0.0011826789308352
Enterobacter_aerogenes_KCTC_2190,0.0022890123771813,0.0011447856772814,0.0012163347821114,0.0022890123771813,0.0022890123771813,0.0022890123771813
Enterobacter_asburiae_LF7a,0.0078092039568245,0.004356053303439,0.0078092039568245,0.0078092039568245,0.0078092039568245,0.0078081404672484
Enterobacter_cancerogenus_ATCC_35316,0.0026844294484014,0.0026844294484014,0.0026844294484014,0.0026844294484014,0.0026844294484014,0.0026844294484014
Enterobacter_cloacae_EcWSU1,0.0034764991386292,0.0034764991386292,0.0034764991386292,0.0034764991386292,0.0034764991386292,0.0034764991386292
Enterococcus_asini_ATCC_700915,0.0038872110041129,0.002633271970528,0.0038872110041129,0.0038872110041129,0.0038872110041129,0.0038872110041129
Enterococcus_avium_ATCC_14025,0.0014781496947611,,0.0014781496947611,0.0014781496947611,0.0014781496947611,0.0270788335806707
Enterococcus_caccae_ATCC_BAA_1240,0.0018074686594024,0.0018074686594024,0.0018074686594024,0.0018074686594024,0.0018074686594024,0.0018074686594024
Enterococcus_casseliflavus_ATCC_12755,0.001124784729614,0.0011950837752148,0.001124784729614,0.0011950837752148,0.0012653828208157,0.001124784729614
Enterococcus_dispar_ATCC_51266,0.004993047338384,0.004993047338384,0.004993047338384,0.0050043951732439,0.004993047338384,0.004993047338384
Enterococcus_faecalis_OG1RF_ATCC_47077,0.0053126112049411,,,0.0053126112049411,0.0053126112049411,0.0053115052173893
Enterococcus_faecalis_TX1322,0.0004383125468549,0.0004383125468549,,0.0004383125468549,0.0004383125468549,0.0017558234509043
Enterococcus_faecalis_V583,0.0051059803092866,0.0007244486304738,,0.0051059803092866,0.0051059803092866,0.0051059803092866
Enterococcus_faecium_TX1330,0.0019332500064946,0.0019492131442657,,0.001952063704582,0.0259953997481971,0.0019332500064946
Enterococcus_hirae_ATCC_9790,0.0042590320234391,0.0024337325848223,0.0042590320234391,0.0042590320234391,0.0042590320234391,0.0042590320234391
Enterococcus_phoeniculicola_ATCC_BAA_412,0.0023706298239252,0.0023706298239252,0.0023706298239252,0.0023706298239252,0.0023706298239252,0.0023706298239252
Erysipelotrichaceae_bacterium_5_2_54FAA,0.0811164135844096,0.0152712882073018,,0.0811164135844096,0.2283671748896135,0.1498049779066761
Erysipelotrichaceae_bacterium_sp_3_1_53,0.0036650058405189,0.0037413601288631,,0.0036650058405189,0.0036650058405189,0.0036650058405189
Escherichia_albertii_TW07627,0.0010014826372688,0.0010014826372688,0.0010014826372688,0.0010014826372688,0.0010014826372688,0.0010014826372688
Escherichia_coli_O157_H7_str_Sakai,0.0014142624138458,0.0014142624138458,0.0014142624138458,0.0014142624138458,0.0009842111900437,0.0014142624138458
Escherichia_coli_SE11,0.309691450795071,0.0057367385518599,0.1885395614978887,0.309691450795071,0.3099966371914803,0.669769831952159
Escherichia_coli_UTI89_UPEC,0.44963075926109,0.417316978701277,0.090547092254018,0.4577797259901303,0.9185993266899756,0.6145119866357839
Escherichia_coli_str_K_12_substr_MG1655,0.3107562239806959,0.3107160806486426,0.1487664096217913,0.3107562239806959,0.2975337750372029,0.6189423189163541
Escherichia_fergusonii_ATCC_35469,0.1775952697618198,0.0064246335012154,0.1775952697618198,0.1775952697618198,0.2204573562193719,0.2716232034861214
Escherichia_sp_3_2_53FAA,0.5168003333185769,0.2298875101449789,0.0966458555887932,0.5273999304956611,1.0481406270801816,0.6916457066702568
Escherichia_sp_4_1_40B,0.0027473804193129,0.0027473804193129,0.0027473804193129,0.0027473804193129,0.0027473804193129,0.0027473804193129
Eubacterium_biforme_DSM_3989,0.0040924101536094,0.0040924101536094,,0.0040924101536094,0.0042083367904393,0.0042083367904393
Eubacterium_dolichum_DSM_3991,0.0021022521821056,0.0021022521821056,,0.0173349647147398,0.0021022521821056,0.0291617092977971
Eubacterium_eligens_ATCC_27750,0.3629384288790486,0.0509622558280576,0.0708502921664833,0.3629384288790486,0.7065164996534845,0.4299498432881185
Eubacterium_limosum_KIST612,0.0016375621766534,0.0016375621766534,0.0016375621766534,0.0016375621766534,0.005185081952411,0.005185081952411
Eubacterium_rectale_ATCC_33656,0.3017784229059794,0.0030172777039969,0.0325718639286109,0.3017784229059794,0.417141808359219,0.3521638523407516
Eubacterium_saphenum_ATCC_49989,0.0012669491364427,0.0003378531030513,,0.0012669491364427,0.0012669491364427,0.0036037664325481
Eubacterium_siraeum_DSM_15702,0.1027519146249367,0.0155960284568793,,0.1027519146249367,0.2109600249638901,0.130264660800571
Eubacterium_ventriosum_ATCC_27560,0.0518803565385891,0.0110836036415035,,0.0518803565385891,0.1752412661639509,0.0795880286575902
Faecalibacterium_cf_prausnitzii_KLE1255,0.0894067598577924,0.0096834415159815,,0.0894067598577924,0.1788148839648827,0.1312851205532118
Faecalibacterium_prausnitzii_M21_2,0.5282977124495206,0.0053586399347894,0.1913498470172113,0.5282977124495206,1.071703457612384,0.6295706925255162
Filifactor_alocis_ATCC_35896,0.0034159963831096,0.00263834499978,,0.0034159963831096,0.0034159963831096,0.0034153520986164
Finegoldia_magna_ATCC_29328,0.0078739715043926,0.0004792949484526,,0.0078728529630893,0.0685386183580735,0.0080730718563752
Fusobacterium_gonidiaformans_ATCC_25563,0.0021792597715625,0.0014849501529329,,0.0021792597715625,0.0021792597715625,0.0032570754884404
Fusobacterium_mortiferum_ATCC_9817,0.0010341879852882,0.0010341879852882,,0.0010341879852882,0.0010341879852882,0.0010341879852882
Fusobacterium_necrophorum_D12,0.0010677601108114,0.0010677601108114,,0.0010677601108114,0.0010677601108114,0.0028473602954971
Fusobacterium_nucleatum_subsp_animalis_3_1_33,0.0024893034219528,0.0024893034219528,,0.0024893034219528,0.0024893034219528,0.0024893034219528
Fusobacterium_nucleatum_subsp_animalis_7_1,0.0018883156726794,0.0017772382801688,,0.0018883156726794,0.0018883156726794,0.0028435812482702
Fusobacterium_nucleatum_subsp_animalis_D11,0.0013626553394125,0.0013626553394125,,0.0013626553394125,0.0013626553394125,0.002725310678825
Fusobacterium_nucleatum_subsp_vincentii_3_1_27,0.002031587948078,0.002031587948078,,0.002031587948078,0.002031587948078,0.0030367057998572
Fusobacterium_nucleatum_subsp_vincentii_3_1_36A2,0.022610456398404,0.0153792233385634,,0.022610456398404,0.022610456398404,0.0456304785612614
Fusobacterium_nucleatum_subsp_vincentii_4_1_13,0.0012409349826983,0.0012409349826983,,0.0012409349826983,0.0012409349826983,0.0042321979093524
Fusobacterium_periodonticum_1_1_41FAA,0.0011872384574693,0.0011872384574693,,0.0012034702332551,0.0011872384574693,0.0022260721077551
Fusobacterium_periodonticum_2_1_31,0.0010967993506421,0.0010967993506421,,0.0010967993506421,0.0010967993506421,0.0017068731535829
Fusobacterium_russii_ATCC_25533,0.0054392360736612,0.003460026550352,0.0054392360736612,0.0054324782093051,0.0054392360736612,0.006295795380804
Fusobacterium_sp_4_8,0.0021617101687799,0.000616960721498,,0.0021617101687799,0.0021617101687799,0.0021617101687799
Fusobacterium_ulcerans_ATCC_49185,0.2437507567797792,0.0473818004418474,,0.2437507567797792,0.3221584915455296,0.3785727469884977
Fusobacterium_varium_ATCC_27725,0.0016701876900204,0.0016701876900204,,0.0008869047479493,0.0016701876900204,0.0016701876900204
Gemella_haemolysans_ATCC_10379,0.0020626957404906,0.0018796278223739,,0.0020626957404906,0.0020626957404906,0.0290422078013262
Gemella_morbillorum_M424,0.0021933443549183,,,,0.0021933443549183,0.0021933443549183
Gemella_sanguinis_M325,0.0054996104407477,0.0015544027301478,,0.0054996104407477,0.0318250297255027,0.0189397293594284
Gordonia_rubripertincta_NBRC_101908,0.0055908086304008,0.0030512927581774,,0.0055908086304008,0.0055908086304008,0.0055908086304008
Gordonia_terrae_NBRC_100016,0.0153195189947388,0.0008195407014667,,0.0153195189947388,0.0153195189947388,0.0153195189947388
Gordonibacter_pamelaeae_7_10_1_bT_DSM_19378,0.0050698166365782,0.0027738174545594,,0.0050698166365782,0.0050698166365782,0.0050698166365782
Grimontia_hollisae_CIP_101886,0.0012158630158614,0.0012309384063546,0.0012289720510729,0.0012309384063546,0.0012158630158614,0.0023491391098908
Haemophilus_haemolyticus_M19501,0.0027256290309223,0.0012813403973158,,0.0027256290309223,0.0027256290309223,0.0048400631414235
Haemophilus_parainfluenzae_T3T1,0.3168736539938452,0.0041298281165599,0.3166687261607696,0.3168736539938452,0.6554317333375866,0.47095210511232
Helicobacter_bilis_ATCC_43879,0.00109169451276,0.00109169451276,,0.00109169451276,0.00109169451276,0.00136461814095
Helicobacter_canadensis_MIT_98_5491,0.0030236690867264,,0.0030236690867264,0.0030236690867264,0.0030236690867264,0.0030236690867264
Helicobacter_cinaedi_CCUG_18818,0.0031542840217288,0.0031550542986572,,0.0031542840217288,0.0031542840217288,0.0031542840217288
Helicobacter_pullorum_MIT_98_5489,0.0010314391226266,0.0002054820127107,0.0010314391226266,0.0010314391226266,0.0010314391226266,0.0032997993805908
Helicobacter_pylori_26695,0.0017180532711406,0.0017180532711406,,0.0017180532711406,0.0017180532711406,0.0017180532711406
Helicobacter_winghamensis_ATCC_BAA_430,0.0012367710628032,0.0002355754405339,0.0012350388904463,0.0012367710628032,0.0012367710628032,0.0045821732746995
Holdemania_filiformis_VPI_J1_31B_1_DSM_12042,0.131378885269442,0.0920650925742196,,0.131378885269442,0.3245946697350644,0.2580531201401368
Kingella_oralis_ATCC_51147,0.0023854519606275,0.0004604983890984,,0.0023854519606275,0.002391779419409,0.002878993745585
Klebsiella_pneumoniae_pneumoniae_MGH78578,0.1257931333818963,0.0481391939294093,0.0670076712417529,0.1257931333818963,0.2860586826743265,0.1752011616943457
Kocuria_palustris_PEL,0.0011333288047068,0.0010461496658832,,0.0011421829359936,0.0011333288047068,0.0015515162362513
Kocuria_rhizophila_DC2201,0.0019301209737102,,,0.0019301209737102,0.0019301209737102,0.0019301209737102
Kytococcus_sedentarius_DSM_20547,0.001522927045345,,,0.001522927045345,0.001522927045345,0.0119251529350343
Lachnospiraceae_bacterium_sp_8_1_57FAA,0.0029157076621025,0.0004975780409691,,0.0029157076621025,0.0029149958194116,0.0029157076621025
Lactobacillus_acidophilus_NCFM,0.0010001013195204,0.0010001013195204,,0.0010001013195204,0.0010001013195204,0.0010001013195204
Lactobacillus_amylovorus_GRL_1112,0.0011563220995443,0.0012286236116304,0.0012291257054643,0.0011563220995443,0.0012296277992983,0.0158400562728718
Lactobacillus_brevis_ATCC_367,0.0009918378892671,,,0.0009918378892671,0.1533948977251091,0.0009918378892671
Lactobacillus_brevis_subsp_gravesensis_ATCC_27305,0.0010233215377283,0.0002849756181015,,0.0010233215377283,0.0030609968489789,0.0033160799197272
Lactobacillus_buchneri_ATCC_11577,0.0013122134867122,0.0005745445189345,,0.0013122134867122,0.0029564501878841,0.0029564501878841
Lactobacillus_casei_ATCC_334,0.0015915125600921,0.0015915125600921,,0.0015915125600921,0.0015915125600921,0.0247251371625204
Lactobacillus_casei_casei_BL23,0.0020911553404922,0.0020911553404922,,0.0020911553404922,0.0020911553404922,0.0020911553404922
Lactobacillus_coleohominis_101_4_CHN,0.0289265478678223,0.0108556831014086,,0.0289265478678223,0.0289265478678223,0.0289265478678223
Lactobacillus_delbrueckii_subsp_bulgaricus_ATCC_11842,0.0159847025706842,0.0006582154362516,,0.0159847025706842,0.0636593652157699,0.0159847025706842
Lactobacillus_delbrueckii_subsp_bulgaricus_ATCC_BAA_365,0.0042204718058336,0.002503421199145,,0.0042204718058336,0.0042204718058336,0.0085281466312429
Lactobacillus_fermentum_ATCC_14931,0.0044076671326698,0.0044076671326698,,0.0044076671326698,0.0044076671326698,0.0044076671326698
Lactobacillus_fermentum_IFO_3956,0.0016891818150611,0.0009080132038285,,0.0016891818150611,0.1817024529041432,0.0016891818150611
Lactobacillus_gasseri_ATCC_33323,0.0026481598764163,,,0.0026481598764163,0.0026481598764163,0.0026481598764163
Lactobacillus_helveticus_DPC_4571,0.0010046596296265,0.0010046596296265,,0.0010046596296265,0.0411910448146869,0.0024566263441537
Lactobacillus_hilgardii_ATCC_8290,0.0011158908567075,9.91902983740062e-05,,0.0011158908567075,0.0027451585279724,0.0027451585279724
Lactobacillus_johnsonii_DPC_6026,0.0010110558426879,0.0010087386788009,,0.0010110558426879,0.0243402618568558,0.0010110558426879
Lactobacillus_johnsonii_NCC_533,0.0126391041144144,0.0010294328583248,,0.0126391041144144,0.0345076605883171,0.0126391041144144
Lactobacillus_mucosae_LM1,0.0040537118600718,0.0040537118600718,,0.0040537118600718,0.05550772864472,0.0168471489074563
Lactobacillus_oris_F0423,0.0017430619797974,0.0011529628720535,0.0023235152367417,0.0023235152367417,0.0023235152367417,0.0017430619797974
Lactobacillus_paracasei_subsp_paracasei_8700_2,0.0013550086837622,0.0013550086837622,,0.0013680454480076,0.0058013600892285,0.0110763608220466
Lactobacillus_paracasei_subsp_paracasei_ATCC_25302,0.0009484378784361,0.0008618551910412,,0.0009484378784361,0.0946436150250528,0.0169368445929782
Lactobacillus_pentosus_KCA1,0.0013450093574518,,,0.0013450093574518,0.0013450093574518,0.0176967814266356
Lactobacillus_plantarum_JDM1,0.001142084555678,0.001142084555678,0.001142084555678,0.001142084555678,0.001142084555678,0.0011459626017075
Lactobacillus_plantarum_WCFS1,0.0011365919341499,0.0011936553975105,0.0011365919341499,0.0011365919341499,0.0011365919341499,0.0016155508397341
Lactobacillus_plantarum_subsp_plantarum_ATCC_14917,0.0052855613436963,0.0052855613436963,0.0052855613436963,0.0052855613436963,0.0052855613436963,0.0052855613436963
Lactobacillus_reuteri_F275_JCM_1112,0.0043466161536466,0.0024449715864262,,0.0043466161536466,0.0043466161536466,0.0043466161536466
Lactobacillus_reuteri_SD2112_ATCC_55730,0.0025821988931208,0.0017206253692117,,0.0025821988931208,0.0025821988931208,0.0025821988931208
Lactobacillus_rhamnosus_GG_ATCC_53103,0.0032014792268963,0.0022462130532644,,0.0032014792268963,0.0032014792268963,0.0032014792268963
Lactobacillus_rhamnosus_LMS2_1,0.0035303210160826,0.0035303210160826,,0.0035303210160826,0.0035303210160826,0.0035294591213033
Lactobacillus_sakei_subsp_sakei_23K,0.0029821596780274,0.0022383415597203,0.0029821596780274,0.0029821596780274,0.337737331642004,0.0029821596780274
Lactobacillus_salivarius_salivarius_UCC118,0.002161277769735,0.002161277769735,0.002161277769735,0.002161277769735,0.0254553107381527,0.002161277769735
Lactococcus_garvieae_ATCC_49156,0.0025866436572026,0.0003879965485803,0.0025866436572026,0.0025866436572026,0.0025866436572026,0.0025866436572026
Lactococcus_raffinolactis_4877,0.0034891389773783,0.0034891389773783,0.0034891389773783,0.0034891389773783,0.0034891389773783,0.0034891389773783
Laribacter_hongkongensis_HLHK9,0.0017286820050331,0.0005539889571576,,0.0017109476024412,0.0017286820050331,0.002594289750592
Leptotrichia_buccalis_C_1013_b,0.002610920999938,0.0002979918751601,0.002610920999938,0.002610920999938,0.002610920999938,0.0035759025019214
Leuconostoc_argentinum_KCTC_3773,0.0011234466816721,0.0004038735326538,,0.0011234466816721,0.0011234466816721,0.0206148149881143
Leuconostoc_gelidum_JB7,0.0017500633082162,0.0017500633082162,,0.0017500633082162,0.1480822316230624,0.0082052663252462
Listeria_grayi_DSM_20601,0.0010819121552471,0.0010819121552471,0.0010819121552471,0.0010819121552471,0.003410354586109,0.0029231610738077
Listeria_monocytogenes_4a_L99,0.0091566963055023,0.0006013785614607,0.0091566963055023,0.0091566963055023,0.0091566963055023,0.0091566963055023
Listeria_monocytogenes_4b_F2365,0.0016921299020788,0.0006036862946997,0.0016921299020788,0.0016921299020788,0.0016921299020788,0.0016921299020788
Listeria_monocytogenes_FSL_R2_561,,,,0.0017099675741001,,
Listeria_monocytogenes_Finland_1988,0.0016894658871363,0.0006016418247727,0.0014237697286817,0.0016894658871363,0.0016894658871363,0.0016894658871363
Listeria_monocytogenes_J0161_FSL_R2_499,0.0017197283356845,0.0006049994549314,0.0017197283356845,0.0017197283356845,0.0017197283356845,0.0017197283356845
Listeria_monocytogenes_SLCC_2378,0.0014234192127077,,0.0014234192127077,0.0014234192127077,0.0014234192127077,0.0014234192127077
Listeria_monocytogenes_SLCC_2540,0.001694668962213,0.0006042951695376,0.001694668962213,0.001694668962213,0.001694668962213,0.001694668962213
Listeria_monocytogenes_SLCC_7179,0.0016975253904881,0.0005765049359748,0.0016975253904881,0.0016975253904881,0.0014242244980416,0.0014242244980416
Listeria_monocytogenes_serotype_7_SLCC_2482,0.0017794413178805,,0.0017794413178805,0.0017794413178805,0.0017794413178805,0.0017794413178805
Lysinibacillus_fusiformis_ZB2,0.0031474060150062,0.0012958772211355,0.0031474060150062,0.0031474060150062,0.0031474060150062,0.0164425275001356
Lysinibacillus_sphaericus_C3_41,0.0013173821642032,0.0013173821642032,,0.0012133355268001,0.0013867465891386,0.0016652881080199
Marvinbryantia_formatexigens_I_52_DSM_14469,0.0014495068028315,0.0014495068028315,,0.0014495068028315,0.0166006378714999,0.0014495068028315
Megasphaera_elsdenii_DSM_20460,0.0226594404927144,0.0014667191922208,,0.0226594404927144,0.0226594404927144,0.0279863004662931
Melainabacterium_MEL_A1,0.0403227632069533,0.0142579919263323,0.032041795130312,0.0403227632069533,0.0968180068264537,0.0403227632069533
Methylobacterium_mesophilicum_SR1_6_6,0.0013951649005343,0.0009093881974201,0.0013951649005343,0.0013951649005343,0.0013951649005343,0.0013951649005343
Methylobacterium_populi_BJ001,0.0029975276984615,0.0010815821592386,,0.0029666253510547,0.0029975276984615,0.0039548566691686
Methylobacterium_radiotolerans_JCM_2831,0.0102907329250678,0.0001023797281973,,0.0102907329250678,0.0102907329250678,0.0102907329250678
Methyloversatilis_universalis_FAM5,0.0024695098769812,0.0012919560458647,,0.0024695098769812,0.0024695098769812,0.0024695098769812
Micrococcus_luteus_NCTC_2665,0.0283603981820591,0.0006699512719947,,0.0277462761827305,0.028583715272724,0.028583715272724
Micromonospora_aurantiaca_ATCC_27029,0.0019022585765222,0.0017912026495977,,0.0019022585765222,0.0019022585765222,0.0019015772518171
Mitsuokella_multacida_DSM_20544,0.0015525055700096,0.0010654609954979,0.0015525055700096,0.0015525055700096,0.0119501322067795,0.0034476555642989
Mobiluncus_curtisii_ATCC_43063,0.0164033957200895,0.0171253671007874,0.0164028236350017,0.0164028236350017,0.0169880666797355,0.0165487053323694
Moraxella_catarrhalis_RH4,0.0011458838034041,0.0011458838034041,,0.0011458838034041,0.0011458838034041,0.0017196653854701
Morganella_morganii_subsp_morganii_KT,0.0010644599871596,0.0010644599871596,0.0010644599871596,0.0010644599871596,0.0010644599871596,0.0008507363803627
Mycobacterium_avium_subsp_avium_ATCC_25291,0.0038842955895624,,,0.0038834079534588,0.0038842955895624,0.0040653733547066
Mycobacterium_fortuitum_subsp_fortuitum_DSM_46621,0.002203245083676,,0.002203245083676,0.002203245083676,0.002203245083676,0.002203245083676
Neisseria_cinerea_ATCC_14685,0.0011406224218764,0.0006197082449564,,0.0011406224218764,0.0011538301849829,0.007098908514476
Neisseria_elongata_subsp_glycolytica_ATCC_29315,0.0018814441907384,0.0018814441907384,,0.0018814441907384,0.001610302990803,0.0018814441907384
Neisseria_flavescens_SK114,0.0016411323874193,0.0012308492905645,,0.0016403310532458,0.0016411323874193,0.0016411323874193
Neisseria_mucosa_ATCC_25996,0.0016854734900271,,,0.0016854734900271,0.0016854734900271,0.0152318051458401
Neisseria_subflava_NJ9703,0.002215066025267,0.002215066025267,,0.002215066025267,0.002215066025267,0.002215066025267
Ochrobactrum_anthropi_ATCC_49188,0.0051447383660418,,,0.0032152259425916,0.0051447383660418,0.0051447383660418
Odoribacter_laneus_YIT_12061,0.1816000148643835,0.0382239287939165,0.1809823976471087,0.1816000148643835,0.1816000148643835,0.3449618241321213
Odoribacter_splanchnicus_1651_6_DSM_20712,0.1025559499813083,0.0218114498161296,,0.1025559499813083,0.2080161785789456,0.2080161785789456
Olsenella_uli_DSM_7084,0.0026887688345756,0.0013440561182848,0.002437291798277,0.0026887688345756,0.0026887688345756,0.0026887688345756
Oxalobacter_formigenes_HOxBLS,0.0008303160832137,0.0008303160832137,,0.0008303160832137,0.0008303160832137,0.000837012180659
Oxalobacter_formigenes_OXCC13,0.0023374610950097,,,0.0023374610950097,0.0023374610950097,0.0020772359340418
Paenibacillus_alvei_DSM_29,0.0009286018444338,,0.0009669276299307,0.0008790977048338,0.0009286018444338,0.0032704670290638
Paenibacillus_barengoltzii_G22,0.0023331995691856,0.0023325369166524,0.0023331995691856,0.0023325369166524,0.0023331995691856,0.0003392780969676
Paenibacillus_daejeonensis_DSM_15491,0.0015736478842153,,,0.0015736478842153,0.0032676495169073,0.0602311691623788
Paenibacillus_lactis_154,0.00182394649204,0.00182394649204,0.00182394649204,0.00182394649204,0.00182394649204,0.00182394649204
Parabacteroides_distasonis_ATCC_8503,0.327640059574632,0.047529587981172,,0.327640059574632,0.6553026171791814,0.3884972305006391
Parabacteroides_goldsteinii_dnLKV18,0.0022597760272231,0.0022597760272231,,0.0022597760272231,0.0022171387436906,0.0022171387436906
Parabacteroides_merdae_ATCC_43184,0.2750629740306689,0.0380383189481353,0.097211718866543,0.2750629740306689,0.5501374904052299,0.3481601132468141
Paraprevotella_clara_YIT_11840,0.2021165276962622,0.0037630935760209,,0.2021165276962622,0.4576329701905335,0.2949829888416123
Paraprevotella_xylaniphila_YIT_11841,0.0022218496309475,0.0022218496309475,,0.0022218496309475,0.0022218496309475,0.0022218496309475
Parvimonas_micra_ATCC_33270,0.0044678694453783,0.002700915427432,,0.0044678694453783,0.0044678694453783,0.0348089941535407
Pediococcus_acidilactici_DSM_20284,0.001328825391729,0.001328825391729,,0.001328825391729,0.0575584275428662,0.001328825391729
Pediococcus_pentosaceus_ATCC_25745,0.0044537618604419,0.0039988181894717,,0.0044537618604419,0.0305769008042618,0.0044537618604419
Peptoniphilus_lacrimalis_DSM_7455,0.0017208862480265,0.0009169097040266,,0.000803080249079,0.0017208862480265,0.0017208862480265
Porphyromonas_asaccharolytica_DSM_20707,0.0024283518915408,0.0024283518915408,,0.0024283518915408,0.0024283518915408,0.0019426815132326
Porphyromonas_endodontalis_ATCC_35406,0.0013579936448691,0.0013573372922133,,0.0013442102390971,0.0013579936448691,0.0047047358368401
Porphyromonas_gingivalis_W83,0.002167435374623,0.002166906215596,,0.002167435374623,0.002167435374623,0.0010831885282845
Porphyromonas_somerae_DSM_23386,0.0028905342442391,0.0028905342442391,,0.0044312869164444,0.0028905342442391,0.0028905342442391
Porphyromonas_uenonis_60_3,0.0020655371870695,0.0020655371870695,,0.0020655371870695,0.0020655371870695,0.0020655371870695
Prevotella_bivia_DSM_20514,0.0024863354973498,0.0024863354973498,0.0024863354973498,0.0024863354973498,0.0024863354973498,0.0152788405411375
Prevotella_buccae_ATCC_33574,0.1101727141832116,0.0281018496088508,,0.1101734459069353,0.383633967653306,0.1823279905776599
Prevotella_copri_CB7_DSM_18205,0.0506174401721408,0.0053610384105413,,0.0506174401721408,0.1012364250895375,0.1012364250895375
Prevotella_denticola_F0289,0.0010216565555438,0.0008964664206314,0.0010216565555438,0.0010216565555438,0.003584990227037,0.003584990227037
Prevotella_disiens_FB035_09AN,0.0011800442735766,0.0011800442735766,,0.0011800442735766,0.0011800442735766,0.025737616492521
Prevotella_intermedia_17,0.0010729813699154,0.0007864945760869,,0.0010729813699154,0.0010729813699154,0.0569371381053716
Prevotella_melaninogenica_ATCC_25845,0.025003273554564,0.001616324173317,,0.025003273554564,0.0375985364776102,0.0314999095434853
Prevotella_oralis_ATCC_33269,0.0053462462730115,0.0037024993214919,,0.0053462462730115,0.0053462462730115,0.0444978032007883
Prevotella_ruminicola_23,0.0019408252447931,0.0003051377506223,0.0019408252447931,0.0019408252447931,0.1378545239435654,0.004674014302302
Prevotella_timonensis_CRIS_5C_B1,0.0012734221901174,0.0012734221901174,,0.0012734221901174,0.0012734221901174,0.0040931427539488
Propionibacterium_acidipropionici_ATCC_4875,0.0015664765421699,0.0014750087164892,0.0015664765421699,0.0015902437724649,0.0015664765421699,0.00479377832859
Propionibacterium_acnes_KPA171202,0.0010538449187617,0.0010538449187617,0.0010538449187617,0.0010538449187617,0.0010538449187617,0.0008437351030586
Propionibacterium_avidum_44067,0.0043373595815956,0.0028915730543971,0.0043373595815956,0.0043373595815956,0.0043373595815956,0.0043373595815956
Propionibacterium_propionicum_F0230a,0.0018074432784362,,0.0018074432784362,0.0018074432784362,0.0018074432784362,0.0213731010175058
Providencia_rettgeri_DSM_1131,0.0041320139018083,0.0041320139018083,0.0041320139018083,0.0041320139018083,0.0041320139018083,0.0041320139018083
Providencia_rustigianii_DSM_4541,0.0016582424900579,0.0011539519604616,0.0034618558813849,0.001694866941928,0.0011539519604616,0.001442439950577
Providencia_stuartii_ATCC_25827,0.0018411115607888,0.0009716485458767,0.0018411115607888,0.0018411115607888,0.0018411115607888,0.0037873619915874
Pseudoflavonifractor_capillosus_strain_ATCC_29799,0.0010028861413195,0.000956346384079,,0.0010028861413195,0.0018688906436965,0.0004526219527702
Pseudomonas_aeruginosa_NCGM2_S1,,,,0.0006794119754056,0.0018651953426685,
Pseudomonas_alcaliphila_34,0.0020844979087038,0.0020935717025288,,0.0020935717025288,0.0020844979087038,0.0219618806178596
Pseudoramibacter_alactolyticus_ATCC_23263,0.0026538490004467,0.0026538490004467,,0.0026538490004467,0.0026538490004467,0.0026538490004467
Pyramidobacter_piscolens_W5455,0.0011797235446493,0.0012230957337909,,0.0012144212959626,0.0011797235446493,0.0011103280420229
Ralstonia_sp_5_7_47FAA,0.0029431136057038,0.0029431136057038,,0.0029431136057038,0.0029431136057038,0.0029431136057038
Rhodococcus_equi_ATCC_33707,0.0018661976646526,0.0018661976646526,,0.0018661976646526,0.0018661976646526,0.0018661976646526
Roseburia_intestinalis_L1_82,0.3316907791309813,0.0421261119382613,0.0281159183709529,0.3316907791309813,0.4743638336416151,0.4039724962345511
Rothia_dentocariosa_ATCC_17931,0.0010694717657584,0.0010694717657584,,0.0010694717657584,0.0010670075451,0.0010694717657584
Rothia_mucilaginosa_DY_18,0.0046725469011385,0.0005478859529103,,0.0046725469011385,0.0046725469011385,0.0066698694228321
Ruminococcaceae_bacterium_D16,0.0150922059263853,0.0145844843724204,,0.0150922059263853,0.0832011125908205,0.0609451410840731
Ruminococcus_albus_7,0.0115328611939831,0.0009645822839961,,0.0115328611939831,0.0150363579892144,0.0115328611939831
Ruminococcus_bicirculans_80_3,0.0234071940485501,0.000149010873273,,0.0234071940485501,0.083436099477135,0.0242804477137087
Ruminococcus_champanellensis_18P13,0.0014262772204246,0.0014262772204246,,0.0014262772204246,0.0028093339190181,0.0028093339190181
Ruminococcus_flavefaciens_FD_1,0.0056194288785522,0.0003100053323128,,0.0056194288785522,0.0056194288785522,0.0120720941260923
Ruminococcus_gnavus_ATCC_29149,0.0029149958194116,,,0.0029149958194116,0.0029149958194116,0.0029149958194116
Ruminococcus_lactaris_ATCC_29176,0.0840073869876026,0.0128624670702308,,0.0840073869876026,0.1680699116567943,0.1227973871213435
Ruminococcus_sp_5_1_39BFAA,0.0437772490701411,0.004583556845325,,0.0437772490701411,0.0876789204364339,0.0876789204364339
Ruminococcus_torques_ATCC_27756,0.0029157076621025,0.0005096793667151,,0.0029157076621025,0.0029157076621025,0.0029157076621025
Scardovia_inopinata_F0304,0.0038193398877878,0.0038193398877878,,0.0038193398877878,0.2424927470670395,0.0081641078695513
Slackia_exigua_ATCC_700122,0.0012938329339433,0.0010511207470189,,0.0021844096823195,0.0012938329339433,0.0012938329339433
Solobacterium_moorei_F0204,0.0010286545615121,0.0010286545615121,,0.0010286545615121,0.0010286545615121,0.0020568068502891
Staphylococcus_arlettae_CVD059,0.0026249068886233,,0.0026249068886233,0.0026249068886233,0.0026249068886233,0.001997644656273
Staphylococcus_capitis_QN1,0.0009659327170112,,0.0009659327170112,0.0009659327170112,0.0009659327170112,0.0156600661860214
Staphylococcus_caprae_C87,0.0011998189240277,,0.001195983594489,0.0011998189240277,0.0011998189240277,0.0056692562798092
Staphylococcus_epidermidis_ATCC_12228,0.0015976156870146,,0.0015976156870146,0.0015976156870146,0.0015976156870146,0.0129495480127515
Staphylococcus_equorum_subsp_equorum_Mu2,0.0019825777853097,,0.0019825777853097,0.0019825777853097,0.0019825777853097,0.0067744682924032
Staphylococcus_haemolyticus_JCSC1435,0.0012776518485296,,0.0012776518485296,0.0012776518485296,0.0012776518485296,0.0030250069199868
Staphylococcus_hominis_subsp_hominis_C80,0.0013483735494503,,0.0013483735494503,0.0013483735494503,0.0410055725924733,0.0410055725924733
Staphylococcus_lugdunensis_HKU09_01,0.00031956214655,0.0003151759994405,0.0003208153314384,0.0003201887389942,0.0002406114985788,0.0003201887389942
Staphylococcus_pettenkoferi_VCU012,0.001740451392415,,,0.001740451392415,0.0224525081792374,0.0328020270103541
Staphylococcus_saprophyticus_subsp_saprophyticus_ATCC_15305,0.0050612176682134,,0.0050612176682134,0.005036482182553,0.0050612176682134,0.0050612176682134
Staphylococcus_simulans_ACS_120_V_Sch1,0.0011068608336124,0.0011068608336124,,0.0011068608336124,0.0011068608336124,0.0393665685272428
Staphylococcus_warneri_SG1,0.0053194564650803,,0.0053194564650803,0.0053194564650803,0.0053194564650803,0.019095395153484
Staphylococcus_xylosus_DMB3_Bh1,0.0134402484712494,,0.0134402484712494,0.0134402484712494,0.0134402484712494,0.0134402484712494
Stenotrophomonas_maltophilia_D457,0.0110028376014571,0.0033425515697966,0.0110028376014571,0.0110028376014571,0.0110028376014571,0.0110028376014571
Streptococcus_agalactiae_A909,0.0013951642999374,0.000799884693168,0.0013666479115892,0.00139373848052,0.0013951642999374,0.0220182163533822
Streptococcus_anginosus_1_2_62CV,0.0011503377885638,0.0011503377885638,,0.0011503377885638,0.0011503377885638,0.0011503377885638
Streptococcus_australis_ATCC_700641,0.0007146638910196,0.0007146638910196,,0.0007146638910196,0.0007146638910196,0.0007146638910196
Streptococcus_constellatus_subsp_constellatus_SK53,0.0042432733441615,0.0017233118183624,0.0042432733441615,0.0017233118183624,0.0042432733441615,0.0042427553664583
Streptococcus_cristatus_ATCC_51100,0.0013917283557863,0.0013917283557863,0.0013917283557863,0.0013917283557863,0.0013917283557863,0.0026094906670994
Streptococcus_dysgalactiae_subsp_dysgalactiae_ATCC_27957,0.0024129268885245,0.0018002696707351,0.0024129268885245,0.0024129268885245,0.0024129268885245,0.0024129268885245
Streptococcus_gallolyticus_subsp_gallolyticus_ATCC_43143,0.0021482522609296,0.0021477277852799,,0.0021482522609296,0.0021482522609296,0.0021482522609296
Streptococcus_gordonii_str_Challis_substr_CH1,0.0016265116269987,0.001624633438053,0.0016265116269987,0.0016086688320143,0.0014424491103175,0.0019223263859505
Streptococcus_intermedius_JTH08,0.0022575067832955,0.0022575067832955,,0.0022575067832955,0.0022575067832955,0.0048983098853136
Streptococcus_mitis_NCTC_12261,0.0017473132239151,,,0.0017473132239151,0.0017473132239151,0.0160283435716301
Streptococcus_mutans_ATCC_25175,0.0011510396409017,0.0009177126892025,0.0011510396409017,0.0011510396409017,0.0011510396409017,0.0191442064714223
Streptococcus_oralis_Uo5,0.0024042921105325,0.0020305556141428,0.0024042921105325,0.0024042921105325,0.0024042921105325,0.0093997506077124
Streptococcus_parauberis_KCTC_11537,0.0027330912241197,0.0027330912241197,,0.0027330912241197,0.0027330912241197,0.0031725922217484
Streptococcus_salivarius_JIM8777,0.0041801493630284,0.0041801493630284,0.0019591127766147,0.0041801493630284,0.0041801493630284,0.0322794516592892
Streptococcus_sanguinis_SK36,0.012504997085847,0.0006675955983505,0.012504997085847,0.012504997085847,0.012504997085847,0.0421648722274477
Streptococcus_sp_2_1_36FAA,0.0010039210948792,,,0.0010039210948792,0.0010039210948792,0.0032769154863817
Streptococcus_sp_I_G2,0.003284074784544,,,0.003284074784544,0.003284074784544,0.003284074784544
Streptococcus_sp_I_P16,0.0029280183533459,0.0002337553714707,,0.0029280183533459,0.0029280183533459,0.0029280183533459
Streptococcus_thermophilus_LMG_18311,0.0015572744621411,0.0007660847012096,,0.0015572744621411,0.0015572744621411,0.0007782568513778
Streptococcus_uberis_0140J,0.0012707407399768,0.0012707407399768,0.0012707407399768,0.0012745368288192,0.0012707407399768,0.0030511064070392
Streptococcus_vestibularis_F0396,0.002153988548423,0.002153988548423,0.002153988548423,0.002153988548423,0.002153988548423,0.002153988548423
Subdoligranulum_variabile_DSM_15176,0.006495590725542,0.0077947088706505,,0.006495590725542,0.006495590725542,0.006495590725542
Sutterella_wadsworthensis_3_1_45B,0.0201600549770973,0.0020659626651944,,0.0201600549770973,0.0201600549770973,0.0297614288165926
Tannerella_forsythia_ATCC_43037,0.0010078933553825,,,0.0010134363069244,0.0010078933553825,0.0010393034141203
Tropheryma_whipplei_str_Twist,0.0038720649029276,0.0038720649029276,,0.0038720649029276,0.0038720649029276,0.0038720649029276
Ureaplasma_parvum_serovar_1_str_ATCC_27813,0.0103526018198484,0.0008001259056314,,0.0103526018198484,0.0103526018198484,0.0103526018198484
Ureaplasma_urealyticum_serovar_8_str_ATCC_27618,0.0031037074104355,0.0003390674229359,,0.0031037074104355,0.0031037074104355,0.0031037074104355
Varibaculum_cambriense_DSM_15806,0.0014944601615095,0.0003705039386028,,0.0014944601615095,0.0014944601615095,0.0463384467944215
Veillonella_atypica_ACS_049_V_Sch6,0.004794501293823,0.004794501293823,,0.0027390461493032,0.004794501293823,0.004794501293823
Veillonella_dispar_ATCC_17748,0.0012257952401721,0.0012257952401721,0.001107169894349,0.0012257952401721,0.0012257952401721,0.0012257952401721
Veillonella_parvula_Te3_DSM_2008,0.0073683489468792,0.0011342581810119,0.0073683489468792,0.0073683489468792,0.0073683489468792,0.0434022594195318
Veillonella_ratti_ACS_216_V_Col6b,0.0023613668063202,,,0.0023613668063202,0.0023613668063202,0.0023613668063202
Veillonella_sp_3_1_44,0.0012154151278077,0.0012160933728567,,0.0012154151278077,0.0012154151278077,0.0012154151278077
Veillonella_sp_6_1_27,0.0185473524000771,0.017221898631135,,0.0185473524000771,0.0185473524000771,0.0536133749038107
Vibrio_furnissii_NCTC_11218,0.0007812155472355,0.0017876306600429,0.0017832663273767,0.0017876306600429,0.0007794698141691,0.0017867577935096
Vibrio_mimicus_MB_451,0.0025094912830192,0.0025094912830192,0.0025094912830192,0.0025094912830192,0.0025094912830192,0.0025094912830192
Vibrio_parahaemolyticus_RIMD_2210633,0.0069820593992594,0.0045755663671606,0.007011736861389,0.007011736861389,0.007011736861389,0.0070152283275219
Weissella_cibaria_KACC_11862,0.0038152455093378,0.0038152455093378,,0.0038152455093378,0.0500427517297612,0.0038152455093378
Yersinia_enterocolitica_subsp_enterocolitica_8081,0.3660872278621038,0.0037214422731274,0.254174961643164,0.3660872278621038,0.9529218688612792,0.44071782184349
Yersinia_frederiksenii_ATCC_33641,0.0038939921562914,0.0038939921562914,0.0038939921562914,0.0038939921562914,0.0038939921562914,0.0038939921562914
Yersinia_kristensenii_ATCC_33638,0.0327940081188484,0.032832409533542,0.0328484101229977,0.0501130461456551,0.0328484101229977,0.095397114393592
Yersinia_pseudotuberculosis_YPIII,0.0011813406068744,,0.0011800977445841,0.001132868977555,0.0027175183976127,0.0026274108815702
Yersinia_rohdei_ATCC_43380,0.0061488607860882,0.003389820263736,0.0061488607860882,0.0061488607860882,0.0061488607860882,0.0061488607860882
