,base,low_iron,low_zinc,high_carbs,high_prot,high_FA,micro_oxygen
Abiotrophia_defectiva_ATCC_49176,0.0700436276980667,0.0007004362769806,0.0007004362769806,0.2701069972234158,0.119554595409078,0.0700436276980667,0.0700436276980667
Acidaminococcus_fermentans_DSM_20731,0.1945684692828929,0.0019456846928286,0.0019456846928286,0.4158141379444691,0.3914761999710376,0.1945684692828929,0.1946886722016471
Acidaminococcus_intestini_RyC_MR95,0.0660936906810112,0.0006609369068099,0.0006609369068099,0.2735871129806545,0.1485046845832754,0.0660936906810112,0.066327226415523
Acidaminococcus_sp_D21,0.1158704993813991,0.0011587049938138,0.0011587049938138,0.2151020084696907,0.2097261759482761,0.1158704993813991,0.1160218143875185
Acinetobacter_calcoaceticus_PHEA_2,0.3360638769815018,0.0033606387698149,0.0033606387698149,0.5414454180699223,0.4652990029928467,0.3604214892058582,0.336863343835241
Acinetobacter_haemolyticus_NIPH_261,0.1982807549183047,0.0019828075491829,0.0019828075491829,0.3049129607597219,0.3573091257876723,0.2200093936379241,0.1991388849673175
Acinetobacter_johnsonii_SH046,0.1972140137245505,0.0019721401372452,0.0019721401372452,0.3104567418063348,0.352894111503997,0.2210036424914853,0.1982023388987036
Acinetobacter_junii_SH205,0.2139078224905272,0.0021390782249052,0.0021390782249052,0.3181159895780038,0.3671584307143242,0.2139078224905272,0.2146152970696771
Acinetobacter_lwoffii_WJ10621,0.1764145243630796,0.0017641452436305,0.0017641452436305,0.2870275179707287,0.3087956556265054,0.2024550256012281,0.1772656552967272
Acinetobacter_pittii_ANC_4052,0.3243087058903528,0.0032430870589032,0.0032430870589032,0.4430827734360805,0.4574281725410505,0.3524235497157436,0.3252902143639535
Actinobacillus_pleuropneumoniae_L20,0.470539518249475,0.0047053951824946,0.0047053951824944,1.102557248894624,0.6929684404782851,0.470539518249475,0.4720388476369232
Actinomyces_cardiffensis_F0333,0.1712710624937593,0.0017127106249375,0.0017127106249374,0.5787074657898625,0.2434648612523132,0.1712710624937593,0.171384670174716
Actinomyces_graevenitzii_C83,0.2619066207380611,0.0026190662073805,0.0026190662073805,0.3995844321905218,0.4451226448600562,0.2619066207380611,0.2627116499535049
Actinomyces_odontolyticus_ATCC_17982,0.1982282524794158,0.001982282524794,0.001982282524794,0.5203455094182536,0.2860486451765553,0.1982282524794158,0.1988231835570817
Actinomyces_turicensis_ACS_279_V_Col4,0.2452744128455949,0.0024527441284558,0.0024527441284558,0.9773215626600088,0.3156984647083194,0.2452744128455949,0.2454585897769883
Actinomyces_urogenitalis_DSM_15434,0.270344961455946,0.0027034496145594,0.0027034496145593,1.16030461410155,0.3673001611486665,0.270344961455946,0.270526818459596
Actinomyces_viscosus_C505,0.3280288172301741,0.0032802881723016,0.0032802881723016,0.4576364399664148,0.4576364399664148,0.3280288172301741,0.3288127384145117
Adlercreutzia_equolifaciens_DSM_19450,0.0040309699330378,4.030969933037826e-05,4.030969933037826e-05,0.0040309699330378,0.0172273178586692,0.0040309699330378,0.00438927837153
Aerococcus_viridans_ATCC_11563,0.2250863218799254,0.0022508632187991,0.0022508632187991,0.3483466076613959,0.2960526853418971,0.2250863218799254,0.2252061992831273
Aeromonas_caviae_Ae398,0.4576364399664148,0.0045763643996641,0.0045763643996641,0.4576364399664148,0.4576364399664148,0.4576364399664148,0.4576364399664148
Aeromonas_hydrophila_subsp_hydrophila_ATCC_7966,0.812984289317749,0.0081298428931774,0.0081298428931774,2.567325507401096,1.112202829765664,0.812984289317749,0.8139717771759074
Aeromonas_veronii_B565,0.4576364399664148,0.0045763643996641,0.0045763643996641,0.4576364399664148,0.4576364399664148,0.4576364399664148,0.4576364399664148
Afipia_birgiae_34632,0.2368451988761565,0.0023684519887615,0.0023684519887615,0.7036019001625884,0.3770184961583524,0.2368451988761565,0.2378284905088968
Akkermansia_muciniphila_ATCC_BAA_835,0.1726052296150101,0.0017260522961498,0.0017260522961498,0.3995844321905218,0.2678594326571168,0.1726052296150101,0.1730148386471906
Alcaligenes_faecalis_subsp_faecalis_NBRC_13111,0.3312675298424773,0.0033126752984246,0.0033126752984246,0.4688550733949543,0.6083901817333154,0.3312675298424773,0.3318269120742874
Alistipes_finegoldii_DSM_17242,0.3447585513621182,0.0034475855136208,0.0034475855136208,0.4576364399664148,0.4576364399664148,0.3447585513621182,0.3456035095933589
Alistipes_indistinctus_YIT_12060,0.220530185459432,0.0022053018545942,0.0022053018545942,0.6699218657235501,0.3254372303927421,0.220530185459432,0.2210417770058055
Alistipes_onderdonkii_DSM_19147,0.2139963963378418,0.0021399639633783,0.0021399639633783,0.5580574404322157,0.4438291733513451,0.2139963963378418,0.2147655319378114
Alistipes_shahii_WAL_8301,0.2769358405549714,0.0027693584055494,0.0027693584055494,0.3690612957006272,0.4576364399664148,0.2769358405549714,0.2778161076343706
Anaerobaculum_hydrogeniformans_OS1_ATCC_BAA_1850,0.2150422077905933,0.0021504220779058,0.0021504220779058,0.7288480009683974,0.3476586974717471,0.2150422077905933,0.2152450342251641
Anaerococcus_hydrogenalis_DSM_7454,0.194092103132409,0.001940921031324,0.001940921031324,0.3419504855696895,0.3784176624610613,0.194092103132409,0.1943465282381279
Anaerococcus_prevotii_DSM_20548,0.164804076888164,0.0016480407688815,0.0016480407688815,0.3483466076613959,0.2186515437885949,0.164804076888164,0.164804076888164
Anaerofustis_stercorihominis_DSM_17244,0.1027645185734723,0.0010276451857345,0.0010276451857345,0.3483466076613959,0.2320591312893956,0.1027645185734723,0.1028979146444612
Anaerostipes_caccae_DSM_14662,0.4032411628579045,0.004032411628579,0.004032411628579,0.4032411628579045,0.4931210977569481,0.4032411628579045,0.4032411628579045
Anaerostipes_sp_3_2_56FAA,0.2246555442017192,0.0022465554420171,0.0022465554420171,0.4032411628579045,0.2857000469194232,0.2246555442017192,0.2247897060778354
Anaerotruncus_colihominis_DSM_17241,0.275392825135368,0.0027539282513536,0.0027539282513536,0.3881165761061322,0.3373426414047978,0.275392825135368,0.275392825135368
Arcanobacterium_haemolyticum_DSM_20595,0.3179085942848676,0.0031790859428485,0.0031790859428483,0.36392927155917,0.4576364399664148,0.3179085942848676,0.3189308724980447
Arcobacter_butzleri_RM4018,0.023613644223338,0.0002361364422333,0.0002361364422333,0.023613644223338,0.0740521840387384,0.023613644223338,0.024292536494759
Atopobium_minutum_10063974,0.3169297593247293,0.0031692975932472,0.0031692975932472,0.3483466076613959,0.4035300485831915,0.3169297593247293,0.3170422119860631
Atopobium_parvulum_DSM_20469,0.2586007312966637,0.0025860073129666,0.0025860073129666,0.3483466076613959,0.3301566036725733,0.2586007312966637,0.2587358130224777
Atopobium_rimae_ATCC_49626,0.325680563818192,0.0032568056381818,0.0032568056381818,0.325680563818192,0.5377624801977522,0.325680563818192,0.325680563818192
Bacillus_atrophaeus_ATCC_49822_1,0.4245225430946093,0.004245225430946,0.004245225430946,1.6101238144960064,0.5281074551052268,0.4245225430946093,0.4247300486954563
Bacillus_cereus_AH187_F4810_72,0.4317043688482127,0.0043170436884821,0.004317043688482,0.4317043688482127,0.7969311789871822,0.4317043688482127,0.4317043688482127
Bacillus_cereus_G9842,0.4317043688482127,0.0043170436884821,0.004317043688482,0.4317043688482127,0.8064979375507565,0.4317043688482127,0.4317043688482127
Bacillus_clausii_KSM_K16,0.3616690695524651,0.0036166906955246,0.0036166906955246,1.6101315920296686,0.4471955479324717,0.3616690695524651,0.3619275417742345
Bacillus_endophyticus_2102,0.2769911468700736,0.0027699114687007,0.0027699114687007,1.446952865706594,0.3565075622420839,0.2864817274661954,0.2774365272851719
Bacillus_fordii_DSM_16014,0.2632231582791837,0.0026322315827917,0.0026322315827917,0.6672775629520199,0.3500268116092597,0.2775063207688117,0.2635564320706084
Bacillus_halodurans_C_125,0.3836682288056522,0.0038366822880565,0.0038366822880564,1.6101160370374803,0.4746094749014646,0.3935801518482257,0.3837935485463052
Bacillus_mojavensis_RO_H_1,0.3303753557913585,0.0033037535579135,0.0033037535579135,1.5772871749129007,0.4340810846284588,0.3303753557913585,0.3305449712671723
Bacillus_mycoides_DSM_2048,0.4299790707742822,0.0042997907077428,0.0042997907077427,1.8657044661826891,0.5533924952133935,0.4299790707742822,0.4302616598162617
Bacillus_pseudofirmus_OF4,0.3125143600499247,0.0031251436004992,0.0031251436004991,1.5515466766208608,0.4259661052317939,0.3217487340221324,0.3126373597358348
Bacillus_pumilus_ATCC_7061,0.2718199516007205,0.0027181995160071,0.0027181995160071,1.282770815752709,0.3679615942087542,0.2742179885290171,0.2719797612142154
Bacillus_sonorensis_L12,0.4217287787061522,0.0042172877870615,0.0042172877870614,1.6101315920296686,0.5248728791891245,0.4217287787061522,0.4219925819658162
Bacillus_vallismortis_DV1_F_3,0.4345871923454983,0.0043458719234549,0.0043458719234549,1.6101238144960064,0.5288737766906006,0.4404544511552277,0.434740902055163
Bacteroides_caccae_ATCC_43185,0.5869703626806726,0.0058697036268066,0.0058697036268066,0.8618796491943,0.7371110219321176,0.5869703626806726,0.587441171617357
Bacteroides_clarus_YIT_12056,0.3325617190111141,0.003325617190111,0.003325617190111,1.564513187494586,0.5962860657261295,0.3325617190111141,0.3330574416640275
Bacteroides_coprocola_M16_DSM_17136,0.1115685179584873,0.0011156851795848,0.0011156851795848,0.4913374478295167,0.2365596152891079,0.1115685179584873,0.1120634558915447
Bacteroides_coprophilus_DSM_18228,0.255395084552841,0.0025539508455283,0.0025539508455283,0.8618796491943,0.3725628317985324,0.255395084552841,0.2559220029322424
Bacteroides_dorei_DSM_17855,0.1674173935963011,0.0016741739359629,0.0016741739359629,0.53531441216672,0.2996935905171775,0.1674173935963011,0.1678596376225351
Bacteroides_eggerthii_1_2_48FAA,0.471700531758411,0.004717005317584,0.004717005317584,1.0095863946268913,0.6367326631804752,0.471700531758411,0.4721881478467129
Bacteroides_eggerthii_DSM_20697,0.4179698707346328,0.0041796987073462,0.0041796987073462,0.8179373860042466,0.5724727713140486,0.4179698707346328,0.4184103747294004
Bacteroides_faecis_MAJ27,0.3901954197243001,0.0039019541972428,0.0039019541972426,0.4576364399664148,0.4576364399664148,0.3901954197243001,0.3907035343165007
Bacteroides_finegoldii_DSM_17565,0.1898487641817305,0.0018984876418172,0.0018984876418172,0.4913374478295167,0.2838258118675159,0.1898487641817305,0.1903308993211194
Bacteroides_fluxus_YIT_12057,0.4576364399664148,0.0045763643996641,0.0045763643996641,0.4576364399664148,0.4576364399664148,0.4576364399664148,0.4576364399664148
Bacteroides_fragilis_3_1_12,0.536895066337285,0.0053689506633727,0.0053689506633727,0.8618796491943,0.7323722211542175,0.536895066337285,0.537355783874857
Bacteroides_fragilis_638R,0.5509062313910319,0.0055090623139102,0.0055090623139102,1.231406531010818,0.7668992685088329,0.5509062313910319,0.5513797715679607
Bacteroides_fragilis_NCTC_9343,0.5653947809644603,0.0056539478096444,0.0056539478096444,1.231406531010818,0.7954560787608549,0.5653947809644603,0.5658733595880706
Bacteroides_fragilis_YCH46,0.5463483763977148,0.005463483763977,0.005463483763977,1.231406531010818,0.7725446640002989,0.5463483763977148,0.546820313712615
Bacteroides_intestinalis_341_DSM_17393,0.2861736094766751,0.0028617360947666,0.0028617360947666,0.8618796491943,0.4547781258349877,0.2861736094766751,0.286693209703246
Bacteroides_nordii_CL02T12C05,0.3845597582628135,0.0038455975826281,0.0038455975826281,0.4576364399664148,0.4576364399664148,0.3845597582628135,0.3850797179834555
Bacteroides_oleiciplenus_YIT_12058,0.266536545766043,0.0026653654576604,0.0026653654576602,0.4576364399664148,0.4576364399664148,0.266536545766043,0.2670458732993783
Bacteroides_ovatus_ATCC_8483,0.384710859494612,0.003847108594946,0.003847108594946,0.8618796491943,0.5552822974525908,0.384710859494612,0.3851779274670714
Bacteroides_ovatus_SD_CC_2a,0.2912879914727737,0.0029128799147276,0.0029128799147276,0.8542052696264788,0.4474228164859348,0.2912879914727737,0.2917544645595268
Bacteroides_ovatus_SD_CMC_3f,0.304719710090369,0.0030471971009036,0.0030471971009036,0.8542052696264788,0.4744649295164447,0.304719710090369,0.3051862140755889
Bacteroides_plebeius_M12_DSM_17135,0.1388454098951815,0.0013884540989517,0.0013884540989517,0.4913374478295167,0.2317467976992546,0.1388454098951815,0.1392891402519227
Bacteroides_salyersiae_WAL_10018,0.3827239790341137,0.003827239790341,0.003827239790341,1.2314186620266807,0.6218621704236992,0.3827239790341137,0.3832395228960336
Bacteroides_sp_1_1_14,0.1833494865315235,0.0018334948653151,0.0018334948653151,0.3769784906659837,0.3169410489588452,0.1833494865315235,0.1838125565951603
Bacteroides_sp_1_1_30,0.1798821774394687,0.0017988217743945,0.0017988217743945,0.2642410511922364,0.2821602344759416,0.1798821774394687,0.1802240045826294
Bacteroides_sp_1_1_6,0.1673226422178809,0.0016732264221787,0.0016732264221787,0.2679189905426908,0.2743525477009377,0.1673226422178809,0.1677798218442039
Bacteroides_sp_20_3,0.1214036292172519,0.0012140362921725,0.0012140362921725,0.2850607097457374,0.2059884663226592,0.1214036292172519,0.1217501996125621
Bacteroides_sp_2_1_22,0.154553422243667,0.0015455342224365,0.0015455342224365,0.2499071163607263,0.2445376585425926,0.154553422243667,0.1549853685492793
Bacteroides_sp_2_1_33B,0.1071237006927931,0.0010712370069278,0.0010712370069278,0.1939824962925897,0.1877611379839732,0.1071237006927931,0.1074540973628722
Bacteroides_sp_2_1_7,0.1231747100043456,0.0012317471000434,0.0012317471000434,0.3887921950872589,0.2089935023182297,0.1231747100043456,0.1235263362980773
Bacteroides_sp_2_2_4,0.1871683566088828,0.0018716835660888,0.0018716835660888,0.2901986470159959,0.3012273419454221,0.1871683566088828,0.1876431975225143
Bacteroides_sp_3_1_19,0.1029394964405703,0.0010293949644055,0.0010293949644055,0.1890621051875153,0.1704675533491706,0.1029394964405703,0.1032684002185117
Bacteroides_sp_3_1_23,0.1696946982290693,0.0016969469822905,0.0016969469822905,0.2639574883849058,0.2713560204508164,0.1696946982290693,0.1701252089575141
Bacteroides_sp_3_1_33FAA,0.1353355562232601,0.0013533555622325,0.0013533555622325,0.4573718647482114,0.2565999456807006,0.1353355562232601,0.1357641271986244
Bacteroides_sp_3_1_40A,0.108775809258062,0.0010877580925806,0.0010877580925806,0.3018047544368126,0.2335945098313159,0.108775809258062,0.1092043911868508
Bacteroides_sp_3_2_5,0.1469334323662664,0.0014693343236626,0.0014693343236626,0.2424611138548993,0.2647640621106268,0.1469334323662664,0.1473694510525506
Bacteroides_sp_4_1_36,0.0668871025962584,0.0006688710259625,0.0006688710259625,0.235425211046491,0.1490590329034951,0.0668871025962584,0.0674119351285927
Bacteroides_sp_4_3_47FAA,0.1300779284515113,0.001300779284515,0.001300779284515,0.4100587147675264,0.2582768223880699,0.1300779284515113,0.1305204090322283
Bacteroides_sp_9_1_42FAA,0.2558690793951786,0.0025586907939517,0.0025586907939517,0.6375963661217119,0.4045455302057844,0.2558690793951786,0.2563891799018729
Bacteroides_sp_D1,0.154553422243667,0.0015455342224365,0.0015455342224365,0.2499071163607263,0.2445376585425926,0.154553422243667,0.1549853685492793
Bacteroides_sp_D20,0.1156040989720796,0.0011560409897207,0.0011560409897207,0.2861494344933144,0.2036314477919196,0.1156040989720796,0.115972507318184
Bacteroides_sp_D22,0.1695703126523201,0.0016957031265231,0.0016957031265231,0.2637617575726215,0.2711691096418964,0.1695703126523201,0.1700005078180171
Bacteroides_sp_D2,0.1701562010013645,0.0017015620100135,0.0017015620100135,0.2646837296907123,0.2720493636283036,0.1701562010013645,0.1705878825495035
Bacteroides_stercoris_ATCC_43183,0.4262883103813887,0.0042628831038138,0.0042628831038138,0.4913374478295167,0.5814190416202174,0.4262883103813887,0.426729785947001
Bacteroides_thetaiotaomicron_VPI_5482,0.539711093241172,0.0053971109324114,0.0053971109324114,1.231406531010818,0.7470288979507185,0.539711093241172,0.5402008369948766
Bacteroides_uniformis_ATCC_8492,0.3892094879067625,0.0038920948790675,0.0038920948790675,0.8618796491943,0.5731831690821,0.3892094879067625,0.3896668909690412
Bacteroides_ureolyticus_DSM_20703,0.0417753740999911,0.0004177537409998,0.0004177537409998,0.0417753740999911,0.1425123401899017,0.0417753740999911,0.0422495865279535
Bacteroides_vulgatus_ATCC_8482,0.4726462985863978,0.0047264629858637,0.0047264629858637,1.231406531010818,0.6086244515186439,0.4726462985863978,0.4731505163352112
Bacteroides_xylanisolvens_SD_CC_1b,0.1640982266061693,0.0016409822660616,0.0016409822660616,0.3453900356019909,0.254879441309445,0.1640982266061693,0.1645301729117816
Bartonella_quintana_Toulouse,0.0038737022349866,3.873702234986696e-05,3.873702234986696e-05,0.0038737022349866,0.0310787783623511,0.0038737022349866,0.0045437480269843
Bifidobacterium_adolescentis_ATCC_15703,0.325680563818192,0.0032568056381818,0.0032568056381818,0.325680563818192,0.5649226776014221,0.325680563818192,0.325680563818192
Bifidobacterium_angulatum_DSM_20098,0.1952732494944697,0.0019527324949446,0.0019527324949446,0.6425431683189686,0.3331169753526581,0.1952732494944697,0.1954384604895369
Bifidobacterium_animalis_lactis_AD011,0.1090668331604898,0.0010906683316048,0.0010906683316048,0.8482905465102863,0.2266582461798301,0.1090668331604898,0.1092604869540211
Bifidobacterium_animalis_lactis_BB_12,0.142261171130898,0.0014226117113088,0.0014226117113088,0.325680563818192,0.2687176376021983,0.142261171130898,0.1427743329533484
Bifidobacterium_animalis_lactis_Bi_07,0.0939259291740914,0.0009392592917406,0.0009392592917406,0.325680563818192,0.2047563092406383,0.0939259291740914,0.0947178088586933
Bifidobacterium_animalis_lactis_Bl_04_ATCC_SD5219,0.0938667222246495,0.0009386672222464,0.0009386672222464,0.325680563818192,0.2045755520810803,0.0938667222246495,0.0946341927681691
Bifidobacterium_animalis_lactis_CNCM_I_2494,0.101744789064539,0.0010174478906452,0.0010174478906452,0.325680563818192,0.2224778432727529,0.101744789064539,0.1026568579074223
Bifidobacterium_animalis_lactis_DSM_10140,0.0938667222246495,0.0009386672222464,0.0009386672222464,0.325680563818192,0.2045755520810803,0.0938667222246495,0.0946341927681691
Bifidobacterium_animalis_lactis_V9,0.0938667222246495,0.0009386672222464,0.0009386672222464,0.325680563818192,0.2045755520810803,0.0938667222246495,0.0946341927681691
Bifidobacterium_bifidum_BGN4,0.193520091601297,0.0019352009160129,0.0019352009160129,0.325680563818192,0.3135114340860389,0.193520091601297,0.1939962129151985
Bifidobacterium_bifidum_NCIMB_41171,0.1381750801843389,0.0013817508018432,0.0013817508018432,0.8542052696264788,0.2495767686113789,0.1381750801843389,0.1383490433909398
Bifidobacterium_bifidum_PRL2010,0.2715295950296048,0.0027152959502959,0.0027152959502958,0.325680563818192,0.3922898593669242,0.2715295950296048,0.272004649056856
Bifidobacterium_bifidum_S17,0.1705492925702548,0.0017054929257023,0.0017054929257022,0.325680563818192,0.274553738513329,0.1705492925702548,0.1710277571687458
Bifidobacterium_breve_HPH0326,0.325680563818192,0.0032568056381818,0.0032568056381818,0.325680563818192,0.4430085618672062,0.325680563818192,0.325680563818192
Bifidobacterium_breve_UCC2003_NCIMB8807,0.325680563818192,0.0032568056381818,0.0032568056381818,0.325680563818192,0.5685497476523159,0.325680563818192,0.325680563818192
Bifidobacterium_catenulatum_DSM_16992,0.125313913642535,0.0012531391364253,0.0012531391364253,0.8446306911427092,0.319761058363789,0.125313913642535,0.125495343215403
Bifidobacterium_dentium_ATCC_27678,0.2911515307911943,0.0029115153079118,0.0029115153079118,0.325680563818192,0.4715900633595102,0.2911515307911943,0.2916608995546171
Bifidobacterium_gallicum_DSM_20093,0.2167799343671445,0.0021677993436713,0.0021677993436713,0.8104112771236992,0.3237373765924585,0.2167799343671445,0.2169638391755397
Bifidobacterium_longum_DJO10A,0.232615767071138,0.0023261576707112,0.0023261576707111,0.325680563818192,0.3748444130007603,0.232615767071138,0.2332721414380237
Bifidobacterium_longum_E18,0.2271440080402891,0.0022714400804028,0.0022714400804027,0.325680563818192,0.364001855215437,0.2271440080402891,0.2276476612657142
Bifidobacterium_longum_NCC2705,0.1044559950358544,0.0010445599503585,0.0010445599503585,0.7021798568327913,0.2327496502278813,0.1044559950358544,0.104772330138809
Bifidobacterium_longum_infantis_157F_NC,0.0719885530216574,0.0007198855302165,0.0007198855302165,0.331782151236258,0.1554933312132634,0.0719885530216574,0.0722588241716968
Bifidobacterium_longum_infantis_ATCC_15697,0.3127200823173111,0.003127200823173,0.003127200823173,1.1558557540168244,0.462913132920934,0.3127200823173111,0.3129392462609907
Bifidobacterium_longum_longum_ATCC_55813,0.1072945307696315,0.0010729453076962,0.0010729453076962,0.7612155930551942,0.2355881859616584,0.1072945307696315,0.1076108658725861
Bifidobacterium_longum_longum_BBMN68,0.2239546642277043,0.0022395466422768,0.0022395466422767,0.325680563818192,0.3700170312599042,0.2239546642277043,0.2246084985080677
Bifidobacterium_longum_longum_CCUG_52486,0.1167711387124527,0.0011677113871245,0.0011677113871245,0.8446306911427092,0.2582146446704467,0.1167711387124527,0.1169569735043174
Bifidobacterium_longum_longum_JCM_1217,0.2187098565675737,0.0021870985656755,0.0021870985656754,0.325680563818192,0.3564593544887818,0.2187098565675737,0.2193373394176753
Bifidobacterium_longum_longum_JDM301,0.2264563650845653,0.0022645636508455,0.0022645636508454,0.325680563818192,0.3643557163895305,0.2264563650845653,0.2269601364282552
Bifidobacterium_pseudocatenulatum_DSM_20438,0.2186007199841524,0.0021860071998414,0.0021860071998414,0.7173335590297162,0.4037335475459724,0.2186007199841524,0.2186007199841524
Bifidobacterium_thermophilum_RBL67,0.3246330769928984,0.0032463307699289,0.0032463307699289,1.143407989079574,0.4789112990159468,0.3246330769928984,0.3255682977882173
Bilophila_wadsworthia_3_1_6,0.1777636616089539,0.0017776366160894,0.0017776366160894,0.1777636616089539,0.2240780402381275,0.1777636616089539,0.1780848914672965
Blautia_hansenii_VPI_C7_24_DSM_20583,0.2307781173919998,0.0023077811739199,0.0023077811739199,1.1751554694803512,0.4280480907146105,0.2307781173919998,0.2307781173919998
Blautia_hydrogenotrophica_DSM_10507,0.2052677177417134,0.002052677177417,0.002052677177417,1.0283461773073517,0.4621762242280542,0.2052677177417134,0.2053138911760446
Brachybacterium_paraconglomeratum_LC44,0.6465326277773388,0.0064653262777732,0.0064653262777732,1.98725817054846,0.8431589296366575,0.6465326277773388,0.6471554494038875
Brachyspira_pilosicoli_B2904,0.1519041693981287,0.0015190416939809,0.0015190416939809,0.1519041693981287,0.5603419434184966,0.1519041693981287,0.1519041693981287
Bradyrhizobium_elkanii_USDA_76,0.3801844012534159,0.0038018440125341,0.0038018440125341,1.120600372755605,0.5963013388961597,0.3808167070435816,0.3810951046246899
Brevibacillus_agri_BAB_2500,0.2177207655419742,0.0021772076554197,0.0021772076554197,1.017532187384169,0.285437833625939,0.2237061053237414,0.2179384335868389
Brevibacillus_borstelensis_AK1,0.1913557474216469,0.0019135574742164,0.0019135574742164,0.4912306488207126,0.2614427616852736,0.1955321623842675,0.1915522800576255
Brevibacillus_brevis_NBRC_100599,0.2800426252211578,0.0028004262522115,0.0028004262522115,1.0914062367710855,0.3620106648185853,0.2907143645013696,0.2804881622816303
Brevibacterium_casei_S18,0.4176317204164408,0.0041763172041643,0.0041763172041643,1.1203505452372653,0.591207227563842,0.4176317204164408,0.4184580182350846
Brevibacterium_massiliense_5401308,0.0743002859991528,0.0007430028599912,0.0007430028599912,0.0989454839777014,0.1214160317732274,0.0743002859991528,0.0748830832134164
Brevundimonas_diminuta_470_4,0.1023024061552893,0.0010230240615528,0.0010230240615527,0.1023024061552893,0.2737258390591273,0.1332410386096918,0.1029936882359948
Bulleidia_extructa_W1219,0.2196547669072248,0.0021965476690721,0.0021965476690721,0.3483466076613959,0.2687760454309942,0.2196547669072248,0.2197743228558203
Burkholderiales_bacterium_1_1_47,0.0262912608573672,0.0002629126085736,0.0002629126085736,0.0262912608573672,0.0262912608573672,0.0262912608573672,0.0264665359297497
Butyricicoccus_pullicaecorum_1_2,0.374636911047071,0.0037463691104706,0.0037463691104706,1.5013612008220787,0.5090511774592078,0.374636911047071,0.3746729408268657
Butyricimonas_synergistica_DSM_23225,0.325680563818192,0.0032568056381818,0.0032568056381818,0.325680563818192,0.7815993177321747,0.325680563818192,0.325680563818192
Butyrivibrio_crossotus_DSM_2876,0.2005521803183951,0.0020055218031839,0.0020055218031839,0.2122989499458047,0.2619345152334201,0.2005521803183951,0.2005521803183951
Butyrivibrio_fibrisolvens_16_4,0.1782017870094441,0.0017820178700943,0.0017820178700943,0.8542052696264788,0.3019708752922573,0.1782017870094441,0.1784205623357305
Campylobacter_coli_JV20,0.1027517443790345,0.0010275174437903,0.0010275174437903,0.2367155251092506,0.2586331237961468,0.1027517443790345,0.1032448653170135
Campylobacter_concisus_13826,0.0280005659283956,0.0002800056592839,0.0002800056592839,0.0280005659283956,0.0421059238638608,0.0280005659283956,0.0283764124509244
Campylobacter_curvus_525_92,0.0284707232793083,0.0002847072327929,0.000284707232793,0.0284707232793083,0.0635445404395489,0.0284707232793083,0.0289672479266628
Campylobacter_fetus_subsp_fetus_82_40,0.015132471505201,0.0001513247150519,0.000151324715052,0.015132471505201,0.0812527616674505,0.015132471505201,0.015521870343076
Campylobacter_gracilis_RM3268,0.0145058921422851,0.0001450589214228,0.0001450589214228,0.0145058921422851,0.0145058921422851,0.0145058921422851,0.0146716737667684
Campylobacter_hominis_ATCC_BAA_381,0.0173808384896433,0.0001738083848963,0.0001738083848964,0.0173808384896433,0.0282138547597832,0.0175899428003636,0.0176462803737749
Campylobacter_jejuni_jejuni_81_176,0.1084498297073122,0.0010844982970728,0.0010844982970728,0.1084498297073122,0.1997681057241073,0.1084498297073122,0.1088699252207714
Campylobacter_jejuni_jejuni_M1,0.1085708100855803,0.0010857081008558,0.0010857081008558,0.1085708100855803,0.1999947129229412,0.1085708100855803,0.1089913742333772
Campylobacter_jejuni_jejuni_NCTC_11168,0.1085714300945148,0.0010857143009449,0.0010857143009449,0.1085714300945148,0.2000094048758946,0.1085714300945148,0.1089919966440027
Campylobacter_lari_RM2100,0.0096546827016528,9.654682701652873e-05,9.654682701652873e-05,0.0096546827016528,0.0499771810438501,0.0096546827016528,0.0103361897158871
Campylobacter_rectus_RM3267,0.0074499076081393,7.449907608139374e-05,7.449907608139374e-05,0.0074499076081393,0.0074499076081393,0.0074499076081393,0.0074513515054523
Campylobacter_upsaliensis_JV21,0.0593295752150401,0.0005932957521503,0.0005932957521503,0.0593295752150401,0.1684165963284401,0.0593295752150401,0.0597950311006714
Capnocytophaga_granulosa_ATCC_51502,0.1638453574525008,0.0016384535745249,0.0016384535745247,0.326501992256085,0.205138260985139,0.1638453574525008,0.1648001066671282
Capnocytophaga_ochracea_DSM_7271,0.2365265007055079,0.002365265007055,0.002365265007055,0.3809243255734815,0.2790553366472725,0.2365265007055079,0.2371164961174168
Capnocytophaga_sputigena_ATCC_33612,0.3123494478160872,0.0031234944781608,0.0031234944781608,0.3809243255734815,0.3695405804511787,0.3123494478160872,0.3128145728270678
Catenibacterium_mitsuokai_DSM_15897,0.2425893276438983,0.0024258932764389,0.0024258932764389,0.8446306911427092,0.4665542947258922,0.2425893276438983,0.2425893276438983
Citrobacter_koseri_ATCC_BAA_895,0.8441594949403551,0.0084415949494035,0.0084415949494035,2.6641643677412383,1.022004690678497,0.8453126402540807,0.8452045473283635
Citrobacter_sp_30_2,0.8268798478311109,0.008268798478311,0.008268798478311,2.5626158088794364,1.0196276875298345,0.8287836166095076,0.8276680896863794
Citrobacter_youngae_ATCC_29220,0.8310494467945307,0.0083104944679452,0.0083104944679452,2.5626158088794364,1.024479775395322,0.8327482509199191,0.8318375592796439
Clostridiales_sp_1_7_47FAA,0.4209611497162197,0.0042096114971621,0.0042096114971621,0.571258314048698,0.5623509479306827,0.4209611497162197,0.4210254481820853
Clostridium_beijerinckii_NCIMB_8052,0.7061881396062888,0.0070618813960628,0.0070618813960628,2.4151402242489617,1.3622770131330917,0.7061881396062888,0.7063800565598004
Clostridium_bolteae_ATCC_BAA_613,0.4736322488825878,0.0047363224888258,0.0047363224888258,0.577764724574741,0.7031430844347264,0.4736322488825878,0.4738168560095702
Clostridium_botulinum_A_str_ATCC_19397,0.2907375176356154,0.002907375176356,0.002907375176356,0.3483466076613959,0.5132837706284449,0.3130538086132997,0.2907632770311483
Clostridium_botulinum_A_str_Hall,0.2752605446016573,0.0027526054460164,0.0027526054460164,0.3483466076613959,0.4267273322301999,0.2978542944906373,0.2752605446016573
Clostridium_botulinum_Bf,0.3483466076613959,0.0034834660766138,0.0034834660766138,0.3483466076613959,0.527706223840582,0.3483466076613959,0.3483466076613959
Clostridium_botulinum_E1_str_BoNT_E_Beluga,0.4335743214199645,0.0043357432141995,0.0043357432141995,1.5013612008220787,0.5149016890622773,0.4552924601436329,0.4335743214199645
Clostridium_botulinum_F_str_230613,0.3483466076613959,0.0034834660766138,0.0034834660766138,0.3483466076613959,0.528115759387901,0.3483466076613959,0.3483466076613959
Clostridium_citroniae_WAL_17108,0.2932428252168173,0.002932428252168,0.002932428252168,1.3625613611520984,0.4151252120890102,0.3008582027625248,0.2934712865431885
Clostridium_clariflavum_DSM_19732,0.3412570263811609,0.0034125702638116,0.0034125702638116,0.9903127878905436,0.4222270749512042,0.3412570263811609,0.3413656390979428
Clostridium_clostridioforme_CM201,0.3217899051974056,0.003217899051974,0.003217899051974,0.676989757521074,0.392919123764868,0.3217899051974056,0.321864876705777
Clostridium_difficile_CD196,0.3483466076613959,0.0034834660766138,0.0034834660766138,0.3483466076613959,0.7988453108169375,0.3483466076613959,0.3483466076613959
Clostridium_hathewayi_12489931,0.3891254649267825,0.0038912546492677,0.0038912546492677,0.4964381938585631,0.4669016347150783,0.3891254649267825,0.3892231442990888
Clostridium_hylemonae_DSM_15053,0.148604149966842,0.0014860414996683,0.0014860414996683,0.4032411628579045,0.3416347266140822,0.148604149966842,0.1487469778364698
Clostridium_innocuum_2959,0.4967844352938064,0.004967844352938,0.004967844352938,1.690768556718679,0.6908963605326999,0.5191982845997457,0.4968286429174929
Clostridium_leptum_DSM_753,0.0609935547376905,0.0006099355473768,0.0006099355473768,0.1845442336124038,0.0861019205444199,0.0609935547376905,0.061174515932694
Clostridium_perfringens_ATCC_13124,0.3483466076613959,0.0034834660766138,0.0034834660766138,0.3483466076613959,0.6454975519478147,0.3483466076613959,0.3483466076613959
Clostridium_saccharoperbutylacetonicum_N1_4_HMT,0.5534706486375801,0.0055347064863756,0.0055347064863756,2.415133224786484,0.7291940668406608,0.5746788809871396,0.5536908879735178
Clostridium_scindens_ATCC_35704,0.1797995148931745,0.0017979951489317,0.0017979951489317,0.4245978998916095,0.3955210567262407,0.1797995148931745,0.1799543172818837
Clostridium_sp_7_2_43FAA,0.4282455518370529,0.0042824555183704,0.0042824555183704,0.571258314048698,0.5436829035291263,0.4282455518370529,0.4282455518370529
Clostridium_sp_L2_50,0.0299098349836763,0.0002990983498367,0.0002990983498367,0.1014962532545338,0.0595793746855663,0.0299098349836763,0.0300378660377963
Clostridium_sp_M62_1,0.3029829174547008,0.0030298291745469,0.0030298291745469,0.7099771275995952,0.3029829174547008,0.3029829174547008,0.3029829174547008
Clostridium_sp_SY8519,0.0749109772813209,0.0007491097728132,0.0007491097728132,0.3018326175586343,0.2114284518345772,0.0761067754897359,0.0752438752588033
Clostridium_spiroforme_DSM_1552,0.1550952857752257,0.0015509528577521,0.0015509528577521,0.8522328968075037,0.3418168179280876,0.1550952857752257,0.1552622857862538
Clostridium_sporogenes_ATCC_15579,0.3483466076613959,0.0034834660766138,0.0034834660766138,0.3483466076613959,0.6887069320020487,0.3483466076613959,0.3483466076613959
Clostridium_sporosphaeroides_DSM_1294,0.1957412617185943,0.0019574126171859,0.0019574126171859,0.1957412617185943,0.3526411169955383,0.1957412617185943,0.1963218533620597
Clostridium_sticklandii_DSM_519,0.3509039827604041,0.003509039827604,0.0035090398276039,0.7410718415900326,0.5938333825271508,0.366037332277841,0.3511372885654646
Clostridium_symbiosum_WAL_14163,0.1694648842059269,0.0016946488420591,0.0016946488420591,0.5244038976715337,0.3503905203940571,0.1694648842059269,0.1694805512514906
Clostridium_symbiosum_WAL_14673,0.1698350532476009,0.0016983505324759,0.0016983505324759,0.5262807094460742,0.3504833343840586,0.1698350532476009,0.1698507545153297
Collinsella_aerofaciens_ATCC_25986,0.3067626849241263,0.0030676268492412,0.0030676268492412,0.371443429165738,0.4814258700065333,0.3067626849241263,0.306946666810197
Collinsella_intestinalis_DSM_13280,0.122924864574415,0.0012292486457441,0.0012292486457441,0.2946005609194692,0.3092162620870632,0.122924864574415,0.1230989029986548
Collinsella_stercoris_DSM_13279,0.1641804713553175,0.0016418047135531,0.0016418047135531,0.3419504855696895,0.3062668802570347,0.1641804713553175,0.1643563850312259
Collinsella_tanakaei_YIT_12063,0.3311642256229562,0.0033116422562294,0.0033116422562294,0.676989757521074,0.3988528628698901,0.3311642256229562,0.3312390791951935
Coprobacillus_sp_29_1,0.1656285416652234,0.0016562854166521,0.0016562854166521,0.4623337645237818,0.3482514416570197,0.1656285416652234,0.1656285416652234
Coprobacillus_sp_D7,0.1953693051883886,0.0019536930518838,0.0019536930518838,0.6055857717622924,0.3527192221634144,0.1953693051883886,0.1956904045426453
Coprococcus_comes_ATCC_27758,0.2716821667942732,0.0027168216679427,0.0027168216679427,1.3295686048585809,0.4587954300521277,0.2716821667942732,0.2719415558411623
Coprococcus_eutactus_ATCC_27759,0.0987739828570105,0.00098773982857,0.00098773982857,0.571258314048698,0.1702182916555461,0.0987739828570105,0.0989249215375708
Corynebacterium_ammoniagenes_DSM_20306,0.1470932294119054,0.0014709322941189,0.0014709322941188,0.4250048385409325,0.1766557416914147,0.1470932294119054,0.1475551436662728
Corynebacterium_amycolatum_SK46,0.2092740975151535,0.0020927409751512,0.0020927409751512,0.2919263336875664,0.2919263336875664,0.2092740975151535,0.2098097464471328
Corynebacterium_aurimucosum_ATCC_700975,0.3045060764383031,0.003045060764383,0.003045060764383,0.4576364399664148,0.4147112336554845,0.3045060764383031,0.3052019914604472
Corynebacterium_durum_F0235,0.2956775186516895,0.0029567751865167,0.0029567751865167,0.4576364399664148,0.3270304432251824,0.2956775186516895,0.2960694302088582
Corynebacterium_glucuronolyticum_ATCC_51867,0.2669624442998147,0.002669624442998,0.002669624442998,0.9206481166709098,0.340833086675971,0.2669624442998147,0.267149530250191
Corynebacterium_kroppenstedtii_DSM_44385,0.2207216077710534,0.0022072160777104,0.0022072160777103,0.4576364399664148,0.2615287683944767,0.2207216077710534,0.2215387724277075
Corynebacterium_propinquum_DSM_44285,0.073501907892397,0.0007350190789239,0.0007350190789239,0.1411049565174028,0.0832259346444162,0.073501907892397,0.0739477004168262
Corynebacterium_tuberculostearicum_SK141,0.1812529170925183,0.001812529170925,0.001812529170925,0.6309357387717683,0.2806145500551946,0.1812529170925183,0.1815088176477945
Corynebacterium_ulcerans_809,0.1973423843039868,0.0019734238430398,0.0019734238430397,0.6983595617879546,0.2833516723306207,0.1973423843039868,0.1975498788925122
Cronobacter_sakazakii_ATCC_BAA_894,0.700387058316653,0.0070038705831664,0.0070038705831664,2.475879152643651,0.92970480299102,0.700387058316653,0.7016453156929265
Cryptobacterium_curtum_DSM_15641,0.0262252498208099,0.000262252498208,0.0002622524982079,0.0262252498208099,0.0613220721801714,0.0262252498208099,0.0263519127109288
Curtobacterium_flaccumfaciens_UCD_AKU,0.229920237800304,0.002299202378003,0.0022992023780029,1.1109633589673469,0.3295467184265695,0.229920237800304,0.2306020244123822
Delftia_acidovorans_SPH_1,0.4476251560420236,0.0044762515604201,0.0044762515604201,1.09749793515769,0.7396206674976361,0.487633856453671,0.4482953108055147
Desulfovibrio_piger_ATCC_29098,0.1257011789472515,0.0012570117894724,0.0012570117894724,0.1257011789472515,0.2355188187329762,0.1257011789472515,0.1260271682304745
Desulfovibrio_sp_3_1_syn3,0.0994148162309252,0.0009941481623091,0.0009941481623091,0.2317303713184912,0.2612041233154725,0.0994148162309252,0.0996254846876898
Dialister_invisus_DSM_15470,0.009578887293295,9.57888729329508e-05,9.57888729329508e-05,0.009578887293295,0.009578887293295,0.009578887293295,0.0097704650391609
Dialister_succinatiphilus_YIT_11850,0.185920377183458,0.0018592037718344,0.0018592037718343,0.325680563818192,0.3065920228011309,0.185920377183458,0.1860469126364135
Dorea_formicigenerans_ATCC_27755,0.2163974275257036,0.002163974275257,0.002163974275257,0.9804642948474616,0.3057742506655065,0.2163974275257036,0.216635524241274
Dorea_longicatena_DSM_13814,0.31633547573951,0.003163354757395,0.003163354757395,0.4032411628579045,0.4580257793367596,0.31633547573951,0.3164477221436259
Edwardsiella_tarda_ATCC_23685,0.6754860030042208,0.0067548600300421,0.0067548600300421,1.3699950539927293,0.8872819535918045,0.6754860030042208,0.6760640688864809
Edwardsiella_tarda_FL6_60,0.325680563818192,0.0032568056381818,0.0032568056381818,0.325680563818192,0.9414169579699044,0.325680563818192,0.325680563818192
Eggerthella_sp_1_3_56FAA,0.1404004104000948,0.0014040041040008,0.0014040041040008,0.1404004104000948,0.4072349002287623,0.1404004104000948,0.1407195929187651
Eggerthella_sp_YY7918,0.0944459457104144,0.0009444594571038,0.0009444594571038,0.0944459457104144,0.177907778401644,0.0944459457104144,0.0946634288700749
Eggerthia_catenaformis_OT_569,0.3483466076613959,0.0034834660766138,0.0034834660766138,0.3483466076613959,0.5196055006725903,0.3483466076613959,0.3483466076613959
Eikenella_corrodens_ATCC_23834,0.1147760812672005,0.0011477608126719,0.0011477608126717,0.316156999576303,0.2351809650715783,0.1147760812672005,0.1155163163718692
Enterobacter_aerogenes_KCTC_2190,0.8106473139052591,0.0081064731390525,0.0081064731390524,2.965020591706835,1.05495065749136,0.8106473139052591,0.811520962965416
Enterobacter_asburiae_LF7a,0.7703672147084936,0.0077036721470849,0.0077036721470847,2.797027199950324,1.0607894560275957,0.7703672147084936,0.7715031625515317
Enterobacter_cancerogenus_ATCC_35316,0.7170265069255745,0.0071702650692556,0.0071702650692556,2.5393111602847527,0.8745126549387146,0.7170265069255745,0.7177568352145587
Enterobacter_cloacae_EcWSU1,0.7758134550924884,0.0077581345509249,0.0077581345509249,2.871646482430263,1.0670201287920007,0.7758134550924884,0.7766633874583143
Enterococcus_asini_ATCC_700915,0.4368038616677768,0.0043680386166777,0.0043680386166777,1.5013612008220787,0.5230177465936143,0.4368038616677768,0.4369170409285771
Enterococcus_avium_ATCC_14025,0.2661060344562145,0.0026610603445621,0.0026610603445621,1.465147128679393,0.3532978083318165,0.2661060344562145,0.266220019790128
Enterococcus_caccae_ATCC_BAA_1240,0.3711011680758862,0.0037110116807588,0.0037110116807588,1.127535795140088,0.4571527892064103,0.3711011680758862,0.3712310803408297
Enterococcus_casseliflavus_ATCC_12755,0.253456693368263,0.0025345669336825,0.0025345669336825,1.5337481230706531,0.3480108789001333,0.253456693368263,0.2535694543174916
Enterococcus_dispar_ATCC_51266,0.3075211315687685,0.0030752113156876,0.0030752113156876,1.2960528489764045,0.40402976748089,0.3075211315687685,0.3076345377214267
Enterococcus_faecalis_OG1RF_ATCC_47077,0.3434685561406224,0.0034346855614062,0.0034346855614062,0.3434685561406224,0.4562708208273812,0.3434685561406224,0.3434685561406224
Enterococcus_faecalis_TX1322,0.3310094563966306,0.0033100945639662,0.0033100945639662,0.3419504855696895,0.3982278441402528,0.3310094563966306,0.3313698569721755
Enterococcus_faecalis_V583,0.3434685561406224,0.003434685561406,0.003434685561406,0.3434685561406224,0.4572867689044538,0.3434685561406224,0.3434685561406224
Enterococcus_faecium_TX1330,0.2304314251987823,0.0023043142519877,0.0023043142519877,0.2977687197268468,0.3284737592625105,0.2304314251987823,0.230614120202517
Enterococcus_hirae_ATCC_9790,0.3294058397522755,0.0032940583975227,0.0032940583975227,0.3335152226538361,0.4087083664535675,0.3294058397522755,0.3295233722235421
Enterococcus_phoeniculicola_ATCC_BAA_412,0.2289392672523396,0.0022893926725233,0.0022893926725233,0.347649487734617,0.3229322773075411,0.2289392672523396,0.2290479879269017
Erysipelotrichaceae_bacterium_5_2_54FAA,0.1768115915705127,0.001768115915705,0.001768115915705,1.0194692795461966,0.4050851221666738,0.1768115915705127,0.1768115915705127
Erysipelotrichaceae_bacterium_sp_3_1_53,0.1274532518140189,0.0012745325181401,0.0012745325181401,0.8440410076734715,0.3522093137931363,0.1274532518140189,0.12758275630448
Escherichia_albertii_TW07627,0.8659106876666175,0.0086591068766661,0.0086591068766659,2.505642584942366,1.14554188057198,0.8858611269980793,0.8671157082855561
Escherichia_coli_O157_H7_str_Sakai,0.8348900805475276,0.0083489008054751,0.0083489008054751,2.5626158088794364,1.105037001302379,0.8520618465041112,0.8356226897491003
Escherichia_coli_SE11,0.8538574227330583,0.0085385742273305,0.0085385742273305,2.974495476931294,1.0954085840729957,0.8538574227330583,0.8548122129151586
Escherichia_coli_UTI89_UPEC,0.7711498743338047,0.007711498743338,0.007711498743338,2.5626158088794364,1.0200715038254904,0.7918108042770157,0.7718038880882211
Escherichia_coli_str_K_12_substr_MG1655,0.8303938119098099,0.008303938119098,0.008303938119098,2.5626158088794364,1.0825449900928317,0.8474709330001327,0.8311267349068047
Escherichia_fergusonii_ATCC_35469,0.8879615547821115,0.008879615547821,0.008879615547821,2.544005882074734,1.2495048541837024,0.904385150189846,0.8891736724434234
Escherichia_sp_3_2_53FAA,0.7591360760247018,0.007591360760247,0.007591360760247,2.5626158088794364,1.0084377557378603,0.780908164904325,0.7597900897791181
Escherichia_sp_4_1_40B,0.792650030744255,0.0079265003074424,0.0079265003074424,2.5856389475829,1.041282481376393,0.8105747369657214,0.7933348204704734
Eubacterium_biforme_DSM_3989,0.207091541647819,0.002070915416478,0.002070915416478,0.3419504855696895,0.4383659609578866,0.207091541647819,0.2072028124500874
Eubacterium_dolichum_DSM_3991,0.329225121692381,0.0032922512169237,0.0032922512169237,0.3419504855696895,0.5459013322095252,0.329225121692381,0.329225121692381
Eubacterium_eligens_ATCC_27750,0.336966002675814,0.003369660026758,0.003369660026758,0.687250978903113,0.3958699251759717,0.336966002675814,0.3370796223029737
Eubacterium_limosum_KIST612,0.3144954522951781,0.0031449545229517,0.0031449545229517,0.3483466076613959,0.4702514628456856,0.3144954522951781,0.3148531352205644
Eubacterium_rectale_ATCC_33656,0.3483466076613959,0.0034834660766138,0.0034834660766138,0.3483466076613959,0.4857874962622437,0.3483466076613959,0.3483466076613959
Eubacterium_saphenum_ATCC_49989,0.0162056446822883,0.0001620564468228,0.0001620564468228,0.0162056446822883,0.0896381828037569,0.0162561789912257,0.0163493175349759
Eubacterium_siraeum_DSM_15702,0.1613073924536124,0.001613073924536,0.001613073924536,0.4567796273048294,0.2265270831472813,0.1613073924536124,0.1614243261549973
Eubacterium_ventriosum_ATCC_27560,0.1407804389197272,0.0014078043891972,0.0014078043891972,0.577764724574741,0.2049748797358552,0.1407804389197272,0.1409238901841207
Faecalibacterium_cf_prausnitzii_KLE1255,0.1363206724705132,0.001363206724705,0.001363206724705,0.5068156712205945,0.1918547993570915,0.1363206724705132,0.1364020411545961
Faecalibacterium_prausnitzii_M21_2,0.3647943581217176,0.0036479435812171,0.0036479435812171,1.5013612008220787,0.4661056601244262,0.3647943581217176,0.3649103081097035
Filifactor_alocis_ATCC_35896,0.0794248902374681,0.0007942489023746,0.0007942489023746,0.1638826916265676,0.1046574100494643,0.0794248902374681,0.0794683662134932
Finegoldia_magna_ATCC_29328,0.086820361708708,0.000868203617087,0.000868203617087,0.2138007398751175,0.1679975419549821,0.086820361708708,0.086820361708708
Fusobacterium_gonidiaformans_ATCC_25563,0.1845406495489376,0.0018454064954892,0.0018454064954892,0.3419504855696895,0.3491679908192104,0.1845406495489376,0.1845406495489376
Fusobacterium_mortiferum_ATCC_9817,0.39095558240097,0.0039095558240096,0.0039095558240096,0.5203455094182536,0.605984120143275,0.39095558240097,0.3909772444309728
Fusobacterium_necrophorum_D12,0.273183591499708,0.002731835914997,0.002731835914997,0.3419504855696895,0.4849882071238915,0.2881314830357518,0.2732049433785294
Fusobacterium_nucleatum_subsp_animalis_3_1_33,0.1862053900054298,0.0018620539000542,0.0018620539000542,0.2874201549920732,0.3698509386932757,0.1862053900054298,0.1863315762515011
Fusobacterium_nucleatum_subsp_animalis_7_1,0.1862053900054298,0.0018620539000542,0.0018620539000542,0.2874201549920732,0.3698509386932757,0.1862053900054298,0.1863315762515011
Fusobacterium_nucleatum_subsp_animalis_D11,0.2090360684030643,0.0020903606840305,0.0020903606840305,0.3101041085378198,0.3937872349877395,0.2090360684030643,0.2091620717246554
Fusobacterium_nucleatum_subsp_vincentii_3_1_27,0.2411132287086989,0.0024111322870869,0.0024111322870869,0.3419504855696895,0.4346106545480634,0.2411132287086989,0.2411940866263199
Fusobacterium_nucleatum_subsp_vincentii_3_1_36A2,0.325680563818192,0.0032568056381818,0.0032568056381818,0.325680563818192,0.5422862128193819,0.325680563818192,0.325680563818192
Fusobacterium_nucleatum_subsp_vincentii_4_1_13,0.2403942176051308,0.0024039421760512,0.0024039421760512,0.3419504855696895,0.4330657332872493,0.2403942176051308,0.2404748344005998
Fusobacterium_periodonticum_1_1_41FAA,0.2038956055102523,0.0020389560551024,0.0020389560551024,0.3597947730614457,0.3921436959231505,0.2038956055102523,0.2040225749084459
Fusobacterium_periodonticum_2_1_31,0.1588898757612774,0.0015888987576127,0.0015888987576127,0.4050021906048293,0.3178249131173489,0.1588898757612774,0.1590236466155125
Fusobacterium_russii_ATCC_25533,0.325680563818192,0.0032568056381818,0.0032568056381818,0.325680563818192,0.4576364399664148,0.325680563818192,0.325680563818192
Fusobacterium_sp_4_8,0.2561480548375723,0.0025614805483755,0.0025614805483755,0.325680563818192,0.4659564096728892,0.2561480548375723,0.2562830330079915
Fusobacterium_ulcerans_ATCC_49185,0.3379893551509061,0.0033798935515089,0.0033798935515089,0.3419504855696895,0.5450851211503778,0.3379893551509061,0.33800791514469
Fusobacterium_varium_ATCC_27725,0.3029034613928362,0.0030290346139283,0.0030290346139283,0.3419504855696895,0.5728623105830998,0.3029034613928362,0.3030194599133478
Gemella_haemolysans_ATCC_10379,0.1566631401552012,0.001566631401552,0.0015666314015519,0.4317043688482127,0.2053551157186668,0.1566631401552012,0.1569809773648208
Gemella_morbillorum_M424,0.1792467210908045,0.001792467210908,0.0017924672109079,0.3483466076613959,0.2054584533755901,0.1792467210908045,0.179361937496452
Gemella_sanguinis_M325,0.1713043935672514,0.0017130439356725,0.0017130439356725,0.3483466076613959,0.1886284048720454,0.1713043935672514,0.1714198869759501
Gordonia_rubripertincta_NBRC_101908,0.2898005211882353,0.0028980052118822,0.0028980052118821,1.1942343676669895,0.4393218177161232,0.2898005211882353,0.2906361838760096
Gordonia_terrae_NBRC_100016,0.4821862224415789,0.0048218622244156,0.0048218622244156,1.8873934042579217,0.6858422639367954,0.5198038072847316,0.4826891395762715
Gordonibacter_pamelaeae_7_10_1_bT_DSM_19378,0.0552659345384695,0.0005526593453846,0.0005526593453846,0.0552659345384695,0.103518265089396,0.0552659345384695,0.0556141969916752
Grimontia_hollisae_CIP_101886,0.4576364399664148,0.0045763643996641,0.0045763643996641,0.4576364399664148,0.4576364399664148,0.4576364399664148,0.4576364399664148
Haemophilus_haemolyticus_M19501,0.2673184807838024,0.0026731848078378,0.0026731848078378,0.4576364399664148,0.4434550848666913,0.2673184807838024,0.2678304065228444
Haemophilus_parainfluenzae_T3T1,0.4730908623026011,0.0047309086230259,0.0047309086230259,0.9995197500462624,0.7549510637071047,0.4730908623026011,0.4735199809426664
Helicobacter_bilis_ATCC_43879,0.0335289679783561,0.0003352896797834,0.0003352896797834,0.0335289679783561,0.1426928148139708,0.0335289679783561,0.0341396959925338
Helicobacter_canadensis_MIT_98_5491,0.0606464546499504,0.0006064645464992,0.0006064645464992,0.0606464546499504,0.1422513710384712,0.0606464546499504,0.0609810357142222
Helicobacter_cinaedi_CCUG_18818,0.0459737346809632,0.0004597373468096,0.0004597373468096,0.0459737346809632,0.087373198666634,0.0459737346809632,0.0464059026893094
Helicobacter_pullorum_MIT_98_5489,0.0506783627420479,0.0005067836274204,0.0005067836274204,0.0506783627420479,0.0846132342184351,0.0506783627420479,0.0511547557791693
Helicobacter_pylori_26695,0.0591687688093288,0.0005916876880931,0.0005916876880931,0.1134326137035662,0.1490754271022741,0.0591687688093288,0.059832230215015
Helicobacter_winghamensis_ATCC_BAA_430,0.0198408178306334,0.0001984081783062,0.0001984081783062,0.0198408178306334,0.0392913953022672,0.0198408178306334,0.0202390564680941
Holdemania_filiformis_VPI_J1_31B_1_DSM_12042,0.2673993590202082,0.002673993590202,0.002673993590202,0.3419504855696895,0.4266355172018793,0.2673993590202082,0.2675757374339663
Kingella_oralis_ATCC_51147,0.1146716289616203,0.0011467162896161,0.001146716289616,0.3291547435742467,0.27205965521402,0.1146716289616203,0.1155786168410073
Klebsiella_pneumoniae_pneumoniae_MGH78578,0.7034555659042641,0.0070345556590425,0.0070345556590425,2.5626158088794364,0.8499855611784438,0.7034555659042641,0.704201021610445
Kocuria_palustris_PEL,0.2775767948994412,0.0027757679489943,0.0027757679489943,0.4576364399664148,0.3586125970225678,0.2775767948994412,0.2782428234499884
Kocuria_rhizophila_DC2201,0.2066949509265953,0.0020669495092659,0.0020669495092659,0.4576364399664148,0.2594859646176665,0.2066949509265953,0.2073607835317079
Kytococcus_sedentarius_DSM_20547,0.1907182633541954,0.0019071826335417,0.0019071826335417,0.6119259271118342,0.2567255808398813,0.1907182633541954,0.1929494966213172
Lachnospiraceae_bacterium_sp_8_1_57FAA,0.0397738674307221,0.0003977386743071,0.0003977386743071,0.4032411628579045,0.0685505619742731,0.0397738674307221,0.0397738674307221
Lactobacillus_acidophilus_NCFM,0.1676140652636655,0.0016761406526366,0.0016761406526366,0.3483466076613959,0.1882664458316326,0.1676140652636655,0.1679506004516712
Lactobacillus_amylovorus_GRL_1112,0.3124907248078382,0.0031249072480783,0.0031249072480782,0.3483466076613959,0.3713759860123262,0.3124907248078382,0.3126082247510997
Lactobacillus_brevis_ATCC_367,0.127712611127896,0.0012771261112788,0.0012771261112788,0.3419504855696895,0.1373750847120665,0.127712611127896,0.128437835189496
Lactobacillus_brevis_subsp_gravesensis_ATCC_27305,0.1106131930265068,0.001106131930265,0.001106131930265,0.7077692667019942,0.2239256175933009,0.1106131930265068,0.1109681058292979
Lactobacillus_buchneri_ATCC_11577,0.0889437963486909,0.0008894379634868,0.0008894379634868,0.6285076338619677,0.1947712122297868,0.0889437963486909,0.0894510432932147
Lactobacillus_casei_ATCC_334,0.2158486677316831,0.0021584866773168,0.0021584866773168,0.3419504855696895,0.2939119082118045,0.2158486677316831,0.2162276843182676
Lactobacillus_casei_casei_BL23,0.214651539410324,0.0021465153941031,0.0021465153941031,0.3419504855696895,0.2916152966973105,0.214651539410324,0.215032021817957
Lactobacillus_coleohominis_101_4_CHN,0.1793406184124587,0.0017934061841244,0.0017934061841244,0.347649487734617,0.231916248386568,0.1793406184124587,0.1793406184124587
Lactobacillus_delbrueckii_subsp_bulgaricus_ATCC_11842,0.1485563343089595,0.0014855633430895,0.0014855633430895,0.3483466076613959,0.1662457380102266,0.1485563343089595,0.1487387342849337
Lactobacillus_delbrueckii_subsp_bulgaricus_ATCC_BAA_365,0.0532029888676306,0.0005320298886762,0.0005320298886762,0.3419504855696895,0.0730536834868334,0.0532029888676306,0.0533788300144829
Lactobacillus_fermentum_ATCC_14931,0.1530913387812542,0.0015309133878125,0.0015309133878125,0.3419504855696895,0.1769595072807865,0.1530913387812542,0.1534213641406998
Lactobacillus_fermentum_IFO_3956,0.1448613458446052,0.001448613458446,0.001448613458446,0.3483466076613959,0.1696458435300921,0.1448613458446052,0.1452464377770487
Lactobacillus_gasseri_ATCC_33323,0.2968828237476704,0.0034636329437227,0.0029688282374766,0.3483466076613959,0.2968828237476704,0.2968828237476704,0.2972793203131373
Lactobacillus_helveticus_DPC_4571,0.159417454380803,0.0015941745438079,0.0015941745438079,0.3483466076613959,0.2010732308780808,0.159417454380803,0.1594233954282436
Lactobacillus_hilgardii_ATCC_8290,0.0837481812312072,0.0008374818123119,0.0008374818123119,0.5316833829567033,0.1861783975389283,0.0837481812312072,0.084255428175731
Lactobacillus_johnsonii_DPC_6026,0.1577593566143094,0.0018405258271668,0.001577593566143,0.3483466076613959,0.1608466087428914,0.1577593566143094,0.158092982909937
Lactobacillus_johnsonii_NCC_533,0.1623220672757972,0.0018937574515509,0.0016232206727579,0.3483466076613959,0.1703642072955825,0.1623220672757972,0.1627148474305877
Lactobacillus_mucosae_LM1,0.1574211306292764,0.0015742113062927,0.0015742113062926,0.3483466076613959,0.1986089468012851,0.1574211306292764,0.1575990279672376
Lactobacillus_oris_F0423,0.2634437183864877,0.0026344371838648,0.0026344371838647,0.3483466076613959,0.3023295079127659,0.2634437183864877,0.2635631494984092
Lactobacillus_paracasei_subsp_paracasei_8700_2,0.1690345027160434,0.0016903450271603,0.0016903450271603,0.3419504855696895,0.2343507325074449,0.1690345027160434,0.169394928961672
Lactobacillus_paracasei_subsp_paracasei_ATCC_25302,0.1645407530194581,0.0016454075301945,0.0016454075301945,0.3419504855696895,0.2343747491484522,0.1645407530194581,0.16490120462928
Lactobacillus_pentosus_KCA1,0.2158785040838616,0.0028783800544514,0.0021587850408385,0.4242374190979242,0.2663460259736451,0.2158785040838616,0.2159944095811478
Lactobacillus_plantarum_JDM1,0.3483466076613959,0.0034834660766138,0.0034834660766138,0.3483466076613959,0.4248615776496977,0.3483466076613959,0.3483466076613959
Lactobacillus_plantarum_WCFS1,0.371443429165738,0.0037144342916573,0.0037144342916573,0.371443429165738,0.4541812311263979,0.371443429165738,0.371443429165738
Lactobacillus_plantarum_subsp_plantarum_ATCC_14917,0.2557453206456844,0.0025574532064568,0.0025574532064568,0.3419504855696895,0.3289301965965389,0.2557453206456844,0.2560905084725856
Lactobacillus_reuteri_F275_JCM_1112,0.0898159940884651,0.0008981599408845,0.0008981599408845,0.3419504855696895,0.1346615770708181,0.0898159940884651,0.0902102409718264
Lactobacillus_reuteri_SD2112_ATCC_55730,0.09995691917921,0.000999569191792,0.000999569191792,0.2874554444061178,0.1266047604663958,0.09995691917921,0.100341032206773
Lactobacillus_rhamnosus_GG_ATCC_53103,0.3229995343271932,0.0032299953432719,0.0032299953432719,0.3483466076613959,0.3899892360232537,0.3229995343271932,0.3233666376083768
Lactobacillus_rhamnosus_LMS2_1,0.1852894356465384,0.0018528943564652,0.0018528943564652,0.3419504855696895,0.2658134580125346,0.1852894356465384,0.18567426473933
Lactobacillus_sakei_subsp_sakei_23K,0.3236470525064764,0.0037758822792421,0.0032364705250646,0.3483466076613959,0.3584420332379532,0.3236470525064764,0.323745053633653
Lactobacillus_salivarius_salivarius_UCC118,0.2543585292066949,0.0025435852920668,0.0025435852920668,0.3419504855696895,0.3130791982010908,0.2543585292066949,0.2548710326942028
Lactococcus_garvieae_ATCC_49156,0.3483466076613959,0.0034834660766139,0.0034834660766138,0.3483466076613959,0.4413945618524947,0.3483466076613959,0.3483466076613959
Lactococcus_raffinolactis_4877,0.383322307495358,0.0038332230749535,0.0038332230749534,0.8050541298270448,0.4493866315813727,0.383322307495358,0.3834357226440036
Laribacter_hongkongensis_HLHK9,0.0974784828251327,0.0009747848282512,0.0009747848282512,0.1670555785217495,0.2258439340056307,0.0974784828251327,0.0983685040527475
Leptotrichia_buccalis_C_1013_b,0.4477042812494267,0.0044770428124942,0.0044770428124941,0.5664468781862637,0.7601742853402306,0.4477042812494267,0.4479661191821943
Leuconostoc_argentinum_KCTC_3773,0.2068945156873057,0.002068945156873,0.002068945156873,0.3483466076613959,0.211211631220946,0.2068945156873057,0.2069070619642451
Leuconostoc_gelidum_JB7,0.2145208403315223,0.0021452084033151,0.0021452084033151,0.4469572773854787,0.2207543873881139,0.2145208403315223,0.2146036242796052
Listeria_grayi_DSM_20601,0.3710705787095959,0.0037107057870959,0.0037107057870959,0.8542052696264788,0.4730142324286532,0.3710705787095959,0.3716198909108449
Listeria_monocytogenes_4a_L99,0.2604460901123449,0.0026044609011234,0.0026044609011233,0.4317043688482127,0.3380812184506739,0.2604460901123449,0.2608248635886594
Listeria_monocytogenes_4b_F2365,0.2614624718635022,0.0026146247186349,0.0026146247186349,0.4317043688482127,0.3483042492834642,0.2614624718635022,0.2619964666649774
Listeria_monocytogenes_FSL_R2_561,0.2614994283445248,0.0026149942834452,0.0026149942834452,0.4317043688482127,0.3483531083667194,0.2614994283445248,0.2620334986236339
Listeria_monocytogenes_Finland_1988,0.2614994283445248,0.0026149942834452,0.0026149942834452,0.4317043688482127,0.3483531083667194,0.2614994283445248,0.2620334986236339
Listeria_monocytogenes_J0161_FSL_R2_499,0.2614994283445248,0.0026149942834452,0.0026149942834452,0.4317043688482127,0.3483531083667194,0.2614994283445248,0.2620334986236339
Listeria_monocytogenes_SLCC_2378,0.2614624718635022,0.0026146247186349,0.0026146247186349,0.4317043688482127,0.3483042492834642,0.2614624718635022,0.2619964666649774
Listeria_monocytogenes_SLCC_2540,0.2614994283445248,0.0026149942834452,0.0026149942834452,0.4317043688482127,0.3483531083667194,0.2614994283445248,0.2620334986236339
Listeria_monocytogenes_SLCC_7179,0.2614994283445248,0.0026149942834452,0.0026149942834452,0.4317043688482127,0.3483531083667194,0.2614994283445248,0.2620334986236339
Listeria_monocytogenes_serotype_7_SLCC_2482,0.2614624718635022,0.002614624718635,0.0026146247186349,0.4317043688482127,0.3483042492834642,0.2614624718635022,0.2619964666649774
Lysinibacillus_fusiformis_ZB2,0.2131567193599965,0.0021315671935999,0.0021315671935998,0.4364904547114421,0.326697535227088,0.2218427273039977,0.2131567193599965
Lysinibacillus_sphaericus_C3_41,0.1750300943220459,0.0017503009432203,0.0017503009432203,0.3908481523046639,0.2141339294965434,0.1750300943220459,0.1751928090153957
Marvinbryantia_formatexigens_I_52_DSM_14469,0.2356422324344356,0.0023564223243443,0.0023564223243443,0.4233854607080651,0.3043204882745113,0.2356422324344356,0.2358320217054803
Megasphaera_elsdenii_DSM_20460,0.2195287991340226,0.0021952879913399,0.0021952879913399,1.0702768876153548,0.3526682023416512,0.2195287991340226,0.2199124889037685
Melainabacterium_MEL_A1,0.2300624174485957,0.0023006241744857,0.0023006241744857,0.325680563818192,0.2311001758461743,0.2300624174485957,0.2300624174485957
Methylobacterium_mesophilicum_SR1_6_6,0.6634330971004095,0.006634330971004,0.006634330971004,1.4221100791889267,0.8662893267776267,0.689799584869164,0.6641407220235589
Methylobacterium_populi_BJ001,0.5879625767164803,0.0058796257671647,0.0058796257671645,0.9549160304097272,0.7499545392497386,0.5908339487314079,0.5889167399523523
Methylobacterium_radiotolerans_JCM_2831,0.3380913707844587,0.0033809137078445,0.0033809137078443,0.6975188362476183,0.5013712394726489,0.3609263877972342,0.3388839064134068
Methyloversatilis_universalis_FAM5,0.1901128092964111,0.001901128092964,0.0019011280929639,0.4576364399664148,0.4367525986304472,0.2607531001260735,0.191137590980278
Micrococcus_luteus_NCTC_2665,0.0977439956829741,0.0009774399568296,0.0009774399568296,0.5628717032598767,0.2069416935785048,0.0977439956829741,0.098967009899404
Micromonospora_aurantiaca_ATCC_27029,0.2518459573483694,0.0025184595734836,0.0025184595734836,1.2314480807327506,0.4275484979938106,0.2518459573483694,0.2525554552797829
Mitsuokella_multacida_DSM_20544,0.5872546904708273,0.0058725469047081,0.0058725469047081,0.95875234361684,0.7093507165334113,0.5872546904708273,0.5877708434954231
Mobiluncus_curtisii_ATCC_43063,0.2182046305067509,0.0021820463050673,0.0021820463050673,0.4576364399664148,0.4109560746570365,0.2182046305067509,0.2188282197793173
Moraxella_catarrhalis_RH4,0.0691789974235451,0.0006917899742354,0.0006917899742354,0.0691789974235451,0.1831022385272218,0.0691789974235451,0.070028978279261
Morganella_morganii_subsp_morganii_KT,0.6104344938370325,0.0061043449383702,0.00610434493837,1.1124935974879022,0.8472098963026995,0.6186630048367358,0.6113454206804704
Mycobacterium_avium_subsp_avium_ATCC_25291,0.1270255966091368,0.0012702559660913,0.0012702559660912,0.3258992336848124,0.223986645930501,0.1270255966091368,0.1271831214151642
Mycobacterium_fortuitum_subsp_fortuitum_DSM_46621,0.5398195139538207,0.0053981951395381,0.0053981951395381,1.1797708622814147,0.8450417732467657,0.5398195139538207,0.540428341140119
Neisseria_cinerea_ATCC_14685,0.0743850096176139,0.000743850096176,0.000743850096176,0.2049113603268236,0.2201417328083566,0.0743850096176139,0.0751055004671814
Neisseria_elongata_subsp_glycolytica_ATCC_29315,0.0622057749785597,0.0006220577497855,0.0006220577497855,0.3109891613060871,0.1597909664320073,0.0622057749785597,0.0631672795258409
Neisseria_flavescens_SK114,0.129696823447903,0.0012969682344789,0.0012969682344789,0.3731877717403349,0.2572531470909865,0.129696823447903,0.1305288289483794
Neisseria_mucosa_ATCC_25996,0.2332404886871592,0.0023324048868713,0.0023324048868713,0.4576364399664148,0.3700161266186434,0.2332404886871592,0.2341034380883752
Neisseria_subflava_NJ9703,0.1443129324847551,0.0014431293248474,0.0014431293248474,0.4576364399664148,0.2814968239279246,0.1443129324847551,0.1451441941804926
Ochrobactrum_anthropi_ATCC_49188,0.639289257524346,0.0063928925752434,0.0063928925752433,1.733362569382653,0.8940890883100965,0.6735247860643738,0.6400097172777627
Odoribacter_laneus_YIT_12061,0.3641721723377712,0.0036417217233776,0.0036417217233776,0.3641721723377712,0.4576364399664148,0.3641721723377712,0.3647882839996086
Odoribacter_splanchnicus_1651_6_DSM_20712,0.1574483994583385,0.0015744839945832,0.0015744839945832,0.325680563818192,0.4322306208987847,0.1574483994583385,0.1579202310049693
Olsenella_uli_DSM_7084,0.4060019389668358,0.0040600193896683,0.0040600193896683,0.4060019389668358,0.7169066295336668,0.4060019389668358,0.4060019389668358
Oxalobacter_formigenes_HOxBLS,0.0546421301534404,0.0005464213015343,0.0005464213015343,0.0641144335873296,0.1436996011299653,0.0546421301534404,0.0550601137416724
Oxalobacter_formigenes_OXCC13,0.0272954187723991,0.0002729541877238,0.0002729541877238,0.0379099425451528,0.1042817779644345,0.0272954187723991,0.0277025010390195
Paenibacillus_alvei_DSM_29,0.3908169763160136,0.0039081697631601,0.00390816976316,1.6101238144960064,0.5645092412219413,0.3982150730104883,0.3909649382499031
Paenibacillus_barengoltzii_G22,0.4917858641859223,0.0049178586418592,0.0049178586418591,1.6101134445680017,1.0402292789525078,0.4917858641859223,0.4919511951216226
Paenibacillus_daejeonensis_DSM_15491,0.4845332065982235,0.0048453320659822,0.0048453320659822,1.6101212220014824,0.6493620729337712,0.4845332065982235,0.4846327566205274
Paenibacillus_lactis_154,0.3848057239100323,0.0038480572391003,0.0038480572391002,1.6101134445680017,0.4973759084668066,0.3848057239100323,0.3849373020959291
Parabacteroides_distasonis_ATCC_8503,0.4455369022440751,0.0044553690224404,0.0044553690224404,1.231406531010818,0.5343366970343655,0.4455369022440751,0.4459030919897181
Parabacteroides_goldsteinii_dnLKV18,0.2522199724335695,0.0025221997243355,0.0025221997243355,1.0416909507245058,0.4348923208026694,0.2522199724335695,0.2525733796762703
Parabacteroides_merdae_ATCC_43184,0.3799247864853302,0.0037992478648532,0.0037992478648532,0.8618796491943,0.4746739445482492,0.3799247864853302,0.3803061797387219
Paraprevotella_clara_YIT_11840,0.3501144166394091,0.0035011441663939,0.0035011441663939,0.4576364399664148,0.4576364399664148,0.3501144166394091,0.3509615064340391
Paraprevotella_xylaniphila_YIT_11841,0.4161826111524879,0.0041618261115246,0.0041618261115246,0.4576364399664148,0.4576364399664148,0.4161826111524879,0.4170219318843732
Parvimonas_micra_ATCC_33270,0.055303389159744,0.0005530338915974,0.0005530338915974,0.055303389159744,0.2024187424047773,0.055303389159744,0.055303389159744
Pediococcus_acidilactici_DSM_20284,0.0592395598057927,0.0005923955980578,0.0005923955980578,0.3419504855696895,0.0592395598057927,0.0592395598057927,0.0595985836130239
Pediococcus_pentosaceus_ATCC_25745,0.142547121009508,0.001425471210095,0.0014254712100949,0.3483466076613959,0.1624708433074903,0.142547121009508,0.1426066300139417
Peptoniphilus_lacrimalis_DSM_7455,0.0614897921052018,0.0006148979210519,0.0006148979210519,0.168214131248009,0.1040677051356132,0.0614897921052018,0.0616768001934752
Porphyromonas_asaccharolytica_DSM_20707,0.1558408834127776,0.0015584088341275,0.0015584088341275,0.1558408834127776,0.2903708174774421,0.1558408834127776,0.1560785699876829
Porphyromonas_endodontalis_ATCC_35406,0.2231040956044372,0.0022310409560442,0.0022310409560442,0.2231040956044372,0.3497732342074061,0.2282010862009754,0.2234521491735457
Porphyromonas_gingivalis_W83,0.1136219492569843,0.0011362194925696,0.0011362194925696,0.1136219492569843,0.2418310514213829,0.1136219492569843,0.1137277250466661
Porphyromonas_somerae_DSM_23386,0.2284854179601336,0.0022848541796011,0.0022848541796011,0.325680563818192,0.3700558840805626,0.2381610843361413,0.2289932764961102
Porphyromonas_uenonis_60_3,0.2196858108265285,0.0021968581082651,0.0021968581082651,0.2196858108265285,0.3448182201728824,0.2257014101522342,0.2201891555258396
Prevotella_bivia_DSM_20514,0.3959863748269899,0.0039598637482696,0.0039598637482696,0.8853903264807279,0.5654546133491545,0.3959863748269899,0.396634712632292
Prevotella_buccae_ATCC_33574,0.3021243882089325,0.0030212438820892,0.0030212438820891,0.4576364399664148,0.4576364399664148,0.3021243882089325,0.3030484879177625
Prevotella_copri_CB7_DSM_18205,0.0850191656995706,0.0008501916569956,0.0008501916569956,0.4472831866182122,0.1701364352118684,0.0850191656995706,0.0854835977495755
Prevotella_denticola_F0289,0.325680563818192,0.0032568056381818,0.0032568056381818,0.325680563818192,0.4576364399664148,0.325680563818192,0.325680563818192
Prevotella_disiens_FB035_09AN,0.325680563818192,0.0032568056381818,0.0032568056381818,0.325680563818192,0.4576364399664148,0.325680563818192,0.325680563818192
Prevotella_intermedia_17,0.2932068421144087,0.002932068421144,0.0029320684211438,0.325680563818192,0.5206478659273668,0.2932068421144087,0.2942312748496725
Prevotella_melaninogenica_ATCC_25845,0.3069379178413409,0.0030693791784133,0.0030693791784133,0.325680563818192,0.4576364399664148,0.3069379178413409,0.307861222274127
Prevotella_oralis_ATCC_33269,0.407083573357222,0.004070835733572,0.004070835733572,0.4576364399664148,0.4576364399664148,0.407083573357222,0.4078459565423515
Prevotella_ruminicola_23,0.2298814051707771,0.0022988140517077,0.0022988140517077,0.9386088705758338,0.4186673188944156,0.2298814051707771,0.2304283535055288
Prevotella_timonensis_CRIS_5C_B1,0.1079437457926715,0.0010794374579266,0.0010794374579266,0.1079437457926715,0.2272579784599835,0.1079437457926715,0.1081432413955534
Propionibacterium_acidipropionici_ATCC_4875,0.4576364399664148,0.0045763643996641,0.0045763643996641,0.4576364399664148,0.4576364399664148,0.4576364399664148,0.4576364399664148
Propionibacterium_acnes_KPA171202,0.5745652663590792,0.0057456526635906,0.0057456526635905,1.4595034224851289,0.8024128189132599,0.5745652663590792,0.5752456579163692
Propionibacterium_avidum_44067,0.4576364399664148,0.0045763643996641,0.0045763643996641,0.4576364399664148,0.4576364399664148,0.4576364399664148,0.4576364399664148
Propionibacterium_propionicum_F0230a,0.5981721984640653,0.0059817219846405,0.0059817219846404,1.1203505452372653,0.8760364123988323,0.5981721984640653,0.5986824864367822
Providencia_rettgeri_DSM_1131,0.3419504855696895,0.0034195048556968,0.0034195048556968,0.3419504855696895,0.8767899055949221,0.3419504855696895,0.3419504855696895
Providencia_rustigianii_DSM_4541,0.3419504855696895,0.0034195048556968,0.0034195048556968,0.3419504855696895,0.7997660888520289,0.3419504855696895,0.3419504855696895
Providencia_stuartii_ATCC_25827,0.3419504855696895,0.0034195048556968,0.0034195048556968,0.3419504855696895,0.8587721231801485,0.3419504855696895,0.3419504855696895
Pseudoflavonifractor_capillosus_strain_ATCC_29799,0.1793076203542446,0.0017930762035423,0.0017930762035423,0.4032411628579045,0.2852902417084212,0.1793076203542446,0.1793212830776992
Pseudomonas_aeruginosa_NCGM2_S1,0.6015463533485224,0.006015463533485,0.0060154635334849,1.0876620669364538,0.7802210617991111,0.6136659987965818,0.6023320519176236
Pseudomonas_alcaliphila_34,0.3289140995148242,0.0032891409951482,0.003289140995148,0.6663423068779386,0.5412494516935831,0.3295853484712903,0.3297667701180257
Pseudoramibacter_alactolyticus_ATCC_23263,0.1219005648775757,0.0012190056487756,0.0012190056487756,0.676989757521074,0.1619072960006959,0.1219005648775757,0.1223513449465686
Pyramidobacter_piscolens_W5455,0.1408048749650836,0.0014080487496507,0.0014080487496505,0.1408048749650836,0.3138353606015873,0.1408048749650836,0.1410290096419628
Ralstonia_sp_5_7_47FAA,0.179025456335296,0.0017902545633528,0.0017902545633528,0.2950691588901505,0.2946999351267307,0.1995054802293736,0.1796805293934899
Rhodococcus_equi_ATCC_33707,0.4696863558918073,0.0046968635589179,0.0046968635589178,0.9796556191767009,0.6292937831368448,0.4696863558918073,0.4703740057771953
Roseburia_intestinalis_L1_82,0.4032411628579045,0.004032411628579,0.004032411628579,0.4032411628579045,0.5370853756949142,0.4032411628579045,0.4032411628579045
Rothia_dentocariosa_ATCC_17931,0.172848120120283,0.0017284812012028,0.0017284812012026,0.4576364399664148,0.2087489572862384,0.172848120120283,0.1733236278973155
Rothia_mucilaginosa_DY_18,0.2195284673947074,0.002195284673947,0.002195284673947,0.4576364399664148,0.2795738525750353,0.2195284673947074,0.2199254616768914
Ruminococcaceae_bacterium_D16,0.1147501373855656,0.0011475013738556,0.0011475013738556,0.2743294923303472,0.2027276331154815,0.1147501373855656,0.1148821649276621
Ruminococcus_albus_7,0.1544075149323728,0.0015440751493236,0.0015440751493236,1.0554404142979184,0.2054992825448991,0.1544075149323728,0.154556359440647
Ruminococcus_bicirculans_80_3,0.1657149878304355,0.0016571498783043,0.0016571498783043,0.5415977841611829,0.2274622730438067,0.1657149878304355,0.1658712075996668
Ruminococcus_champanellensis_18P13,0.0514930205385472,0.0005149302053854,0.0005149302053854,0.3419504855696895,0.1082103066317512,0.0514930205385472,0.0516713348440462
Ruminococcus_flavefaciens_FD_1,0.1501423746083582,0.0015014237460834,0.0015014237460834,0.8854811810688232,0.2326740981908494,0.1501423746083582,0.1504070713398493
Ruminococcus_gnavus_ATCC_29149,0.3151945672783991,0.0031519456727839,0.0031519456727839,0.4340602234445572,0.4044350732921264,0.3154426719792158,0.3153748314551355
Ruminococcus_lactaris_ATCC_29176,0.1284843296097397,0.0012848432960973,0.0012848432960973,0.4032411628579045,0.1788364615898758,0.1284843296097397,0.1286450904281466
Ruminococcus_sp_5_1_39BFAA,0.0759809736202946,0.0007598097362029,0.0007598097362029,0.4032411628579045,0.1601130019564097,0.0759809736202946,0.076194413671559
Ruminococcus_torques_ATCC_27756,0.1224779779492186,0.0012247797794921,0.0012247797794921,0.4032411628579045,0.2186615399674218,0.1224779779492186,0.1224864245562479
Scardovia_inopinata_F0304,0.225960275663587,0.0022596027566358,0.0022596027566357,0.3483466076613959,0.2844153333621869,0.225960275663587,0.2260842049822976
Slackia_exigua_ATCC_700122,0.0347435243098459,0.0003474352430983,0.0003474352430983,0.0347435243098459,0.106307621027188,0.0347435243098459,0.0350222689174894
Solobacterium_moorei_F0204,0.2540180625453297,0.0025401806254532,0.0025401806254532,0.3483466076613959,0.3330081979541797,0.2540180625453297,0.2541319781781561
Staphylococcus_arlettae_CVD059,0.2648921935774667,0.0026489219357746,0.0026489219357746,0.8050517966300599,0.3396342059632453,0.2648921935774667,0.2651041661903555
Staphylococcus_capitis_QN1,0.2920760471362429,0.0029207604713623,0.0029207604713623,0.8050479079984716,0.4266266573457494,0.2920760471362429,0.2922444210515642
Staphylococcus_caprae_C87,0.3053792256503856,0.0030537922565038,0.0030537922565037,0.8050490745840035,0.4411848984446079,0.3053792256503856,0.3056129163409425
Staphylococcus_epidermidis_ATCC_12228,0.2756734056772833,0.0027567340567728,0.0027567340567728,0.9948926118717956,0.3982015432813262,0.2756734056772833,0.275837109555245
Staphylococcus_equorum_subsp_equorum_Mu2,0.2663150745046078,0.002663150745046,0.002663150745046,0.8050490745840035,0.345400416925453,0.2663150745046078,0.2665162054824356
Staphylococcus_haemolyticus_JCSC1435,0.3430696674333995,0.0034306966743339,0.0034306966743339,0.8050506300366389,0.4665578704838356,0.3430696674333995,0.3432901617431294
Staphylococcus_hominis_subsp_hominis_C80,0.2736599637951062,0.002736599637951,0.002736599637951,0.8050479079984716,0.3930422989417885,0.2736599637951062,0.2738907398313348
Staphylococcus_lugdunensis_HKU09_01,0.2850559728161833,0.0028505597281618,0.0028505597281617,1.16006925477822,0.4057913802670004,0.2850559728161833,0.2852602449923307
Staphylococcus_pettenkoferi_VCU012,0.1994225527380965,0.0019942255273809,0.0019942255273808,0.8050541298270448,0.2561428165937722,0.1994225527380965,0.1996230266827725
Staphylococcus_saprophyticus_subsp_saprophyticus_ATCC_15305,0.3345499265756114,0.003345499265756,0.003345499265756,0.8050514077652106,0.4543531241325194,0.3345499265756114,0.3348216772717847
Staphylococcus_simulans_ACS_120_V_Sch1,0.3107302627590846,0.0031073026275908,0.0031073026275908,1.145745767851993,0.430417987942485,0.3107302627590846,0.3109571256763075
Staphylococcus_warneri_SG1,0.3075402860595421,0.0030754028605954,0.0030754028605953,0.8050475191373789,0.4390467784829793,0.3075402860595421,0.3077660956072443
Staphylococcus_xylosus_DMB3_Bh1,0.3113781671207787,0.0031137816712077,0.0031137816712077,1.362947525457389,0.4417726829978536,0.3113781671207787,0.3116903429603271
Stenotrophomonas_maltophilia_D457,0.4576364399664148,0.0045763643996641,0.0045763643996641,0.4576364399664148,0.4576364399664148,0.4576364399664148,0.4576364399664148
Streptococcus_agalactiae_A909,0.3483466076613959,0.0034834660766138,0.0034834660766138,0.3483466076613959,0.5233347898016761,0.3483466076613959,0.3483466076613959
Streptococcus_anginosus_1_2_62CV,0.124436059831418,0.001244360598314,0.001244360598314,0.3419504855696895,0.2487651290190283,0.124436059831418,0.1245147968906968
Streptococcus_australis_ATCC_700641,0.3252668331658037,0.0032526683316579,0.0032526683316579,0.7755946225439504,0.4087230740550048,0.3252668331658037,0.3253855756986368
Streptococcus_constellatus_subsp_constellatus_SK53,0.2481127781341348,0.0024811277813412,0.0024811277813412,0.3483466076613959,0.3279038422997831,0.2481127781341348,0.2482258431073227
Streptococcus_cristatus_ATCC_51100,0.3019903010792176,0.0030199030107921,0.003019903010792,0.7755946225439504,0.3911731874873252,0.3019903010792176,0.302109235997625
Streptococcus_dysgalactiae_subsp_dysgalactiae_ATCC_27957,0.3483466076613959,0.0034834660766139,0.0034834660766138,0.3483466076613959,0.476283538767158,0.3483466076613959,0.3483466076613959
Streptococcus_gallolyticus_subsp_gallolyticus_ATCC_43143,0.2748804530207658,0.0027488045302076,0.0027488045302075,0.8050541298270448,0.3669776688666014,0.2748804530207658,0.2749942189758804
Streptococcus_gordonii_str_Challis_substr_CH1,0.421699317594235,0.0063254897639134,0.0042169931759422,1.3338857408870548,0.5459992121002201,0.421699317594235,0.4218174916686954
Streptococcus_intermedius_JTH08,0.3099249998203095,0.003099249998203,0.003099249998203,0.3483466076613959,0.390578022902066,0.3099249998203095,0.310038017100106
Streptococcus_mitis_NCTC_12261,0.3294196989368048,0.003294196989368,0.0032941969893679,0.676989757521074,0.4127419965599314,0.3294196989368048,0.3295384078947054
Streptococcus_mutans_ATCC_25175,0.4717563868145337,0.0094351277362906,0.0047175638681452,1.6101090373890476,0.566167486552231,0.4717563868145337,0.4720326301018558
Streptococcus_oralis_Uo5,0.4025054365469063,0.004025054365469,0.0040250543654689,0.676989757521074,0.4852222665844374,0.4025054365469063,0.4026240373068465
Streptococcus_parauberis_KCTC_11537,0.3105060004083163,0.0031050600040831,0.0031050600040831,0.3483466076613959,0.3999542325718204,0.3105060004083163,0.3106206198531952
Streptococcus_salivarius_JIM8777,0.3337923688127141,0.0041724046101588,0.0033379236881271,0.8050580185187401,0.4209594484457236,0.3337923688127141,0.3340147448572906
Streptococcus_sanguinis_SK36,0.3973330187331222,0.0039733301873311,0.0039733301873311,1.3284976731710012,0.5195956133808091,0.3973330187331222,0.3974511240234163
Streptococcus_sp_2_1_36FAA,0.1611725158108877,0.0016117251581088,0.0016117251581088,0.2946005609194692,0.4290241602272237,0.1611725158108877,0.1613535815096693
Streptococcus_sp_I_G2,0.2651804887782184,0.0026518048877821,0.0026518048877821,0.3483466076613959,0.4123474615424772,0.2651804887782184,0.2653746908022183
Streptococcus_sp_I_P16,0.2567844214550258,0.0025678442145502,0.0025678442145501,0.3483466076613959,0.4038442087918268,0.2567844214550258,0.2569766698837052
Streptococcus_thermophilus_LMG_18311,0.159183849823664,0.0015918384982366,0.0015918384982366,0.3419504855696895,0.322079285196834,0.159183849823664,0.1591950221549486
Streptococcus_uberis_0140J,0.3174406838579552,0.0031744068385795,0.0031744068385795,0.3483466076613959,0.4085079307214838,0.3174406838579552,0.3176350259283529
Streptococcus_vestibularis_F0396,0.2696253899851397,0.0026962538998513,0.0026962538998513,0.8050541298270448,0.34612511510299,0.2696253899851397,0.269738438976183
Subdoligranulum_variabile_DSM_15176,0.2505628196518293,0.0025056281965181,0.0025056281965181,0.4032411628579045,0.3742461486789965,0.2505628196518293,0.2505628196518293
Sutterella_wadsworthensis_3_1_45B,0.0371143355873025,0.0003711433558729,0.0003711433558729,0.0371143355873025,0.0475384236689214,0.0371143355873025,0.0372976162568694
Tannerella_forsythia_ATCC_43037,0.3485966351998998,0.0034859663519988,0.0034859663519987,0.4060019389668358,0.4576364399664148,0.3485966351998998,0.3490537017324843
Tropheryma_whipplei_str_Twist,0.007794197275246,7.79419727524614e-05,7.79419727524614e-05,0.007794197275246,0.0088179479148407,0.007794197275246,0.0084100350846482
Ureaplasma_parvum_serovar_1_str_ATCC_27813,1.228721574449334e-26,1.228721574449334e-26,1.228721574449334e-26,1.228721574449334e-26,1.228721574449334e-26,1.228721574449334e-26,1.228721574449334e-26
Ureaplasma_urealyticum_serovar_8_str_ATCC_27618,1.8321470741398104e-23,1.8321470741398104e-23,1.8321470741398104e-23,1.8321470741398104e-23,1.8321470741398104e-23,1.8321470741398104e-23,1.8321470741398104e-23
Varibaculum_cambriense_DSM_15806,0.3607231314059479,0.0036072313140594,0.0036072313140594,0.4576364399664148,0.4459486823852384,0.3607231314059479,0.3614712708439519
Veillonella_atypica_ACS_049_V_Sch6,0.1410409962947999,0.0014104099629479,0.0014104099629479,0.370762381359441,0.223232221309783,0.1410409962947999,0.1411909118899025
Veillonella_dispar_ATCC_17748,0.2343220122548669,0.0023432201225485,0.0023432201225483,0.4576364399664148,0.4226201892003456,0.2343220122548669,0.2347257151917967
Veillonella_parvula_Te3_DSM_2008,0.1628357085658587,0.0016283570856585,0.0016283570856585,0.417072503698252,0.3149265533693383,0.1628357085658587,0.1632043407807238
Veillonella_ratti_ACS_216_V_Col6b,0.2256900478272304,0.0022569004782722,0.0022569004782722,0.4576364399664148,0.4170892343449157,0.2256900478272304,0.2260768854891349
Veillonella_sp_3_1_44,0.1403068904613839,0.0014030689046137,0.0014030689046137,0.3108074535458783,0.2833389951241888,0.1403068904613839,0.1406443120421095
Veillonella_sp_6_1_27,0.2336584893562609,0.0023365848935625,0.0023365848935625,0.4029618731365365,0.3781987772349996,0.2336584893562609,0.2339955113040983
Vibrio_furnissii_NCTC_11218,0.4576364399664148,0.0045763643996641,0.0045763643996641,0.4576364399664148,0.4576364399664148,0.4576364399664148,0.4576364399664148
Vibrio_mimicus_MB_451,0.4576364399664148,0.0045763643996641,0.0045763643996641,0.4576364399664148,0.4576364399664148,0.4576364399664148,0.4576364399664148
Vibrio_parahaemolyticus_RIMD_2210633,0.4576364399664148,0.0045763643996641,0.0045763643996641,0.4576364399664148,0.4576364399664148,0.4576364399664148,0.4576364399664148
Weissella_cibaria_KACC_11862,0.1336731173407494,0.0013367311734074,0.0013367311734074,0.3483466076613959,0.1504873881324265,0.1336731173407494,0.1336731173407494
Yersinia_enterocolitica_subsp_enterocolitica_8081,0.721911647061932,0.0072191164706192,0.007219116470619,2.2771913304194764,0.8544460347347415,0.721911647061932,0.7230362430321209
Yersinia_frederiksenii_ATCC_33641,0.8833593784351571,0.0088335937843515,0.0088335937843513,2.470672347898522,1.091539221561768,0.8839618051685275,0.8842063854426437
Yersinia_kristensenii_ATCC_33638,0.4576364399664148,0.0045763643996641,0.0045763643996641,0.4576364399664148,0.4576364399664148,0.4576364399664148,0.4576364399664148
Yersinia_pseudotuberculosis_YPIII,0.5481154104832873,0.0054811541048327,0.0054811541048325,1.8048652573362785,0.7179641277589702,0.5481154104832873,0.5493964969062716
Yersinia_rohdei_ATCC_43380,0.4576364399664148,0.0045763643996641,0.0045763643996641,0.4576364399664148,0.4576364399664148,0.4576364399664148,0.4576364399664148
