,fluxes,reduced_costs
12PPDSDH,0.0,0.0
12PPDt,0.0,-0.0
13PPDHr,0.0,0.018928315103356352
13PPDt,0.0,-0.0
1P4H2CBXLAH,0.0,-0.11356989062013834
23DHMPO,0.0,0.0
23PDE2,0.0,0.0
23PDE4,0.0,0.0
23PDE7,0.0,0.0
23PDE9,0.0,0.0
25DOPOX,0.0,0.1324982057234947
2AHBUTI,0.0,-0.0
2DH3DGLCA,0.0,-0.018928315103356352
2HYOXPLACt2r,0.0,-0.0
2INSD,0.0,0.0
2MBCOATA,0.0,0.7192759739275416
2OMMBOX,0.0,0.0
2OMPHH,0.0,0.0
3CARLPDH,0.0,-0.0
3HACPR1,0.0,0.0
3HACPR2,0.0,0.0
3HAD100,0.0,0.0
3HAD10M11,0.0,0.0
3HAD10M12,0.0,0.0
3HAD11M12,0.0,0.0
3HAD120,0.0,0.0
3HAD12M13,0.0,0.0
3HAD12M14,0.0,0.0
3HAD13M14,0.0,0.0
3HAD140,0.0,0.0
3HAD14M15,0.0,0.0
3HAD14M16,0.0,0.0
3HAD15M16,0.0,0.0
3HAD160,0.0,0.0
3HAD180,0.0,0.0
3HAD40,0.0,0.0
3HAD4M5,0.0,0.0
3HAD4M6,0.0,0.0
3HAD5M6,0.0,0.0
3HAD60,0.0,0.0
3HAD6M7,0.0,0.0
3HAD6M8,0.0,0.0
3HAD7M8,0.0,0.0
3HAD80,0.0,0.0
3HAD8M10,0.0,0.0
3HAD8M9,0.0,0.0
3HAD9M10,0.0,0.0
3HBCOAE,0.0,-0.0
3HCINNMH,0.0,-0.30285304165370164
3HPPPNH,0.0,-0.321781356757058
3MOBS,0.0,0.22713978124027645
3OAACPR1,0.0,0.018928315103356352
3OAACPR2,0.0,0.018928315103356352
3OAR100,0.0,0.0
3OAR10M11,0.0,0.0
3OAR10M12,0.0,0.0
3OAR11M12,0.0,0.0
3OAR120,0.0,0.0
3OAR12M13,0.0,0.0
3OAR12M14,0.0,0.0
3OAR13M14,0.0,0.0
3OAR140,0.0,0.0
3OAR14M15,0.0,0.0
3OAR14M16,0.0,0.0
3OAR15M16,0.0,0.0
3OAR160,0.0,0.0
3OAR180,0.0,0.0
3OAR40,0.0,-0.05678494531006906
3OAR4M5,0.0,0.0
3OAR4M6,0.0,0.018928315103356352
3OAR5M6,0.0,0.0
3OAR60,0.0,0.0
3OAR6M7,0.0,0.0
3OAR6M8,0.0,0.0
3OAR7M8,0.0,0.0
3OAR80,0.0,0.0
3OAR8M10,0.0,0.0
3OAR8M9,0.0,0.0
3OAR9M10,0.0,0.0
3OAS100,0.0,0.0
3OAS10M11,0.0,0.0
3OAS10M12,0.0,0.0
3OAS11M12,0.0,0.0
3OAS120,0.0,0.0
3OAS12M13,0.0,0.0
3OAS12M14,0.0,0.0
3OAS13M14,0.0,0.0
3OAS140,0.0,0.0
3OAS160,0.0,0.0
3OAS180,0.0,0.0
3OAS2M3,0.0,0.0
3OAS3M4,0.0,0.0
3OAS4M3O6,0.0,0.0
3OAS4M5,0.0,0.0
3OAS4M6,0.0,0.0
3OAS5M6,0.0,0.0
3OAS60,0.0,0.0
3OAS6M7,0.0,0.0
3OAS6M8,0.0,0.0
3OAS7M8,0.0,0.0
3OAS80,0.0,0.0
3OAS8M10,0.0,0.0
3OAS8M9,0.0,0.0
3OAS9M10,0.0,0.0
4HBZt2,0.0,-0.0
4HPROI,0.0,0.11356989062013811
4HPROOX,0.0,-0.11356989062013811
4HTHRS,0.0,0.018928315103356352
4NTPPH2,0.0,0.0
5AIZCDC,0.0,0.09464157551678176
5DGCLURI,0.0,0.0
5DGLCNR,0.0,0.018928315103356352
5DOAN,0.0,0.0
5GLUP5T1,0.0,0.0
5GLUP5T2,0.0,0.037856630206712705
5MTHCYST,0.0,0.018928315103356352
6PHBG,0.0,0.17035483593020717
6PHBG2,0.0,0.17035483593020717
A5PISO,0.0,-0.15142652082685082
AACPS7,0.0,-0.07571326041342541
AADSACYCL,0.0,0.0
AB6PGH,0.0,0.17035483593020717
AB6PGH2,0.0,0.17035483593020717
ABTA,0.0,0.0
ABUTD,0.0,-0.3407096718604148
ABUTt2r,0.0,-0.1703548359302074
ACACCTr,0.0,-0.05678494531006906
ACACT1r,0.0,-0.0
ACACT2r,0.0,-0.0
ACACT3r,0.0,-0.0
ACACT4r,0.0,-0.0
ACACT5r,0.0,-0.0
ACACT6r,0.0,-0.0
ACACT7r,0.0,0.0
ACALD,-0.11198933341857666,-0.0
ACALDt,0.0,-0.0
ACBIPGT,0.0,-0.2839247265503453
ACCOAC,0.0,-0.8707024947543924
ACCOACL,0.0,-0.794989234340967
ACCOAL,0.0,0.0
ACGAMK,0.0,-0.018928315103356352
ACGAMT,0.0,0.0
ACGAMtr2,0.0,-0.0
ACGApts,0.024200593540483446,0.0
ACGK,0.0,-0.037856630206712705
ACGS,0.0,-0.07571326041342541
ACHBPL,0.0,-0.1703548359302074
ACKr,-0.38737361788881475,-0.0
ACLS_a,0.0,0.0
ACLS_b,0.0,0.07571326041342541
ACNML,0.0,0.17035483593020717
ACOAAGPAT140,0.0,0.018928315103356352
ACOAAGPAT160,0.0,0.7571326041342543
ACOAAGPAT180,0.0,0.018928315103356352
ACOAAGPATAI15,0.0,1.4953368931651523
ACOAAGPATAI17,0.0,1.4953368931651523
ACOAAGPATI14,0.0,1.4953368931651523
ACOAAGPATI15,0.0,1.4953368931651523
ACOAAGPATI16,0.0,0.018928315103356352
ACOAAGPATI17,0.0,1.4953368931651523
ACOAD1,0.0,-0.8139175494443234
ACOAD20,0.0,1.2871254270282324
ACOADH2,0.0,-0.34070967186041434
ACOATA,0.0,-0.0
ACOCT,0.0,0.1324982057234949
ACODAr,0.0,0.2082114661369201
ACONMT,0.0,0.0
ACONT,0.0,-0.018928315103356352
ACONTa,0.0,-0.018928315103356352
ACONTb,0.0,0.0
ACOTA,0.0,-0.0
ACPS1,0.00011056424939833658,0.0
ACPpds,0.0,-0.11356989062013806
ACS,0.0,-0.037856630206712705
ACYP,0.0,-0.037856630206712705
ACYP_2,0.0,-0.037856630206712705
ACt2r,-0.4115742114292982,-0.0
ADA,0.0,-0.11356989062013834
ADCL,0.0,0.037856630206712705
ADCPS1,0.0,0.20821146613692076
ADCPS2,0.0,-0.07571326041342447
ADCS,0.0,0.018928315103356574
ADCYRS,0.0,0.0
ADK1,0.048993825842109165,0.0
ADK10,-0.004434241700675948,-0.0
ADK11,0.00016631216709123115,0.0
ADK2,0.0,-0.0
ADK3,-0.006475227673313346,-2.7755575615628914e-17
ADK5,-0.014622994813874184,-0.0
ADK7,0.0,0.0
ADK8,0.0,-0.0
ADK9,0.0,-0.0
ADNCNT3tc,0.0,-0.018928315103356352
ADNCYC,0.0,0.0
ADNUC,0.0,0.0
ADOCBIK,0.0,-0.32178135675705793
ADOCBIK2,0.0,-0.321781356757058
ADOCBLS,0.0,0.4921361926872651
ADOCBLabc,0.0,0.22713978124027617
ADPRDP,0.0,0.378566302067127
ADPT,0.0,0.03785663020671243
ADSELK,0.0,-0.05678494531006906
ADSK,0.0,-0.05678494531006906
ADSL1r,0.0031273822965395635,0.0
ADSL2r,0.0,-0.0
ADSS,0.0031273822965395635,-2.7755575615628914e-17
AGDC,0.024200593540483446,0.0
AGMD,0.0,-0.11356989062013834
AGMHE,0.0,0.0
AGMT,0.0,0.018928315103356352
AGPAT120,0.0,0.018928315103356352
AGPAT140,0.0,0.018928315103356352
AGPAT141,0.0,0.018928315103356352
AGPAT160,0.0,0.018928315103356352
AGPAT161,0.0,0.018928315103356352
AGPAT180,0.0,0.018928315103356352
AGPAT181,0.0,0.018928315103356352
AGPR,0.0,-0.037856630206712705
AHCYSNS_r,0.0,-0.32178135675705793
AHEXASE3,0.0,0.0
AHMMPS,0.0,0.0
AICART,0.0,-0.018928315103356352
AIHPDCOATA,0.0,-0.738204289030898
AIPDCOATA,0.0,-0.738204289030898
AIRC4,0.0,-0.13249820572349447
AKGS,0.21992592012534026,0.0
AKGt2r,0.0,0.15142652082685104
AKP1,0.0,0.018928315103356352
ALAALA,0.0013092605740979556,0.0
ALAASP1c,0.0,-0.0
ALAASPabc,0.0,-0.03785663020671293
ALACI,0.0,-0.0
ALAGLN1c,0.0,-0.0
ALAGLNabc,0.0,-0.20821146613692032
ALAGLU1c,0.0,-0.0
ALAGLUabc,0.0,-0.11356989062013834
ALAGLY1c,0.0,0.0
ALAGLYabc,0.0,-0.11356989062013834
ALAHIS1c,0.0,-0.0
ALAHISabc,0.0,-0.09464157551678198
ALALEU1c,0.0,0.0
ALALEUabc,0.0,-0.11356989062013834
ALAR,0.0,0.11356989062013834
ALATA_L,-0.008167902423104209,-0.0
ALATHR1c,0.0,-0.0
ALATHRabc,0.0,-0.11356989062013834
ALAt2r,0.0,-0.11356989062013834
ALCD1,0.0,-0.0
ALCD19,0.0,0.0
ALCD2x,-0.11198933341857666,-0.0
ALDD1,0.0,-0.037856630206712705
ALKP,0.0,-0.07571326041342541
ALLTNRS,0.0,0.0
ALLTNS,0.0,0.0
ALPHNH,0.0,-0.17035483593020762
ALTRH,0.0,0.11356989062013811
AMALT1,0.0,0.7571326041342543
AMALT2,0.0,-0.30285304165370175
AMALT3,0.0,-0.3028530416537017
AMALT4,0.0,-0.3028530416537017
AMANAPEr,0.0,0.05678494531006906
AMANK,0.0,-0.17035483593020717
AMAOTr,0.0,-0.3407096718604143
AMMQT8r,0.0,-0.018928315103356352
AMOPBHL,0.0,0.0
AMPMS2,0.0,0.0
AMPN,0.0,-0.11356989062013806
AMPTASECG,0.036529453092227215,0.0
AMPTASEGC,0.0,0.0
ANPRT,0.0,-0.22713978124027645
ANS,0.0,0.05678494531006928
ANS2,0.0,0.09464157551678198
AOBUTDs,0.0,0.0
AOXHEXCYCL,0.0,-0.0
AOXSr,0.0,0.889630809857749
AOXSr2,0.0,0.15142652082685104
AP4AH,0.0,0.5678494531006905
APPLDH,0.0,0.0
APRAUR,0.00022112849879667317,0.0
APSRmq,0.0,0.35963798696377064
ARAI,0.0,-0.018928315103356352
ARBabc,0.0,-0.018928315103356352
ARBt2r,0.0,-0.0
ARGDC,0.0,0.0
ARGSL,0.0,0.0
ARGSSr,0.0,-0.0
ARGabc,0.0,-0.018928315103356352
ARGt2,0.004081281042597189,0.0
ASAD,-0.0013092605740979556,-0.0
ASCBPL,0.0,-0.018928315103356352
ASNS1,0.0,-0.056784945310068835
ASNS2,0.0,-0.01892831510335613
ASNt2r,0.003322562302968426,0.0
ASO3t,0.0,-0.0
ASO4t,0.0,-0.0
ASP1DC,0.00022112849879667298,0.0
ASPCT,0.0,-0.13249820572349424
ASPKi,0.0013092605740979556,0.0
ASPO1,0.0,-0.07571326041342541
ASPO5,0.00022112849879667848,0.0
ASPO6,0.0,0.0
ASPO7,0.0,0.0
ASPT,0.21679853782880068,0.0
ASPTA,0.0,0.0
ASPabc,0.0,-0.018928315103356352
ASPt2,0.225,0.0
ASPt2_3,0.0,-0.037856630206712705
AST,0.0,-0.18928315103356375
ATPPRT,0.0,-0.5678494531006908
ATPS4,0.0,-0.037856630206712705
BACCLi,0.0,0.3028530416537016
BBTCOAOX,0.0,-0.0
BDH,0.0,-0.018928315103356352
BGLA,0.0,-0.07571326041342541
BGLA1,0.0,0.13249820572349447
BGLAr,0.0,-0.07571326041342541
BHBtp,0.0,0.0
BPNT,0.00011056424939833658,0.0
BSORx,0.0,0.018928315103356352
BSORy,0.0,0.018928315103356352
BTNCLi,0.0,-0.07571326041342541
BTNabc,0.0,-0.037856630206712705
BTS4,0.0,0.0
BUTCTr,0.0,0.8139175494443234
BUTSO3abc,0.0,-0.037856630206712705
BUTt2,0.0,0.0
CAt4i,0.00011056424939833658,0.0
CBIAT,0.0,-0.0
CBL1abc,0.0,-0.037856630206712705
CBL2D,0.0,0.018928315103356352
CBL2abc,0.0,-0.037856630206712705
CBLAT,0.0,-0.0
CBMK,0.0,0.07571326041342541
CBMTHL2,0.0,-0.0
CBPS,0.0,0.0
CCOuq,0.0,0.0
CD2abc1,0.0,0.0
CD2t6r,0.0,0.018928315103356352
CDAPPA120,0.0,0.0946415755167816
CDAPPA140,0.0,0.0946415755167816
CDAPPA141,0.0,0.0946415755167816
CDAPPA160,0.0,0.0946415755167816
CDAPPA161,0.0,0.0946415755167816
CDAPPA180,0.0,0.0946415755167816
CDAPPA181,0.0,0.0946415755167816
CDOSKT,0.0,0.1324982057234943
CDPMEK,0.01440186631507751,0.0
CELBpts,0.0,-0.05678494531006906
CGLYabc,0.036529453092227215,0.0
CHLt2r,0.0,-0.018928315103356352
CHORM,0.0,-0.07571326041342541
CHORS,0.0,0.0
CHRPL,0.0,0.0
CHTBSabc,0.0,0.0
CINNDO,0.0,-0.34070967186041434
CINNMt2r,0.0,-0.0
CITL,0.0,0.2460680963436328
CITt7,0.0,0.0
CLPNS140,0.0,-0.0
CLPNS160,0.0,-0.0
CLPNS180,0.0,-0.0
CLPNSAI15,0.0,-0.0
CLPNSAI17,0.0,-0.0
CLPNSI14,0.0,-0.0
CLPNSI15,0.0,-0.0
CLPNSI16,0.0,-0.0
CLPNSI17,0.0,-0.0
CMLDC,0.0,0.037856630206712705
CO2t,0.0,-0.0
COBALTt5,-0.00011056424939833658,-0.0
CPC2MT,0.0,-0.07571326041342541
CPC3MT,0.0,0.0
CPC4MT,0.0,-0.018928315103356352
CPC5MT,0.0,0.0
CPC6MT,0.0,0.0
CPC6R,0.0,0.018928315103356352
CPC8MM,0.0,0.0
CPPPGO,0.0,-0.26499641144698893
CPPPGO2,0.0,-0.5678494531006905
CRNBTCT,0.0,-0.0
CRNCBCT,0.0,-0.018928315103356352
CRNCDH,0.0,0.018928315103356352
CRNabc,0.0,-0.037856630206712705
CRNt7,0.0,0.0
CS,0.0,-0.2839247265503455
CSND,0.0,-0.09464157551678198
CSNt2,0.0,-0.018928315103356352
CTBTt,0.0,0.0
CTPS1,0.0020051326541780687,0.0
CTPS2,0.0,-0.037856630206712705
CYOmq,0.0,0.0
CYRDAAT,0.0,0.0
CYRDAR,0.0,-0.018928315103356352
CYRDAS,0.0,0.11356989062013856
CYSDS,0.0,-0.09464157551678198
CYSS,0.0,-0.037856630206712705
CYSS3r,0.0,-0.0
CYSTL,0.0,0.0
CYSt2r,-0.03504855983410665,-0.0
CYTBD,0.0,-0.037856630206712705
CYTBD2,0.0,-0.037856630206712705
CYTD,0.0,-0.03785663020671276
CYTDK1,0.0,0.0
CYTDK2,0.0,0.0
CYTDK3,0.0,-5.551115123125783e-17
CYTDK4,0.0,0.0
CYTDt2r,0.0,0.05678494531006889
CYTK1,0.014622994813874184,0.0
CYTK2,0.0,-0.0
Cuabc,0.00011056424939833658,0.0
Cut1,0.0,-0.07571326041342541
D5KGK,0.0,-0.05678494531006906
DAAD,0.0,-0.18928315103356375
DADA,0.0,-0.11356989062013834
DADNt2r,0.0,-0.018928315103356352
DAGK120,0.0,-0.05678494531006906
DAGK140,0.0,-0.05678494531006906
DAGK141,0.0,-0.05678494531006906
DAGK160,0.0,-0.05678494531006906
DAGK161,0.0,-0.05678494531006906
DAGK180,0.0,-0.05678494531006906
DAGK181,0.0,-0.05678494531006906
DALAt2r,0.0026185211481959112,0.0
DAPDC,0.0,0.03785663020671293
DAPE,0.0013092605740979556,0.0
DASYN120,0.0,-0.170354835930207
DASYN140,0.0,-0.170354835930207
DASYN141,0.0,-0.170354835930207
DASYN160,0.0,-0.170354835930207
DASYN161,0.0,-0.170354835930207
DASYN180,0.0,-0.170354835930207
DASYN181,0.0,-0.170354835930207
DASYNAI15,0.0,-0.170354835930207
DASYNAI17,0.0,-0.170354835930207
DASYNI14,0.0,-0.170354835930207
DASYNI15,0.0,-0.170354835930207
DASYNI16,0.0,-0.170354835930207
DASYNI17,0.0,-0.170354835930207
DB4PS,0.00044225699759334634,0.0
DBTS,0.0,-0.4164229322738397
DCTPD,0.0,-0.037856630206712705
DCTPD2,0.0,-0.037856630206712705
DCYTD,0.0,0.05678494531006889
DCYTt2r,0.0,-0.018928315103356352
DDCAt,0.0,-0.0
DDGLCNt2r,0.0,0.09464157551678176
DDGLK,0.0,0.0
DDPA,0.0,-0.20821146613691988
DDPGA,0.0,-0.0
DGK1,0.0,-0.0
DGSNt2,0.0,-0.018928315103356352
DHAD1,0.0,0.18928315103356375
DHAD2,0.0,0.018928315103356352
DHAPT,0.0,0.037856630206712705
DHBD,0.0,-0.018928315103356352
DHBS,0.0,-0.3028530416537016
DHCIND,0.0,0.0
DHCINDO,0.0,-0.37856630206712705
DHCINNMt2r,0.0,-0.0
DHDPRy,0.0013092605740979556,0.0
DHDPS,0.0013092605740979556,0.0
DHFOR2,0.0,-0.0
DHFR,0.00016631216709123115,0.0
DHFS,0.0,0.0
DHNAOPT,0.0,0.7760609192376107
DHNAOT4,0.0,0.8139175494443234
DHNPA,0.0,0.0
DHNPA2,0.0,0.0
DHORD2,0.0,-0.09464157551678176
DHORD5,0.0,-0.09464157551678176
DHORDfum,0.0,-0.09464157551678176
DHORDi,0.0,-0.09464157551678176
DHORTS,0.0,-0.018928315103356352
DHPPD,0.0,0.0
DHPPDA,0.00022112849879667317,0.0
DHPPPNt2r,0.0,-0.0
DHPR,0.0,0.018928315103356352
DHPS,0.0,-0.037856630206712705
DHPS2,0.0,-0.018928315103356352
DHQS,0.0,0.0
DHQTi,0.0,0.0
DINSt2,0.0,-0.018928315103356352
DKDID,0.0,-0.018928315103356352
DKDID2,0.0,-0.018928315103356352
DKGLCNR1,0.0,0.018928315103356352
DMATT,0.0013092605740979556,0.0
DMPPS,0.0,0.0
DMPPS2r,0.0013092605740979556,0.0
DMSOR1,0.0,0.09464157551678176
DMSOR2,0.0,0.09464157551678176
DMSORdmq,0.0,0.09464157551678176
DMSORmq,0.0,0.09464157551678176
DM_4HBA,0.0,0.0
DM_5DRIB,0.0,0.0
DM_AMOB,0.0,0.0
DM_atp_c_,0.0,-0.037856630206712705
DM_btn,0.0,0.0
DM_clpn140(c),0.0,0.0
DM_clpn160(c),0.0,0.0
DM_clpn180(c),0.0,0.0
DM_clpni16(c),0.0,0.0
DM_dad_5,0.0,0.0
DM_dhptd(c),0.0,-0.0
DM_kdo2lipid4L(c),0.0,0.0
DNTPPA,0.0,0.0
DPCOAK,0.00022112849879667298,0.0
DPRr,0.00022112849879667298,0.0
DRBK,0.0,-0.05678494531006906
DRIBabc,0.0,-0.037856630206712705
DRPAr,0.0,0.13249820572349447
DSERt2r,0.0,-0.0
DTMPK,0.00016631216709123115,0.0
DURIK1,0.0,-0.037856630206712705
DURIPP,0.0,-0.17035483593020723
DURIt2,0.0,0.15142652082685087
DUTPDP,0.0,-0.07571326041342541
DXPRIr,0.01440186631507751,0.0
DXPS,0.01440186631507751,0.0
D_LACD,0.0,0.0
D_LACt2,0.0,0.0
D_PROHOX,0.0,-0.11356989062013811
E4PD,0.0,-0.0
EACPR1,0.0,0.018928315103356352
EACPR2,0.0,0.018928315103356352
EAR100x,0.0,0.018928315103356352
EAR10M11x,0.0,0.018928315103356352
EAR10M12x,0.0,0.018928315103356352
EAR11M12x,0.0,0.018928315103356352
EAR120x,0.0,0.018928315103356352
EAR12M13x,0.0,0.018928315103356352
EAR12M14x,0.0,0.018928315103356352
EAR13M14x,0.0,0.018928315103356352
EAR140x,0.0,0.018928315103356352
EAR14M15x,0.0,0.018928315103356352
EAR14M16x,0.0,0.018928315103356352
EAR15M16x,0.0,0.018928315103356352
EAR160x,0.0,0.018928315103356352
EAR180x,0.0,0.018928315103356352
EAR40x,0.0,0.018928315103356352
EAR4M5x,0.0,0.018928315103356352
EAR4M6x,0.0,0.018928315103356352
EAR5M6x,0.0,0.018928315103356352
EAR60x,0.0,0.018928315103356352
EAR6M7x,0.0,0.018928315103356352
EAR6M8x,0.0,0.018928315103356352
EAR7M8x,0.0,0.018928315103356352
EAR80x,0.0,0.018928315103356352
EAR8M10x,0.0,0.018928315103356352
EAR8M9x,0.0,0.018928315103356352
EAR9M10x,0.0,0.018928315103356352
ECOAH1,0.0,-0.0
ECOAH12,0.0,0.0
ECOAH2,0.0,-0.0
ECOAH3,0.0,-0.0
ECOAH4,0.0,-0.0
ECOAH5,0.0,-0.0
ECOAH6,0.0,-0.0
ECOAH7,0.0,0.0
ECOAH9,0.0,-0.0
EDA,0.0,0.0
EDD,0.0,0.0
EDTXS1,0.0,0.0
EDTXS2,0.0,0.018928315103356352
EHGLAT,0.0,0.0
ENO,0.5273908908407616,0.0
ETHAAL,0.0,-0.11356989062013834
ETHAt2,0.0,-0.018928315103356352
ETHSO3abc,0.0,-0.037856630206712705
ETOHt,-0.11198933341857666,-0.0
EX_12ppd_S(e),0.0,0.0
EX_13ppd(e),0.0,0.0
EX_2ddglcn(e),0.0,0.0
EX_2hyoxplac(e),0.0,0.0
EX_3hpppn(e),0.0,0.0
EX_4abut(e),0.0,0.0
EX_4hbz(e),0.0,0.0
EX_Lcyst(e),0.0,0.0
EX_ac(e),0.4115742114292982,0.0
EX_acald(e),0.0,-0.018928315103356352
EX_acgam(e),-0.024200593540483446,-0.0
EX_adn(e),0.0,-0.0
EX_adocbl(e),0.0,-0.0
EX_akg(e),0.0,0.0
EX_ala_D(e),-0.0026185211481959112,-0.0
EX_ala_L(e),0.0,-0.0
EX_alaasp(e),0.0,0.0
EX_alagln(e),0.0,0.0
EX_alaglu(e),0.0,0.0
EX_alagly(e),0.0,0.0
EX_alahis(e),0.0,0.0
EX_alaleu(e),0.0,0.0
EX_alathr(e),0.0,0.0
EX_arab_L(e),0.0,-0.0
EX_arg_L(e),-0.004081281042597189,-0.0
EX_asn_L(e),-0.003322562302968426,-0.0
EX_aso3(e),0.0,0.0
EX_aso4(e),0.0,0.0
EX_asp_L(e),-0.225,-0.07571326041342541
EX_bhb(e),0.0,0.0
EX_biomass(e),0.014157841754595306,0.0
EX_btn(e),0.0,-0.0
EX_but(e),0.0,0.0
EX_butso3(e),0.0,0.0
EX_ca2(e),-0.00011056424939833658,-0.0
EX_cbl1(e),0.0,-0.0
EX_cbl2(e),0.0,0.0
EX_cd2(e),0.0,0.0
EX_cellb(e),0.0,-0.0
EX_cgly(e),-0.036529453092227215,-0.0
EX_chol(e),0.0,-0.0
EX_chtbs(e),0.0,0.0
EX_cinnm(e),0.0,0.0
EX_cit(e),0.0,-0.0
EX_cl(e),-0.00011056424939833658,-0.0
EX_co2(e),0.0,-0.018928315103356352
EX_cobalt2(e),-0.00011056424939833658,-0.0
EX_crn(e),0.0,0.0
EX_csn(e),0.0,-0.0
EX_ctbt(e),0.0,0.0
EX_cu2(e),-0.00011056424939833658,-0.0
EX_cys_L(e),0.03504855983410665,0.0
EX_cytd(e),0.0,0.0
EX_dad_2(e),0.0,-0.0
EX_dcyt(e),0.0,-0.0
EX_ddca(e),0.0,-0.0
EX_dgsn(e),0.0,-0.0
EX_dhcinnm(e),0.0,0.0
EX_dhpppn(e),0.0,0.0
EX_din(e),0.0,0.0
EX_dms(e),0.0,0.0
EX_dmso(e),0.0,0.0
EX_drib(e),0.0,-0.0
EX_duri(e),0.0,0.0
EX_etha(e),0.0,0.0
EX_ethso3(e),0.0,0.0
EX_etoh(e),0.11198933341857666,0.0
EX_fe2(e),-0.00011056424939833658,-0.0
EX_fe3(e),-0.00011056424939833658,-0.0
EX_fecrm(e),0.0,0.0
EX_for(e),0.2990934502122026,0.0
EX_fru(e),0.0,-0.0
EX_fuc1p_L(e),0.0,0.0
EX_fum(e),0.0,-0.0
EX_g6p(e),0.0,0.0
EX_gal(e),0.0,0.0
EX_galct_D(e),0.0,0.0
EX_galctn_D(e),0.0,0.0
EX_galur(e),0.0,0.0
EX_gam(e),0.0,-0.0
EX_gbbtn(e),0.0,0.0
EX_gcald(e),0.0,0.0
EX_glc_D(e),0.0,-0.0
EX_glcn(e),0.0,-0.0
EX_glcr(e),0.0,0.0
EX_glcur(e),0.0,0.0
EX_gln_L(e),0.0,-0.0
EX_glu_L(e),0.208317537566862,0.0
EX_gly(e),0.028481651640727235,0.0
EX_glyasn(e),0.0,0.0
EX_glyasp(e),0.0,-0.07571326041342541
EX_glyb(e),0.0,0.0
EX_glyc(e),0.0,-0.0
EX_glyc3p(e),-0.21970479162654358,-0.0
EX_glycys(e),0.0,0.0
EX_glygln(e),0.0,0.0
EX_glyglu(e),0.0,0.0
EX_glyleu(e),0.0,-0.018928315103356352
EX_glymet(e),0.0,-0.018928315103356352
EX_glyphe(e),0.0,0.0
EX_glypro(e),0.0,0.0
EX_glytyr(e),0.0,0.0
EX_gsn(e),0.0,0.0
EX_h(e),0.6337465160473716,0.0
EX_h2(e),0.0,-0.0
EX_h2o(e),0.01702447668944007,0.0
EX_h2s(e),0.0,-0.0
EX_hdca(e),0.0,-0.0
EX_hexs(e),0.0,0.0
EX_hg2(e),0.0,0.0
EX_his_L(e),-0.001311341776835881,-0.0
EX_hxan(e),0.0,-0.0
EX_ile_L(e),-0.004000298187760904,-0.0
EX_indole(e),0.0,-0.0
EX_ins(e),0.0,0.0
EX_isetac(e),0.0,0.0
EX_k(e),-0.00011056424939833658,-0.0
EX_lac_D(e),0.0,-0.018928315103356352
EX_lac_L(e),0.0,0.0
EX_lcts(e),0.0,-0.0
EX_leu_L(e),-0.006210478864070777,-0.0
EX_lys_L(e),-0.004722348117245264,-0.0
EX_mal_L(e),0.0,0.0
EX_malt(e),0.0,-0.0
EX_malthx(e),0.0,0.0
EX_malttr(e),0.0,0.0
EX_man(e),-0.14898579,-0.07571326041342541
EX_man6p(e),0.0,0.0
EX_mantr(e),0.0,0.0
EX_melib(e),0.0,-0.0
EX_met_D(e),0.0,0.0
EX_met_L(e),-0.0022248963370295996,-0.0
EX_metala(e),0.0,0.0
EX_metsox_R_L(e),0.0,0.0
EX_metsox_S_L(e),0.0,-0.0
EX_mg2(e),-0.00011056424939833658,-0.0
EX_mn2(e),-0.00011056424939833658,-0.0
EX_mnl(e),0.0,-0.0
EX_mops(e),0.0,0.0
EX_mso3(e),0.0,0.0
EX_na1(e),0.0,-0.0
EX_nac(e),0.0,-0.0
EX_nh4(e),0.0,0.0
EX_ni2(e),0.0,0.0
EX_nmn(e),0.0,-0.0
EX_no2(e),0.0,-0.0
EX_no3(e),0.0,-0.0
EX_o2(e),0.0,-0.34070967186041434
EX_ocdca(e),0.0,0.0
EX_orn(e),0.0,-0.0
EX_pb(e),0.0,0.0
EX_phe_L(e),-0.0025563399072097283,-0.0
EX_pi(e),0.0964081856022417,0.0
EX_pnto_R(e),0.0,-0.0
EX_ppa(e),0.0,0.0
EX_ppi(e),0.05336116041422128,0.0
EX_pppn(e),0.0,0.0
EX_pro_L(e),0.0,-0.0
EX_ptrc(e),0.0,-0.0
EX_pydam(e),0.0,0.0
EX_pydx(e),-0.00011056424939833658,-0.0
EX_pydxn(e),0.0,-0.0
EX_rib_D(e),0.0,-0.0
EX_rmn(e),0.0,-0.0
EX_sbt_D(e),0.0,0.0
EX_sel(e),0.0,-0.0
EX_selni(e),0.0,0.0
EX_ser_D(e),0.0,0.0
EX_ser_L(e),-0.0033563400818265397,-0.0
EX_so3(e),0.0,0.0
EX_so4(e),-0.00011056424939833658,-0.0
EX_spmd(e),0.0,-0.0
EX_stys(e),0.0,0.0
EX_succ(e),0.0,-0.11356989062013834
EX_sucr(e),0.0,-0.0
EX_sulfac(e),0.0,0.0
EX_taur(e),0.0,0.0
EX_tet(e),0.0,0.0
EX_thm(e),0.0,-0.0
EX_thr_L(e),-0.0034920316687709323,-0.0
EX_thymd(e),0.0,-0.0
EX_tma(e),0.0,0.0
EX_tmao(e),0.0,0.0
EX_tre(e),0.0,-0.0
EX_trp_L(e),-0.0007809040776582132,-0.0
EX_tsul(e),0.0,0.0
EX_ttdca(e),0.0,-0.0
EX_tyr_L(e),-0.0019006902555544199,-0.0
EX_ura(e),-0.004157365284186383,-0.0
EX_urea(e),0.0,0.0
EX_uri(e),0.0,-0.0
EX_val_L(e),-0.006048496164988102,-0.0
EX_xan(e),-0.006475227673313346,-0.0
EX_xtsn(e),0.0,0.0
EX_xyl_D(e),0.0,-0.0
EX_zn2(e),-0.00011056424939833658,-0.0
F1PPt,0.0,-0.037856630206712705
FACOAL140,0.0,-0.07571326041342541
FACOAL160,0.0,-0.8139175494443234
FACOAL161,0.0,-0.8139175494443234
FACOAL180,0.0,-0.07571326041342541
FACOAL181,0.0,-0.8139175494443234
FACOALAI15,0.0,-0.8139175494443234
FACOALAI17,0.0,-0.8139175494443234
FACOALI14,0.0,-0.8139175494443234
FACOALI15,0.0,-0.8139175494443234
FACOALI16,0.0,-0.07571326041342541
FACOALI17,0.0,-0.8139175494443234
FBA,0.0,-0.0
FBA2,0.0,0.0
FBA3,0.16303721008969438,0.0
FBP,0.0,-0.037856630206712705
FCI,0.0,0.0
FCLK,0.0,-0.05678494531006906
FCLPA,0.0,0.11356989062013811
FCLTc,0.0,0.0
FDH,0.0,0.0
FDH2,0.0,-0.037856630206712705
FDMO,0.0,-0.24606809634363258
FDMO2,0.0,-0.22713978124027623
FDMO3,0.0,-0.22713978124027623
FDMO4,0.0,-0.24606809634363258
FDMO5,0.0,-0.24606809634363258
FDMO6,0.0,-0.24606809634363258
FE2abc,0.00011056424939833658,0.0
FE3abc,0.00011056424939833658,0.0
FE3t4,0.0,0.037856630206712705
FECRMabc,0.0,-0.037856630206712705
FEDCabc,0.0,0.037856630206712705
FERO,0.0,-0.26499641144698893
FFSD,0.0,0.13249820572349447
FGLU,0.0,0.037856630206712705
FMNAT,0.00011056424939833658,0.0
FMNRx,0.0,-0.07571326041342541
FMNRx2,0.0,-0.07571326041342541
FOLD3,0.0,-0.018928315103356352
FORt2r,-0.2990934502122026,-0.0
FPGS,0.0,0.0
FPGS7,0.0,0.0
FPGS_tm,0.0,0.0
FRD2,0.0,0.0
FRD3,0.0,0.0
FRD7,0.0,0.0
FRDO,0.0,-0.018928315103356352
FRUK,0.0,0.037856630206712705
FRUpts,0.0,0.07571326041342541
FTHFCL,0.0,-0.018928315103356352
FTHFD,0.0,-0.018928315103356352
FUM,0.0,-0.0
FUMt2r,0.0,0.2082114661369201
FXXRDO,0.0,-0.018928315103356352
G1PACT,0.0026185211481959112,0.0
G1PP,0.0,0.22713978124027628
G1PTT,0.0,0.037856630206712705
G1SAT,0.0,0.0
G3PAT120,0.0,0.0
G3PAT140,0.0,0.0
G3PAT141,0.0,0.0
G3PAT160,0.0,0.0
G3PAT161,0.0,0.0
G3PAT180,0.0,0.0
G3PAT181,0.0,0.0
G3PATAI15,0.0,0.0
G3PATAI17,0.0,0.0
G3PATI14,0.0,0.0
G3PATI15,0.0,0.0
G3PATI16,0.0,0.0
G3PATI17,0.0,0.0
G3PD1,0.0,0.07571326041342541
G3PD2,0.0,0.07571326041342541
G3PD5,0.0,0.0
G3PD6,0.0,0.0
G3PD7,0.0,0.0
G3PD8i,0.21970479162654358,0.0
G5SADs,0.003050023849192467,0.0
G5SDr,0.003050023849192467,0.0
G6PBDH,0.0,0.0
G6PDA,0.021582072392287533,-1.1102230246251565e-16
G6PDH2r,0.0,-0.0
G6PI,0.0,0.0
G6PI3,0.0,-0.0
G6Pt6_2,0.0,0.13249820572349447
GACPCD,0.0,-0.018928315103356352
GALACt,0.0,-0.018928315103356352
GALCTD,0.0,0.0
GALCTNt2r,0.0,-0.018928315103356352
GALK,0.0,-0.3407096718604144
GALM1r,0.0,-0.0
GALS3,0.0,0.0
GALT,0.0,-0.0
GALU,0.0,0.0
GALURt2r,0.0,0.018928315103356352
GALabc,0.0,0.0
GALt2_2,0.0,-0.0
GAMt2r,0.0,-0.0
GAPD,0.5273908908407616,0.0
GARFTi,0.0,0.018928315103356574
GART,0.0,2.220446049250313e-16
GBBTNt,0.0,0.0
GCALDDr,0.0,-0.05678494531006906
GCALDt,0.0,-0.0
GCCa,0.0,0.0
GCCb,0.0,-0.1324982057234947
GCCc,0.0,0.0
GF6PTA,0.0,-0.03785663020671248
GFUCS,0.0,0.018928315103356352
GGGABADr,0.0,-0.037856630206712705
GGGABARr,0.0,-0.037856630206712705
GGTA,0.0,0.07571326041342541
GHMT2r,0.00038744066588790413,0.0
GK1,0.0033478453767737826,0.0
GK2,0.0,2.7755575615628914e-17
GLCDe,0.0,-0.09464157551678176
GLCNOXy,0.0,-0.018928315103356352
GLCNt2r,0.0,-0.018928315103356352
GLCP3,0.0,0.0
GLCRAL,0.0,0.018928315103356352
GLCRD,0.0,0.0
GLCRHL,0.0,0.0
GLCRt2,0.0,-0.018928315103356352
GLCS3,0.0,-0.0
GLCTR1,0.0,0.22713978124027628
GLCURt2r,0.0,-0.018928315103356352
GLCabc,0.0,-0.07571326041342541
GLCpts,0.0,0.11356989062013811
GLCt2,0.0,-0.05678494531006906
GLGC,0.0,0.0
GLNS,0.01032090523970397,0.0
GLNSP1,0.0,0.0
GLNSP2,0.0,0.0
GLNSP3,0.0,0.0
GLNabc,0.0,-0.11356989062013834
GLU5K,0.003050023849192467,0.0
GLUCYS,0.0,0.0
GLUDxi,0.0,0.0
GLUDy,-0.22940308312254243,-0.0
GLUN,0.0,-0.037856630206712705
GLUOX,0.0,0.037856630206712705
GLUPRT,0.0,0.0
GLUR,-0.0013092605740979556,-0.0
GLUSy,0.0,-0.037856630206712705
GLUTRR,0.0,-0.05678494531006906
GLUTRS,0.0,0.0
GLUabc,0.0,-0.018928315103356352
GLUt2r,-0.208317537566862,-0.0
GLXCL,0.0,0.0
GLXS,0.0,-0.1703548359302074
GLYASN1c,0.0,0.0
GLYASNabc,0.0,0.0
GLYASP1c,0.0,0.0
GLYASPabc,0.0,0.0
GLYAT,0.0,-0.018928315103356352
GLYBabc,0.0,-0.037856630206712705
GLYBt2r,0.0,-0.018928315103356352
GLYC3Pabc,0.0,-0.018928315103356352
GLYC3Pt,0.21970479162654358,0.0
GLYCDH,0.0,0.0
GLYCDx,0.0,0.0
GLYCLTDxr,0.0,-0.0
GLYCYSabc,0.0,0.0
GLYCt,0.0,0.0
GLYGLN1c,0.0,-0.0
GLYGLNabc,0.0,-0.09464157551678198
GLYGLU1c,0.0,0.0
GLYGLUabc,0.0,0.0
GLYH,0.0,0.0
GLYK,0.0,-0.037856630206712705
GLYLEUHYDROc,0.0,0.0
GLYLEUPEPT1tc,0.0,0.0
GLYMET1c,0.0,0.0
GLYMETabc,0.0,0.0
GLYOX,0.0,0.15142652082685082
GLYPHEHYc,0.0,0.0
GLYPHEabc,0.0,0.0
GLYPROPRO1c,0.0,-0.0
GLYPROabc,0.0,-0.018928315103356352
GLYTYR1c,0.0,0.0
GLYTYRabc,0.0,0.0
GLYt2r,-0.028481651640727235,-0.0
GMAND,0.0,0.0
GMHEPAT,0.0,-0.3028530416537016
GMHEPK,0.0,-0.24606809634363258
GMHEPPA,0.0,0.018928315103356352
GMPR,0.0031273822965395635,0.0
GMPS2,0.006475227673313346,0.0
GND,0.0,0.0
GNK,0.0,0.11356989062013811
GNNUC,0.0,0.01892831510335613
GNOXmq,0.0,-0.05678494531006906
GNOXuq,0.0,-0.05678494531006906
GPDDA1,0.0,0.0
GPDDA2,0.0,-0.018928315103356352
GPDDA4,0.0,-0.018928315103356352
GRTT,0.0013092605740979556,0.0
GSNK,0.0,0.18928315103356352
GSNt2r,0.0,-0.018928315103356352
GSPMDA,0.0,0.07571326041342541
GSPMDS,0.0,-0.11356989062013811
GTHP,0.0,-0.5110645077906215
GTHRD,0.0,-0.2839247265503453
GTHS,0.0,0.0
GTPCI,0.0,-0.321781356757058
GTPCII,0.00022112849879667317,0.0
GTPDPDP,0.0,-0.11356989062013811
GTPDPK,0.0,0.0
GUAPRT,0.0,0.0
GUI1,0.0,-0.0
GUI2,0.0,-0.0
H2CO3D,0.0,-0.0
H2Ot,-0.01702447668944007,-0.0
H2St,0.0,-0.0
H2td,0.0,-0.0
HACD1,0.0,-0.0
HACD2,0.0,0.0
HACD3,0.0,0.0
HACD4,0.0,0.0
HACD5,0.0,0.0
HACD6,0.0,0.0
HACD7,0.0,0.0
HACD9,0.0,0.0
HADPCOADH3,0.0,0.0
HBZOPT,0.0,0.037856630206712705
HCYSMT,0.0,0.0
HDCAt2,0.0,-0.018928315103356352
HDCAtr,0.0,-0.0
HDG3PACT,0.0,-0.0
HEMEOS,0.0,0.0
HEPK1,0.0,-0.05678494531006906
HEPK2,0.0,-0.05678494531006906
HEPT1,0.0,0.28392472655034523
HEPT2,0.0,0.28392472655034523
HEPT3,0.0,0.28392472655034523
HETZK,0.0,-0.05678494531006906
HEX1,0.0,0.15142652082685082
HEX10,0.0,-0.037856630206712705
HEX4,0.14898579,0.0
HEX7,0.0,0.15142652082685082
HEXSabc,0.0,-0.037856630206712705
HEXb,0.0,0.15142652082685082
HG2abc,0.0,0.0
HIBD,0.0,0.0
HISD,0.0,-0.1703548359302074
HISTD,0.0,0.15142652082685104
HISTDOX,0.0,0.15142652082685104
HISTLOX,0.0,0.0
HISTP,0.0,0.0
HISabc,0.001311341776835881,0.0
HKNDDH,0.0,0.11356989062013834
HKNTDH,0.0,0.2082114661369201
HKt,0.0,-0.018928315103356352
HMBS,0.0,-0.5299928228939788
HMPK1,0.0,0.15142652082685082
HOPNTAL,0.0,0.07571326041342541
HPPK,0.0,-0.09464157551678176
HPPK2,0.0,-0.09464157551678176
HPPPNDO,0.0,-0.37856630206712705
HPPPNte,0.0,-0.0
HPYRI,0.0,-0.037856630206712705
HSDx,0.0,0.0
HSDy,0.0,0.0
HSK,0.0,0.0
HSST,0.0,-0.22713978124027645
HSTPTr,0.0,-0.0
HXPRT,0.0,0.0
HYD1,0.0,-0.05678494531006906
HYD2,0.0,-0.05678494531006906
HYD3,0.0,-0.09464157551678176
HYXNti,0.0,0.11356989062013811
IAHDGK,0.0,-0.05678494531006906
IAPDGK,0.0,-0.05678494531006906
IBCOATA,0.0,0.738204289030898
ICDHy,0.0,0.18928315103356375
ICHORS,0.0,-0.07571326041342541
ICHORT,0.0,0.05678494531006906
ICL,0.0,0.1324982057234947
IG3PS,0.0,0.07571326041342563
IGPDH,0.0,0.0
IGPS,0.0,0.037856630206712705
IHDCOATA,0.0,0.0
IHDGK,0.0,-0.05678494531006906
IHPDCOATA,0.0,-0.738204289030898
IHXDGK,0.0,-0.05678494531006906
ILETA,0.0,-0.1703548359302074
ILEabc,0.0,-0.018928315103356352
ILEt2r,0.004000298187760904,0.0
IMPC,0.0,-0.34070967186041456
IMPD,0.0,-0.11356989062013811
INDOLEt2r,0.0,-0.0
INSH,0.0,0.11356989062013811
INSK,0.0,0.2839247265503455
INSt2,0.0,-0.018928315103356352
IPDCOATA,0.0,-0.738204289030898
IPDDI,0.0,0.0
IPDGK,0.0,-0.05678494531006906
IPDPS,0.013092605740979556,0.0
IPDPS2,0.0,0.0
IPMDr,0.0,0.018928315103356352
IPPMIa,0.0,0.0
IPPMIb,0.0,0.0
ISETACabc,0.0,-0.037856630206712705
ITDCOATA,0.0,-0.738204289030898
ITDGK,0.0,-0.05678494531006906
IVCOATA,0.0,0.738204289030898
IZPN,0.0,-0.018928315103356352
KARA1,0.0,0.0
KARA2,0.0,-0.0
KARA3,0.0,-0.0
KAS14,0.0,0.0
KAS_HP,0.0,0.0
KDOCT2,0.0,-0.18928315103356336
KDOPP,0.0,0.018928315103356352
KDOPSr,0.0,-0.09464157551678176
KG6PDC,0.0,0.037856630206712705
Kt1r,0.00011056424939833658,0.0
Kt3,0.0,-0.018928315103356352
L2A6ODs,0.0,0.0
LACZ,0.0,0.0
LARGNAT,0.0,-0.15142652082685104
LCADi,0.0,-0.018928315103356352
LCARRy,0.0,0.018928315103356352
LCARS,0.0,0.018928315103356352
LCTSt,0.0,-0.018928315103356352
LCYSTabc,0.0,-0.037856630206712705
LDH_D,0.0,0.0
LDH_D2,0.0,-0.07571326041342541
LDH_L,0.0,0.018928315103356352
LEUTA,0.0,-0.1703548359302074
LEUabc,0.0,-0.018928315103356352
LEUt2r,0.006210478864070777,0.0
LGTHL,0.0,-0.13249820572349447
LPADSS,0.0,0.24606809634363264
LPAMS,0.0,0.0
LPLIPAL1A120,0.0,0.0
LPLIPAL1A140,0.0,0.0
LPLIPAL1A141,0.0,0.0
LPLIPAL1A160,0.0,0.0
LPLIPAL1A161,0.0,0.0
LPLIPAL1A180,0.0,0.0
LPLIPAL1A181,0.0,0.0
LPLIPAL1E120,0.0,0.0
LPLIPAL1E140,0.0,0.0
LPLIPAL1E141,0.0,0.0
LPLIPAL1E160,0.0,0.0
LPLIPAL1E161,0.0,0.0
LPLIPAL1E180,0.0,0.0
LPLIPAL1E181,0.0,0.0
LPLIPAL1G120,0.0,0.0
LPLIPAL1G140,0.0,0.0
LPLIPAL1G141,0.0,0.0
LPLIPAL1G160,0.0,0.0
LPLIPAL1G161,0.0,0.0
LPLIPAL1G180,0.0,0.0
LPLIPAL1G181,0.0,0.0
LPLIPAL2A120,0.0,0.0
LPLIPAL2A140,0.0,0.0
LPLIPAL2A141,0.0,0.0
LPLIPAL2A160,0.0,0.0
LPLIPAL2A161,0.0,0.0
LPLIPAL2A180,0.0,0.0
LPLIPAL2A181,0.0,0.0
LPLIPAL2E120,0.0,0.0
LPLIPAL2E140,0.0,0.0
LPLIPAL2E141,0.0,0.0
LPLIPAL2E160,0.0,0.0
LPLIPAL2E161,0.0,0.0
LPLIPAL2E180,0.0,0.0
LPLIPAL2E181,0.0,0.0
LPLIPAL2G120,0.0,0.0
LPLIPAL2G140,0.0,0.0
LPLIPAL2G141,0.0,0.0
LPLIPAL2G160,0.0,0.0
LPLIPAL2G161,0.0,0.0
LPLIPAL2G180,0.0,0.0
LPLIPAL2G181,0.0,0.0
LTHRK,0.0,-0.07571326041342541
LYSDC,0.0,0.018928315103356352
LYSabc,0.0,-0.018928315103356352
LYSt2r,0.004722348117245264,0.0
LYSt3,0.0,-0.037856630206712705
L_AROND,0.0,0.037856630206712705
L_LACD,0.0,0.018928315103356352
L_LACD2,0.0,-0.05678494531006906
L_LACD3,0.0,-0.05678494531006906
L_LACt2r,0.0,-0.0
M1PD,0.0,0.09464157551678176
MACCOAT,0.0,0.0
MADGBG,0.0,-0.037856630206712705
MALCOACD,0.0,0.7192759739275416
MALCOAMT,0.0,0.0
MALDDH,0.0,0.07571326041342541
MALFADOi,0.0,-0.07571326041342541
MALNAt,0.0,0.22713978124027645
MALT,0.0,-0.07571326041342541
MALT6PH,0.0,0.0
MALTATr,0.0,-0.037856630206712705
MALTHXabc,0.0,0.22713978124027628
MALTTRabc,0.0,-0.037856630206712705
MALTabc,0.0,-0.037856630206712705
MALTpts,0.0,0.07571326041342541
MALt2,0.0,0.2082114661369201
MAN1PT2,0.0,-0.24606809634363258
MAN6PI,0.14898579,0.0
MAN6Pt6_2,0.0,0.13249820572349447
MANA4,0.0,0.0
MANAO,0.0,-0.018928315103356352
MANTRabc,0.0,0.0
MANabc,0.14898579,0.0
MANpts,0.0,0.037856630206712705
MBDGBG,0.0,-0.037856630206712705
MCITD,0.0,0.0
MCITL2,0.0,0.18928315103356375
MCITS,0.0,-0.30285304165370186
MCOATA,0.0,0.8139175494443234
MCSNAH1r,0.0,-0.09464157551678198
MDH,0.0,0.0
MDH2,0.0,-0.07571326041342541
MDH3,0.0,-0.07571326041342541
ME1,0.0,-0.15142652082685104
ME2,0.0,-0.15142652082685104
MECDPDH2,0.01440186631507751,0.0
MECDPS,0.01440186631507751,0.0
MELIBt2r,0.0,-0.018928315103356352
MELTOX,0.0,-0.30285304165370164
MEPCT,0.01440186631507751,0.0
METALA1c,0.0,-0.0
METALAabc,0.0,-0.09464157551678198
METAT,0.00011056424939833658,0.0
METB1,0.0,-0.07571326041342563
METDabc,0.0,0.0
METFR,0.0,-0.037856630206712705
METS,0.0,0.0
METSOX1abc,0.0,0.0
METSOX2abc,0.0,0.0
METSOXR1r,0.0,0.018928315103356352
METabc,0.0022248963370295996,0.0
MG2abc,0.0,-0.037856630206712705
MGSA,0.0,-0.09464157551678176
MGt5,-0.00011056424939833658,-0.0
MI1PP,0.0,0.018928315103356352
MI3PP,0.0,0.018928315103356352
MI4PP,0.0,0.018928315103356352
MICITDr,0.0,0.0
MLTP1,0.0,2.7755575615628914e-17
MLTP2,0.0,-0.0
MLTP3,0.0,-0.0
MMCD,0.0,0.8328458645476797
MMM2r,0.0,-0.0
MMSAD1,0.0,0.037856630206712705
MMSAD2,0.0,0.018928315103356352
MMSAD3,0.0,0.05678494531006906
MNLpts,0.0,0.0
MNNH,0.0,0.11356989062013811
MNabc,0.0,-0.018928315103356352
MNt2,0.00011056424939833658,0.0
MOAT,0.0,0.11356989062013795
MOHMT,0.00022112849879667298,0.0
MOPSabc,0.0,-0.037856630206712705
MSO3abc,0.0,-0.037856630206712705
MTAN,0.0,0.0
MTHFC,0.0,-0.0
MTHFD,0.0,0.0
MTHPTGHM,0.0,0.018928315103356352
NACt2r,0.0,-0.0
NADH10,0.0,-0.07571326041342541
NADH5,0.0,-0.07571326041342541
NADH6,0.0,-0.009464157551678176
NADH9,0.0,-0.07571326041342541
NADK,0.0,0.0
NADK2,0.00011056424939833295,0.0
NADS1,0.0,0.037856630206712705
NADS2,0.00022112849879667848,2.7755575615628914e-17
NAPRT,0.0,0.24606809634363264
NAt3,0.0,-0.018928315103356352
NDPK1,0.0,0.0
NDPK2,0.0,0.0
NDPK3,0.0,0.0
NDPK4,0.0,0.0
NDPK5,0.0,0.0
NDPK6,0.0,0.0
NDPK7,0.0,0.0
NDPK8,0.0,0.0
NDPK9,0.0,5.551115123125783e-17
NH4tb,0.0,-0.1324982057234947
NIabc,0.0,-0.037856630206712705
NMNAT,0.0,0.4542795624805525
NMNP,0.0,0.0
NMNPH,0.0,0.05678494531006906
NMNS,0.0,-0.2082114661369201
NNAM,0.0,-0.11356989062013834
NNATr,0.00022112849879667848,0.0
NNDMBRT,0.0,-0.4732078775839091
NNDPR,0.00022112849879667848,2.7755575615628914e-17
NO2rPmq,0.0,0.2839247265503453
NO2rPuq,0.0,0.2839247265503453
NO2t2,0.0,0.1987473085852417
NO3R1,0.0,0.0
NO3R2,0.0,0.0
NO3abc,0.0,0.3123171992053798
NO3rPmq,0.0,0.09464157551678176
NO3rPuq,0.0,0.09464157551678176
NO3t2,0.0,0.33124551430873617
NO3t7,0.0,0.13249820572349447
NODOx,0.0,0.0
NODOy,0.0,0.0
NOPHMO,0.0,-0.321781356757058
NP1_r,0.0,-0.13249820572349447
NPHS,0.0,0.0
NT5C,0.0,-0.45427956248055273
NTD1,0.0,0.0
NTD10,0.0,-0.22713978124027645
NTD11,0.0,-0.3217813567570582
NTD2,0.0,-0.03785663020671276
NTD3,0.0,-0.0946415755167816
NTD4,0.0,-0.037856630206712705
NTD5,0.0,-0.15142652082685087
NTD5_a,0.0,0.018928315103356352
NTD6,0.0,-0.22713978124027617
NTD7,0.0,-0.24606809634363253
NTD8,0.0,-0.20821146613691988
NTD9,0.0,-0.22713978124027623
NTPTP1,0.0,-0.24606809634363258
NTRARx,0.0,-0.11356989062013811
NTRARy,0.0,-0.11356989062013811
NTRIR2x,0.0,-0.25553225389531076
NTRIR2y,0.0,-0.2555322538953112
NTRIR5,0.0,0.255532253895311
O2t,0.0,0.0
OAASr,0.0,0.2839247265503455
OBTFL,0.0,-0.09464157551678198
OCBT,0.0,4.440892098500626e-16
OCDCAt2,0.0,-0.018928315103356352
OCDCAtr,0.0,-0.0
OCOAT1,0.0,0.05678494531006906
OHPBAT,0.0,0.15142652082685104
OMCDC,0.0,0.0
OMPDC,0.0,0.24606809634363264
OP4ENH,0.0,0.0
OPHBDC,0.0,0.0
ORNDC,0.0,0.0
ORNTAC,0.0,0.1703548359302074
ORNabc,0.0,0.0
OROTPT,0.0,-0.22713978124027645
P5CD,0.0,-0.037856630206712705
P5CRyr,-0.003050023849192467,-0.0
PAAMOR,0.0,0.28392472655034523
PACCOAL,0.0,-0.8139175494443234
PANTS,0.00022112849879667298,5.551115123125783e-17
PAPPT2,0.0,0.0
PAPPT3,0.0013092605740979556,-1.1102230246251565e-16
PBt,0.0,0.0
PC11M,0.0,-0.018928315103356352
PC17M,0.0,-0.05678494531006906
PC20M,0.0,-0.018928315103356352
PC6AR,0.0,0.018928315103356352
PC6YM,0.0,-0.018928315103356352
PC8XM,0.0,0.018928315103356352
PCAB,0.0,-0.018928315103356352
PDHa,0.20355140773977476,0.0
PDHbr,0.20355140773977476,0.0
PDHc,0.20355140773977476,0.0
PDX5PO,0.0,-0.07571326041342541
PDX5PO2,0.0,0.0
PDX5PS,0.0,-0.07571326041342541
PDX5PSYN,0.0,-0.05678494531006906
PEPGLY,0.0013092605740979556,0.0
PERD,0.0,-0.18928315103356352
PFK,0.0,0.0
PFK_2,0.0,0.0
PFK_3,0.16303721008969438,0.0
PFL,0.29843006471581257,0.0
PGAMT,-0.0026185211481959112,-0.0
PGCDr,0.0,-0.0
PGI,0.0,-0.0
PGK,-0.5273908908407616,-0.0
PGL,0.0,-0.037856630206712705
PGLYCP,0.0,0.0
PGM,-0.5273908908407616,-0.0
PGMT,0.0,0.4164229322738398
PGPP120,0.0,0.018928315103356352
PGPP140,0.0,0.018928315103356352
PGPP141,0.0,0.018928315103356352
PGPP160,0.0,0.018928315103356352
PGPP161,0.0,0.018928315103356352
PGPP180,0.0,0.018928315103356352
PGPP181,0.0,0.018928315103356352
PGPPAI15,0.0,0.018928315103356352
PGPPAI17,0.0,0.018928315103356352
PGPPI14,0.0,0.018928315103356352
PGPPI15,0.0,0.018928315103356352
PGPPI16,0.0,0.018928315103356352
PGPPI17,0.0,0.018928315103356352
PGSA120,0.0,0.0946415755167816
PGSA140,0.0,0.0946415755167816
PGSA141,0.0,0.0946415755167816
PGSA160,0.0,0.0946415755167816
PGSA161,0.0,0.0946415755167816
PGSA180,0.0,0.0946415755167816
PGSA181,0.0,0.0946415755167816
PGSAAI15,0.0,0.0946415755167816
PGSAAI17,0.0,0.0946415755167816
PGSAI14,0.0,0.0946415755167816
PGSAI15,0.0,0.0946415755167816
PGSAI16,0.0,0.0946415755167816
PGSAI17,0.0,0.0946415755167816
PHETA1,0.0,-0.0
PHEt2r,0.0025563399072097283,0.0
PHTHRDH,0.0,-0.018928315103356352
PHYQS,0.0,-0.018928315103356352
PIabc,0.0,-0.018928315103356352
PIt6b,-0.0964081856022417,-0.0
PIt7ir,0.0,0.018928315103356352
PLIPA1A120,0.0,-0.018928315103356352
PLIPA1A140,0.0,-0.018928315103356352
PLIPA1A141,0.0,-0.018928315103356352
PLIPA1A160,0.0,-0.018928315103356352
PLIPA1A161,0.0,-0.018928315103356352
PLIPA1A180,0.0,-0.018928315103356352
PLIPA1A181,0.0,-0.018928315103356352
PLIPA1E120,0.0,-0.018928315103356352
PLIPA1E140,0.0,-0.018928315103356352
PLIPA1E141,0.0,-0.018928315103356352
PLIPA1E160,0.0,-0.018928315103356352
PLIPA1E161,0.0,-0.018928315103356352
PLIPA1E180rev,0.0,0.018928315103356352
PLIPA1E181,0.0,-0.018928315103356352
PLIPA1G120,0.0,-0.018928315103356352
PLIPA1G140,0.0,-0.018928315103356352
PLIPA1G141,0.0,-0.018928315103356352
PLIPA1G160,0.0,-0.018928315103356352
PLIPA1G161,0.0,-0.018928315103356352
PLIPA1G180,0.0,-0.018928315103356352
PLIPA1G181,0.0,-0.018928315103356352
PLIPA2A120,0.0,-0.018928315103356352
PLIPA2A140,0.0,-0.018928315103356352
PLIPA2A141,0.0,-0.018928315103356352
PLIPA2A160,0.0,-0.018928315103356352
PLIPA2A161,0.0,-0.018928315103356352
PLIPA2A180,0.0,-0.018928315103356352
PLIPA2A181,0.0,-0.018928315103356352
PLIPA2E120,0.0,-0.018928315103356352
PLIPA2E140,0.0,-0.018928315103356352
PLIPA2E141,0.0,-0.018928315103356352
PLIPA2E160,0.0,-0.018928315103356352
PLIPA2E161,0.0,-0.018928315103356352
PLIPA2E180,0.0,-0.018928315103356352
PLIPA2E181,0.0,-0.018928315103356352
PLIPA2G120,0.0,-0.018928315103356352
PLIPA2G140,0.0,-0.018928315103356352
PLIPA2G141,0.0,-0.018928315103356352
PLIPA2G160,0.0,-0.018928315103356352
PLIPA2G161,0.0,-0.018928315103356352
PLIPA2G180,0.0,-0.018928315103356352
PLIPA2G181,0.0,-0.018928315103356352
PMACPME,0.0,-0.018928315103356352
PMANM,0.0,0.17035483593020717
PMDPHT,0.00022112849879667317,0.0
PMPK,0.0,-0.11356989062013811
PMTCOATA,0.0,-0.738204289030898
PNP,0.0,0.11356989062013811
PNTK,0.00022112849879667298,0.0
PNTOt4,0.0,0.2839247265503456
POR4,0.0,-0.018928315103356352
POX,0.0,-0.11356989062013811
PPA,0.0,0.0
PPAKr,0.0,-0.0
PPAt2,0.0,-0.018928315103356352
PPAt2i,0.0,0.0
PPAt2r,0.0,0.0
PPBNGS,0.0,-0.018928315103356352
PPCDC,0.00022112849879667298,0.0
PPCK,0.0,-0.15142652082685104
PPCr,0.0,-0.11356989062013834
PPGPPDP,0.0,0.0
PPIt2e,0.05336116041422128,0.0
PPM,-0.004157365284186383,-0.0
PPNCL3,0.0,-5.551115123125783e-17
PPND,0.0,0.18928315103356375
PPND2,0.0,0.18928315103356375
PPNDH,0.0,0.2082114661369201
PPOR,0.0,-0.47320787758390903
PPPGO3,0.0,-0.3596379869637707
PPPNDO,0.0,-0.321781356757058
PPPNt2r,0.0,-0.018928315103356352
PPS,0.0,-0.037856630206712705
PRAGS,0.0,-0.18928315103356352
PRAI,0.0,0.0
PRAIS,0.0,0.0
PRAMPC,0.0,0.0
PRASCSi,0.0,0.09464157551678198
PRATPP,0.0,0.0
PRFGS,0.0,0.0
PRMICI,0.0,0.0
PRO1x,0.0,0.0
PROD2,0.0,-0.07571326041342541
PROD3,0.0,-0.0
PRODTHLOX,0.0,-0.018928315103356352
PROabc,0.0,-0.037856630206712705
PROt2r,0.0,-0.018928315103356352
PROt4,0.0,0.0
PROte,0.0,0.0
PRPPS,0.006696356172110025,1.1102230246251565e-16
PSCVT,0.0,-0.0
PSD120,0.0,0.037856630206712705
PSD140,0.0,0.037856630206712705
PSD141,0.0,0.037856630206712705
PSD160,0.0,0.037856630206712705
PSD161,0.0,0.037856630206712705
PSD180,0.0,0.037856630206712705
PSD181,0.0,0.037856630206712705
PSDAI15,0.0,0.037856630206712705
PSDAI17,0.0,0.037856630206712705
PSDI14,0.0,0.037856630206712705
PSDI15,0.0,0.037856630206712705
PSDI16,0.0,0.037856630206712705
PSDI17,0.0,0.037856630206712705
PSERT,0.0,0.018928315103356574
PSP_L,0.0,0.037856630206712705
PSSA120,0.0,0.0946415755167816
PSSA140,0.0,0.0946415755167816
PSSA141,0.0,0.0946415755167816
PSSA160,0.0,0.0946415755167816
PSSA161,0.0,0.0946415755167816
PSSA180,0.0,0.0946415755167816
PSSA181,0.0,0.0946415755167816
PSSAAI15,0.0,0.0946415755167816
PSSAAI17,0.0,0.0946415755167816
PSSAI14,0.0,0.0946415755167816
PSSAI15,0.0,0.0946415755167816
PSSAI16,0.0,0.0946415755167816
PSSAI17,0.0,0.0946415755167816
PTA2,0.0,0.0
PTAr,0.38737361788881475,0.0
PTPAT,0.00022112849879667298,0.0
PTRCTA,0.0,0.0
PTRCabc,0.0,-0.037856630206712705
PUNP1,0.0,0.13249820572349447
PUNP2,0.0,-0.018928315103356352
PUNP3,0.0,0.1514265208268506
PUNP4,0.0,-2.220446049250313e-16
PUNP5,0.0,0.24606809634363258
PUNP6,0.0,0.09464157551678176
PUNP7,0.0,0.15142652082685082
PUTA3,0.0,-0.037856630206712705
PYAM5POr,0.0,-0.22713978124027645
PYDAMK,0.0,0.0
PYDAMtr,0.0,-0.0
PYDXK,0.00011056424939833658,0.0
PYDXNK,0.0,-0.018928315103356352
PYDXNtr,0.0,0.0
PYDXtr,0.00011056424939833658,0.0
PYK,0.5018810367261802,0.0
PYNP2r,-0.004157365284186383,-0.0
QULNS,0.00022112849879667848,0.0
R05224,0.0,0.11356989062013856
RAFGH,0.0,0.0
RAFH,0.0,0.0
RB5PE,0.0,-0.0
RBFK,0.00011056424939833658,0.0
RBFSa,0.00044225699759334634,0.0
RBFSb,0.00022112849879667317,0.0
RBK,0.0,0.09464157551678176
RBK_D,0.0,0.09464157551678176
RBK_L1,0.0,-0.05678494531006906
RBP4E,0.0,0.15142652082685082
RE1944C,0.0,-0.32178135675705793
RE3009C,0.0,0.28392472655034523
RE3351C,0.0,-0.0
RE3352C,0.0,-0.0
RHCCE,0.0,0.0
RIBABCte,0.0,-0.037856630206712705
RIBabc,0.0,-0.037856630206712705
RMI,0.0,0.0
RMK,0.0,-0.05678494531006906
RMK2,0.0,-0.05678494531006906
RMNt2,0.0,-0.018928315103356352
RMPA,0.0,0.11356989062013811
RNDR1,0.0,0.0
RNDR2,0.0,0.0
RNDR3,0.0,0.0
RNDR4,0.0,0.0
RNTR1,0.00016631216709123107,0.0
RNTR2,0.00016631216709123107,0.0
RNTR3,0.00016631216709123107,0.0
RNTR4,0.00016631216709123115,0.0
RPE,-0.007530652302593158,-0.0
RPI,-0.007088395304999811,-0.0
RZ5PP,0.0,0.018928315103356352
S7PIr,0.0,-0.0
SADH,0.0,-0.20821146613692032
SADT,0.0,-0.32178135675705793
SADT2,0.0,-0.3596379869637707
SBTD_D2,0.0,-0.05678494531006906
SBTPD,0.0,0.15142652082685082
SBTpts,0.0,-0.05678494531006906
SDPDS,0.0013092605740979556,0.0
SDPTA,-0.0013092605740979556,-0.0
SELNPS,0.0,-0.05678494531006906
SELRdmq,0.0,0.09464157551678176
SELRmq,0.0,0.09464157551678176
SEPHCHS,0.0,-0.1324982057234947
SERATi,0.0,0.0
SERD_D,0.0,-0.09464157551678198
SERt2r,0.0033563400818265397,0.0
SGAT,0.0,0.0
SGDS,0.0,0.15142652082685104
SGSAD,0.0,-0.037856630206712705
SHCHCC,0.0,0.0
SHCHCC2,0.0,0.037856630206712705
SHCHD2,0.0,-0.018928315103356352
SHCHF,0.0,0.0
SHK3Dr,0.0,-0.037856630206712705
SHKK,0.0,0.0
SHSL1r,0.0,0.037856630206712705
SHSL2,0.0,0.1324982057234947
SHSL4r,0.0,0.1324982057234947
SNCOAT,0.0,-0.7760609192376107
SO4t2,0.00011056424939833658,0.0
SOTA,0.0,-0.15142652082685104
SPMDAT1,0.0,0.0
SPMDAT2,0.0,0.0
SPMDabc,0.0,-0.09464157551678176
SPODM,0.0,0.6246343984107596
SRBL1PR,0.0,0.0
SSALxr,0.0,0.09464157551678198
SSALyr,0.0,0.09464157551678198
STCOATA,0.0,0.0
STYSGH,0.0,0.0
STYSabc,0.0,-0.037856630206712705
SUCBZL,0.0,-0.8139175494443234
SUCBZS,0.0,0.0
SUCCt2_3,0.0,-0.037856630206712705
SUCCt2r,0.0,0.0
SUCD1,-0.21970479162654358,-0.0
SUCD4,0.0,0.0
SUCDi,0.0,0.0
SUCDimq,0.0,0.0
SUCOAS,0.2212351806994382,0.0
SUCR,0.0,0.0
SUCRt2,0.0,-0.09464157551678176
SULFACabc,0.0,-0.037856630206712705
SULR,0.0,-0.07571326041342563
TAGURr,0.0,-0.018928315103356352
TALA,-0.16680253624099095,-0.0
TARCGLYLi,0.0,0.037856630206712705
TARTD,0.0,0.2460680963436328
TARTRDH,0.0,-0.018928315103356352
TARTRDH2,0.0,-0.018928315103356352
TAUDO,0.0,-0.3596379869637707
TAURabc,0.0,-0.037856630206712705
TCBO,0.0,-0.09464157551678176
TDCOATA,0.0,0.0
TDG3PACT,0.0,-0.0
TDPADGAT,0.0,-0.05678494531006906
TDPGDH,0.0,0.0
TDSK,0.0,-0.05678494531006906
TECA5S140,0.0,-0.0
TECA5S160,0.0,-0.0
TECA5S180,0.0,-0.0
TECA5SAI15,0.0,-0.0
TECA5SAI17,0.0,-0.0
TECA5SI14,0.0,-0.0
TECA5SI15,0.0,-0.0
TECA5SI16,0.0,-0.0
TECA5SI17,0.0,-0.0
TFMO2,0.0,-0.24606809634363258
TGBPA,0.0,-0.0
THD1,-0.2595432395619858,-0.0
THD2,0.0,-0.037856630206712705
THDPS,0.0013092605740979556,0.0
THIORDXi,0.0,-0.22713978124027623
THMDt2r,0.0,-0.018928315103356352
THMPPC,0.0,0.0
THMabc,0.0,-0.037856630206712705
THRAi,0.0,0.018928315103356352
THRD,0.0,0.0
THRD_L,0.0,0.0
THRPD,0.0,0.037856630206712705
THRS,0.0,-0.09464157551678176
THRt2r,0.0034920316687709323,0.0
THSFST,0.0,0.0
THSr1dmq,0.0,0.09464157551678176
THSr1mq,0.0,0.09464157551678176
THZPSN,0.0,-0.3217813567570582
TKT1,-0.003765326151296572,-0.0
TKT2,-0.0037653261512965858,-0.0
TMAOR1,0.0,0.11356989062013811
TMAOR1e,0.0,0.09464157551678176
TMAOR2,0.0,0.11356989062013811
TMAOR2e,0.0,0.09464157551678176
TMDK1,0.0,0.11356989062013817
TMDPP,0.0,-0.0
TMDS,0.00016631216709123115,0.0
TMK,0.0,-0.05678494531006906
TMPK,0.0,0.0
TMPPP,0.0,0.037856630206712705
TPI,0.38252087321744127,0.0
TRDOXOX,0.0,-0.018928315103356352
TRDRr,0.0006652486683649244,0.0
TRE6PH,0.0,0.13249820572349447
TRE6PP,0.0,0.018928315103356352
TRE6PS,0.0,0.05678494531006911
TREH,0.0,-0.07571326041342541
TREpts,0.0,-0.05678494531006906
TRPAS2i,0.0,-0.07571326041342563
TRPS1,0.0,0.11356989062013811
TRPS2,0.0,-0.018928315103356352
TRPS3,0.0,0.13249820572349447
TRPTA,0.0,-0.0
TRPt2r,0.0007809040776582132,0.0
TRSARr,0.0,0.05678494531006906
TRSARry,0.0,0.05678494531006906
TSULabc,0.0,-0.037856630206712705
TTDCAt2,0.0,-0.018928315103356352
TTDCAtr,0.0,-0.0
TTHrdmq,0.0,0.05678494531006906
TTHrmq,0.0,0.05678494531006906
TYRTA,0.0,-0.0
TYRt2r,0.0019006902555544199,0.0
U23GAAT,0.0,0.0
UAAGDS,0.0013092605740979556,-2.7755575615628914e-17
UAG2E,0.0,-0.0
UAG2EMA,0.0,-0.0
UAG4E,0.0,-0.3407096718604144
UAGAAT,0.0,-0.32178135675705805
UAGCVT_r,0.0013092605740979556,0.0
UAGDP,0.0026185211481959112,0.0
UAGPT2,0.0,0.0
UAGPT3,0.0013092605740979556,0.0
UAMAGS,0.0013092605740979556,0.0
UAMAS,0.0013092605740979556,0.0
UAPGR,0.0013092605740979556,0.0
UDCPDP,0.0013092605740979556,0.0
UDCPDPS,0.0013092605740979556,0.0
UDPG4E,0.0,0.0
UDPGDr,0.0,-0.05678494531006906
UDPGP,0.0,-0.07571326041342541
UGLT,0.0,0.0
UGMDDS,0.0013092605740979556,1.1102230246251565e-16
UHGADA,0.0,0.0
UMPK,0.005466625858284339,0.0
UPP3MT,0.0,-0.018928315103356352
UPP3S,0.0,0.0
UPPDC1,0.0,0.15142652082685082
UPPDC2b,0.0,0.15142652082685082
UPPRT,0.0,-0.03785663020671287
URAt2,0.004157365284186383,0.0
URCN,0.0,0.0
UREA,0.0,-0.20821146613692032
UREAt,0.0,-0.0
URFGTT,0.0,-0.700347658824185
URIDK3,-0.00016631216709123115,-0.0
URIK1,0.0,5.551115123125783e-17
URIK10,0.0,0.0
URIK11,0.0,0.0
URIK12,0.0,0.0
URIK13,0.0,0.0
URIK14,0.0,0.0
URIK2,0.0,5.551115123125783e-17
URIK3,0.0,0.0
URIK4,0.0,5.551115123125783e-17
URIK5,0.0,5.551115123125783e-17
URIK6,0.0,5.551115123125783e-17
URIK7,0.0,5.551115123125783e-17
URIK8,0.0,5.551115123125783e-17
URIK9,0.004157365284186383,2.7755575615628914e-17
URIt2r,0.0,0.13249820572349447
USHD,0.0,0.18928315103356358
UTPATPT,-0.006775886432382295,-0.0
VALTA,0.0,0.0
VALabc,0.0,-0.018928315103356352
VALt2r,0.006048496164988102,0.0
VPAMTr,0.00022112849879667298,0.0
XANt2,0.006475227673313346,0.0
XPPT,0.006475227673313346,0.0
XTSNH,0.0,0.018928315103356352
XTSNt2r,0.0,-0.018928315103356352
XYLI1,0.0,-0.0
XYLI2,0.0,-0.0
XYLK,0.0,0.09464157551678176
XYLabc,0.0,-0.037856630206712705
XYLt,0.0,-0.0
YUMPS,0.0,-0.17035483593020717
ZN2t4,0.0,-0.05678494531006906
ZNabc,0.00011056424939833658,0.0
dreplication,0.014157841754595306,0.0
pbiosynthesis,0.014157841754595306,0.0
r0010,0.0,-0.15142652082685082
r0060,0.0,-0.09464157551678198
r0082,0.0,0.2082114661369201
r0120,0.0,-0.321781356757058
r0127,0.0,-0.05678494531006928
r0163c,0.0,0.0
r0220,0.0,0.0
r0318i,0.0,-0.03785663020671265
r0339,0.0,0.05678494531006906
r0345,0.0,-0.0
r0398,0.0,0.018928315103356352
r0422,0.0,-0.018928315103356352
r0556ci,0.0,0.0
r0570,0.0,-0.0
r0671,0.00022112849879667298,-2.7755575615628914e-17
r0708,0.0,0.0
r0775,0.0,0.0
r0777,0.0,0.0
r0792,0.0,-0.037856630206712705
r1088,0.0,-0.0
r1144,0.0,0.018928315103356352
r1162,0.0,-0.05678494531006906
r1667,0.0,-0.018928315103356352
r2137,0.00011056424939833658,0.0
rtranscription,0.014157841754595306,0.0
sink_dmbzid,0.0,-0.0
sink_s,0.0,-0.0
biomass525,0.014157841754595306,0.0
